CCHF-Msegment-20seqs-unique-alignment-nospace_100_R_GC_0.46_avg_30.2426_std_5.51575_Tm_32.10,GATCTGAAAGGCA
CCHF-Msegment-20seqs-unique-alignment-nospace_101_F_GC_0.62_avg_31.8956_std_6.13959_Tm_38.41,TCCCACCAACGTC
CCHF-Msegment-20seqs-unique-alignment-nospace_103_F_GC_0.31_avg_31.8956_std_6.13959_Tm_25.79,TTTCTCTTTTGGT
CCHF-Msegment-20seqs-unique-alignment-nospace_103_R_GC_0.38_avg_30.2426_std_5.51575_Tm_28.95,CTCCAGTATATGT
CCHF-Msegment-20seqs-unique-alignment-nospace_105_F_GC_0.54_avg_31.8956_std_6.13959_Tm_35.25,AGACACTGACGGA
CCHF-Msegment-20seqs-unique-alignment-nospace_106_R_GC_0.38_avg_30.2426_std_5.51575_Tm_28.95,TGCCTCAATTGAT
CCHF-Msegment-20seqs-unique-alignment-nospace_108_F_GC_0.31_avg_31.8956_std_6.13959_Tm_25.79,TTTAAACCAACAG
CCHF-Msegment-20seqs-unique-alignment-nospace_109_R_GC_0.38_avg_30.2426_std_5.51575_Tm_28.95,TAAGGGCAACAAA
CCHF-Msegment-20seqs-unique-alignment-nospace_111_F_GC_0.31_avg_31.8956_std_6.13959_Tm_25.79,TTGAGACTGATTA
CCHF-Msegment-20seqs-unique-alignment-nospace_112_R_GC_0.46_avg_30.2426_std_5.51575_Tm_32.10,CCATGACAGAAAC
CCHF-Msegment-20seqs-unique-alignment-nospace_114_F_GC_0.62_avg_31.8956_std_6.13959_Tm_38.41,CACAACACCACCG
CCHF-Msegment-20seqs-unique-alignment-nospace_115_R_GC_0.62_avg_30.2426_std_5.51575_Tm_38.41,TGCAGGAAGGCCA
CCHF-Msegment-20seqs-unique-alignment-nospace_117_F_GC_0.69_avg_31.8956_std_6.13959_Tm_41.56,GTCTGCCCAGCAG
CCHF-Msegment-20seqs-unique-alignment-nospace_118_R_GC_0.54_avg_30.2426_std_5.51575_Tm_35.25,GTACAAGAAGGCC
CCHF-Msegment-20seqs-unique-alignment-nospace_120_F_GC_0.23_avg_31.8956_std_6.13959_Tm_22.64,AACATCTAATTCA
CCHF-Msegment-20seqs-unique-alignment-nospace_121_R_GC_0.38_avg_30.2426_std_5.51575_Tm_28.95,AGAACCAGTTGAT
CCHF-Msegment-20seqs-unique-alignment-nospace_123_F_GC_0.38_avg_31.8956_std_6.13959_Tm_28.95,CAAGTATTTGCCT
CCHF-Msegment-20seqs-unique-alignment-nospace_125_R_GC_0.38_avg_30.2426_std_5.51575_Tm_28.95,TCCTGCAGATATA
CCHF-Msegment-20seqs-unique-alignment-nospace_126_F_GC_0.38_avg_31.8956_std_6.13959_Tm_28.95,TATTGAGGACAGA
CCHF-Msegment-20seqs-unique-alignment-nospace_129_F_GC_0.69_avg_31.8956_std_6.13959_Tm_41.56,AGCACAGCCCCAC
CCHF-Msegment-20seqs-unique-alignment-nospace_129_R_GC_0.23_avg_30.2426_std_5.51575_Tm_22.64,TGTTAACACATTT
CCHF-Msegment-20seqs-unique-alignment-nospace_132_F_GC_0.62_avg_31.8956_std_6.13959_Tm_38.41,CTGTCACACCGGA
CCHF-Msegment-20seqs-unique-alignment-nospace_133_R_GC_0.23_avg_30.2426_std_5.51575_Tm_22.64,CATTTTACCTAAT
CCHF-Msegment-20seqs-unique-alignment-nospace_135_F_GC_0.46_avg_31.8956_std_6.13959_Tm_32.10,CATCTCAAAGACG
CCHF-Msegment-20seqs-unique-alignment-nospace_137_R_GC_0.38_avg_30.2426_std_5.51575_Tm_28.95,TCTAAGGTGAGAT
CCHF-Msegment-20seqs-unique-alignment-nospace_138_F_GC_0.38_avg_31.8956_std_6.13959_Tm_28.95,ACAAGTAGAAGAG
CCHF-Msegment-20seqs-unique-alignment-nospace_141_F_GC_0.69_avg_31.8956_std_6.13959_Tm_41.56,AAGCCACCCGCGA
CCHF-Msegment-20seqs-unique-alignment-nospace_141_R_GC_0.38_avg_30.2426_std_5.51575_Tm_28.95,GCAATCTTCTAGA
CCHF-Msegment-20seqs-unique-alignment-nospace_145_F_GC_0.38_avg_31.8956_std_6.13959_Tm_28.95,TGCAAGAGAAATC
CCHF-Msegment-20seqs-unique-alignment-nospace_145_R_GC_0.31_avg_30.2426_std_5.51575_Tm_25.79,ATAAGGGCATATA
CCHF-Msegment-20seqs-unique-alignment-nospace_149_F_GC_0.46_avg_31.8956_std_6.13959_Tm_32.10,TGGATTGTGCTTC
CCHF-Msegment-20seqs-unique-alignment-nospace_149_R_GC_0.46_avg_30.2426_std_5.51575_Tm_32.10,GATCTAGCCAATG
CCHF-Msegment-20seqs-unique-alignment-nospace_154_F_GC_0.38_avg_31.8956_std_6.13959_Tm_28.95,TAATCGGAAAGCA
CCHF-Msegment-20seqs-unique-alignment-nospace_154_R_GC_0.31_avg_30.2426_std_5.51575_Tm_25.79,TGTCTATTTCACA
CCHF-Msegment-20seqs-unique-alignment-nospace_159_F_GC_0.54_avg_31.8956_std_6.13959_Tm_35.25,CAGAGGCCATAGT
CCHF-Msegment-20seqs-unique-alignment-nospace_159_R_GC_0.54_avg_30.2426_std_5.51575_Tm_35.25,CAACCTGTGCAAG
CCHF-Msegment-20seqs-unique-alignment-nospace_164_F_GC_0.38_avg_31.8956_std_6.13959_Tm_28.95,TCTTTTGGTTCAG
CCHF-Msegment-20seqs-unique-alignment-nospace_164_R_GC_0.38_avg_30.2426_std_5.51575_Tm_28.95,AGTACATCTGAGA
CCHF-Msegment-20seqs-unique-alignment-nospace_169_F_GC_0.38_avg_31.8956_std_6.13959_Tm_28.95,GCATCAAGATTGA
CCHF-Msegment-20seqs-unique-alignment-nospace_169_R_GC_0.31_avg_30.2426_std_5.51575_Tm_25.79,TCTTTCACATCTA
CCHF-Msegment-20seqs-unique-alignment-nospace_174_F_GC_0.54_avg_31.8956_std_6.13959_Tm_35.25,GAAGAATGGCCCA
CCHF-Msegment-20seqs-unique-alignment-nospace_174_R_GC_0.31_avg_30.2426_std_5.51575_Tm_25.79,AACACTTAAAGCA
CCHF-Msegment-20seqs-unique-alignment-nospace_179_R_GC_0.38_avg_30.2426_std_5.51575_Tm_28.95,ATCACTTGCACTT
CCHF-Msegment-20seqs-unique-alignment-nospace_180_F_GC_0.46_avg_31.8956_std_6.13959_Tm_32.10,TGCACTTGAGCAT
CCHF-Msegment-20seqs-unique-alignment-nospace_185_R_GC_0.38_avg_30.2426_std_5.51575_Tm_28.95,TAAGCAGAGCTAA
CCHF-Msegment-20seqs-unique-alignment-nospace_187_F_GC_0.38_avg_31.8956_std_6.13959_Tm_28.95,GAAGACCTAACAA
CCHF-Msegment-20seqs-unique-alignment-nospace_192_R_GC_0.46_avg_30.2426_std_5.51575_Tm_32.10,TTGTCTGTGCTTG
CCHF-Msegment-20seqs-unique-alignment-nospace_194_F_GC_0.31_avg_31.8956_std_6.13959_Tm_25.79,TTCATGTAGATGA
CCHF-Msegment-20seqs-unique-alignment-nospace_200_R_GC_0.38_avg_30.2426_std_5.51575_Tm_28.95,TGTAAATGGCCAT
CCHF-Msegment-20seqs-unique-alignment-nospace_202_F_GC_0.54_avg_31.8956_std_6.13959_Tm_35.25,AGTCCATCCAGCA
CCHF-Msegment-20seqs-unique-alignment-nospace_208_R_GC_0.31_avg_30.2426_std_5.51575_Tm_25.79,TTCTGTTGAGTTA
CCHF-Msegment-20seqs-unique-alignment-nospace_210_F_GC_0.62_avg_31.8956_std_6.13959_Tm_38.41,AGGGGCCATGTGA
CCHF-Msegment-20seqs-unique-alignment-nospace_216_R_GC_0.31_avg_30.2426_std_5.51575_Tm_25.79,TTTGTACATGCAT
CCHF-Msegment-20seqs-unique-alignment-nospace_218_F_GC_0.69_avg_31.8956_std_6.13959_Tm_41.56,CCTCAGCACAGCC
CCHF-Msegment-20seqs-unique-alignment-nospace_225_R_GC_0.23_avg_30.2426_std_5.51575_Tm_22.64,CAAACATAAAGAA
CCHF-Msegment-20seqs-unique-alignment-nospace_227_F_GC_0.38_avg_31.8956_std_6.13959_Tm_28.95,AGTACTTATCAGG
CCHF-Msegment-20seqs-unique-alignment-nospace_234_R_GC_0.54_avg_30.2426_std_5.51575_Tm_35.25,TGCAAGAAGGCCA
CCHF-Msegment-20seqs-unique-alignment-nospace_236_F_GC_0.31_avg_31.8956_std_6.13959_Tm_25.79,ACCTGACAAATTT
CCHF-Msegment-20seqs-unique-alignment-nospace_243_R_GC_0.54_avg_30.2426_std_5.51575_Tm_35.25,TCCTAGAGCCTGT
CCHF-Msegment-20seqs-unique-alignment-nospace_246_F_GC_0.38_avg_31.8956_std_6.13959_Tm_28.95,TGGAAGGTTGAAT
CCHF-Msegment-20seqs-unique-alignment-nospace_252_R_GC_0.38_avg_30.2426_std_5.51575_Tm_28.95,TTTTGCACATGCA
CCHF-Msegment-20seqs-unique-alignment-nospace_256_F_GC_0.46_avg_31.8956_std_6.13959_Tm_32.10,CTCTTCTGGTTCA
CCHF-Msegment-20seqs-unique-alignment-nospace_261_R_GC_0.54_avg_30.2426_std_5.51575_Tm_35.25,TCAGTGGAGACCT
CCHF-Msegment-20seqs-unique-alignment-nospace_266_F_GC_0.54_avg_31.8956_std_6.13959_Tm_35.25,GGGCCACGTAAAA
CCHF-Msegment-20seqs-unique-alignment-nospace_270_R_GC_0.54_avg_30.2426_std_5.51575_Tm_35.25,GCAGAAGCTTCAG
CCHF-Msegment-20seqs-unique-alignment-nospace_276_F_GC_0.38_avg_31.8956_std_6.13959_Tm_28.95,AGAGAAATTCACC
CCHF-Msegment-20seqs-unique-alignment-nospace_280_R_GC_0.54_avg_30.2426_std_5.51575_Tm_35.25,CTTGCCTGCACTT
CCHF-Msegment-20seqs-unique-alignment-nospace_286_F_GC_0.54_avg_31.8956_std_6.13959_Tm_35.25,GGCATGTGACACA
CCHF-Msegment-20seqs-unique-alignment-nospace_290_R_GC_0.38_avg_30.2426_std_5.51575_Tm_28.95,CTACAGTAGCATT
CCHF-Msegment-20seqs-unique-alignment-nospace_297_F_GC_0.46_avg_31.8956_std_6.13959_Tm_32.10,CATATCAGACCAG
CCHF-Msegment-20seqs-unique-alignment-nospace_301_R_GC_0.54_avg_30.2426_std_5.51575_Tm_35.25,AGATGCCAGAGCT
CCHF-Msegment-20seqs-unique-alignment-nospace_308_F_GC_0.31_avg_31.8956_std_6.13959_Tm_25.79,ATAATTGGAAAGC
CCHF-Msegment-20seqs-unique-alignment-nospace_312_R_GC_0.23_avg_30.2426_std_5.51575_Tm_22.64,TAAAAAGGTCTTT
CCHF-Msegment-20seqs-unique-alignment-nospace_320_F_GC_0.62_avg_31.8956_std_6.13959_Tm_38.41,GTGAGGCTTCCTC
CCHF-Msegment-20seqs-unique-alignment-nospace_323_R_GC_0.38_avg_30.2426_std_5.51575_Tm_28.95,GTGACAAATCCAT
CCHF-Msegment-20seqs-unique-alignment-nospace_332_F_GC_0.46_avg_31.8956_std_6.13959_Tm_32.10,GACACCTCAAAGA
CCHF-Msegment-20seqs-unique-alignment-nospace_336_R_GC_0.38_avg_30.2426_std_5.51575_Tm_28.95,GCTCAAGTTTTGT
CCHF-Msegment-20seqs-unique-alignment-nospace_344_F_GC_0.38_avg_31.8956_std_6.13959_Tm_28.95,ATGAACCAGATGA
CCHF-Msegment-20seqs-unique-alignment-nospace_350_R_GC_0.31_avg_30.2426_std_5.51575_Tm_25.79,CTATTGAAAGGAA
CCHF-Msegment-20seqs-unique-alignment-nospace_356_F_GC_0.38_avg_31.8956_std_6.13959_Tm_28.95,TCTGCCAAATGTT
CCHF-Msegment-20seqs-unique-alignment-nospace_364_R_GC_0.31_avg_30.2426_std_5.51575_Tm_25.79,ATTTCAGCATCTA
CCHF-Msegment-20seqs-unique-alignment-nospace_369_F_GC_0.38_avg_31.8956_std_6.13959_Tm_28.95,GGTGTAAGAGAAA
CCHF-Msegment-20seqs-unique-alignment-nospace_379_R_GC_0.46_avg_30.2426_std_5.51575_Tm_32.10,GGTGCTGATTGAA
CCHF-Msegment-20seqs-unique-alignment-nospace_382_F_GC_0.38_avg_31.8956_std_6.13959_Tm_28.95,ACTGCATATCAAG
CCHF-Msegment-20seqs-unique-alignment-nospace_394_R_GC_0.38_avg_30.2426_std_5.51575_Tm_28.95,TTTCCATCTCTAC
CCHF-Msegment-20seqs-unique-alignment-nospace_396_F_GC_0.31_avg_31.8956_std_6.13959_Tm_25.79,AACATTGAAACTG
CCHF-Msegment-20seqs-unique-alignment-nospace_40_F_GC_0.46_avg_31.8956_std_6.13959_Tm_32.10,CCCTAGTGTTAGT
CCHF-Msegment-20seqs-unique-alignment-nospace_409_R_GC_0.54_avg_30.2426_std_5.51575_Tm_35.25,ATTGCTCCCCATG
CCHF-Msegment-20seqs-unique-alignment-nospace_41_F_GC_0.31_avg_31.8956_std_6.13959_Tm_25.79,AATTGAGACATAC
CCHF-Msegment-20seqs-unique-alignment-nospace_410_F_GC_0.38_avg_31.8956_std_6.13959_Tm_28.95,ACTGCAAACATAG
CCHF-Msegment-20seqs-unique-alignment-nospace_425_F_GC_0.46_avg_31.8956_std_6.13959_Tm_32.10,AGAGTTGCACACA
CCHF-Msegment-20seqs-unique-alignment-nospace_426_R_GC_0.46_avg_30.2426_std_5.51575_Tm_32.10,TCACAGACATGTG
CCHF-Msegment-20seqs-unique-alignment-nospace_43_F_GC_0.69_avg_31.8956_std_6.13959_Tm_41.56,ACAACCCGAGCCC
CCHF-Msegment-20seqs-unique-alignment-nospace_43_R_GC_0.38_avg_30.2426_std_5.51575_Tm_28.95,GTTGTAACTGCAA
CCHF-Msegment-20seqs-unique-alignment-nospace_44_R_GC_0.46_avg_30.2426_std_5.51575_Tm_32.10,ATATGCAGTTCCC
CCHF-Msegment-20seqs-unique-alignment-nospace_45_F_GC_0.31_avg_31.8956_std_6.13959_Tm_25.79,ACTCTTTAGACAT
CCHF-Msegment-20seqs-unique-alignment-nospace_455_F_GC_0.46_avg_31.8956_std_6.13959_Tm_32.10,CAGTACGTAAGTG
CCHF-Msegment-20seqs-unique-alignment-nospace_46_R_GC_0.38_avg_30.2426_std_5.51575_Tm_28.95,GTATCTTACCGTA
CCHF-Msegment-20seqs-unique-alignment-nospace_47_F_GC_0.69_avg_31.8956_std_6.13959_Tm_41.56,CCCTCACACCGGA
CCHF-Msegment-20seqs-unique-alignment-nospace_48_R_GC_0.38_avg_30.2426_std_5.51575_Tm_28.95,TCCATCCAAACAT
CCHF-Msegment-20seqs-unique-alignment-nospace_49_F_GC_0.54_avg_31.8956_std_6.13959_Tm_35.25,CTCCACACCAACA
CCHF-Msegment-20seqs-unique-alignment-nospace_50_R_GC_0.46_avg_30.2426_std_5.51575_Tm_32.10,GCTTGTGCTTGAT
CCHF-Msegment-20seqs-unique-alignment-nospace_51_F_GC_0.54_avg_31.8956_std_6.13959_Tm_35.25,AACAGTCCGCACA
CCHF-Msegment-20seqs-unique-alignment-nospace_52_R_GC_0.31_avg_30.2426_std_5.51575_Tm_25.79,GATTTAAAGGGTT
CCHF-Msegment-20seqs-unique-alignment-nospace_53_F_GC_0.46_avg_31.8956_std_6.13959_Tm_32.10,TAACCTCAGATGG
CCHF-Msegment-20seqs-unique-alignment-nospace_54_R_GC_0.46_avg_30.2426_std_5.51575_Tm_32.10,TAGCCATTTTGCC
CCHF-Msegment-20seqs-unique-alignment-nospace_55_F_GC_0.38_avg_31.8956_std_6.13959_Tm_28.95,TTCAGATGGACTA
CCHF-Msegment-20seqs-unique-alignment-nospace_56_R_GC_0.46_avg_30.2426_std_5.51575_Tm_32.10,TTCAGCTGTTGGT
CCHF-Msegment-20seqs-unique-alignment-nospace_57_F_GC_0.54_avg_31.8956_std_6.13959_Tm_35.25,TCAGGTGACAGAC
CCHF-Msegment-20seqs-unique-alignment-nospace_58_R_GC_0.31_avg_30.2426_std_5.51575_Tm_25.79,CAATATTTTGCTG
CCHF-Msegment-20seqs-unique-alignment-nospace_59_F_GC_0.46_avg_31.8956_std_6.13959_Tm_32.10,GACCATCAACAGA
CCHF-Msegment-20seqs-unique-alignment-nospace_60_R_GC_0.54_avg_30.2426_std_5.51575_Tm_35.25,CCGGTGACAATGA
CCHF-Msegment-20seqs-unique-alignment-nospace_61_F_GC_0.31_avg_31.8956_std_6.13959_Tm_25.79,ATTCAAGTACAGA
CCHF-Msegment-20seqs-unique-alignment-nospace_62_R_GC_0.46_avg_30.2426_std_5.51575_Tm_32.10,CGTGTTGTTCTCA
CCHF-Msegment-20seqs-unique-alignment-nospace_63_F_GC_0.54_avg_31.8956_std_6.13959_Tm_35.25,GTTACCCAAGAGC
CCHF-Msegment-20seqs-unique-alignment-nospace_64_R_GC_0.38_avg_30.2426_std_5.51575_Tm_28.95,ACTATCGATCTCA
CCHF-Msegment-20seqs-unique-alignment-nospace_65_F_GC_0.23_avg_31.8956_std_6.13959_Tm_22.64,AATGCATTTGAAT
CCHF-Msegment-20seqs-unique-alignment-nospace_66_R_GC_0.31_avg_30.2426_std_5.51575_Tm_25.79,ATGAAACTACTAG
CCHF-Msegment-20seqs-unique-alignment-nospace_67_F_GC_0.46_avg_31.8956_std_6.13959_Tm_32.10,TACTTCTCTGCCA
CCHF-Msegment-20seqs-unique-alignment-nospace_68_R_GC_0.54_avg_30.2426_std_5.51575_Tm_35.25,AACAGAAGCCTCC
CCHF-Msegment-20seqs-unique-alignment-nospace_69_F_GC_0.46_avg_31.8956_std_6.13959_Tm_32.10,CAGTACAACCCAA
CCHF-Msegment-20seqs-unique-alignment-nospace_70_R_GC_0.46_avg_30.2426_std_5.51575_Tm_32.10,TCTGAGTGTCATC
CCHF-Msegment-20seqs-unique-alignment-nospace_71_F_GC_0.62_avg_31.8956_std_6.13959_Tm_38.41,CCCAGGCGATTTG
CCHF-Msegment-20seqs-unique-alignment-nospace_72_R_GC_0.38_avg_30.2426_std_5.51575_Tm_28.95,AAGCTACAATAGC
CCHF-Msegment-20seqs-unique-alignment-nospace_73_F_GC_0.38_avg_31.8956_std_6.13959_Tm_28.95,CTAGTGATGAAGT
CCHF-Msegment-20seqs-unique-alignment-nospace_74_R_GC_0.31_avg_30.2426_std_5.51575_Tm_25.79,TTGATTGCAACAT
CCHF-Msegment-20seqs-unique-alignment-nospace_75_F_GC_0.46_avg_31.8956_std_6.13959_Tm_32.10,CAGGTGAGAGAAA
CCHF-Msegment-20seqs-unique-alignment-nospace_76_R_GC_0.62_avg_30.2426_std_5.51575_Tm_38.41,TGGCAGCTGGTCT
CCHF-Msegment-20seqs-unique-alignment-nospace_77_F_GC_0.38_avg_31.8956_std_6.13959_Tm_28.95,CTGGTTCAGTTTT
CCHF-Msegment-20seqs-unique-alignment-nospace_78_R_GC_0.54_avg_30.2426_std_5.51575_Tm_35.25,TCTTGAGCCCATG
CCHF-Msegment-20seqs-unique-alignment-nospace_79_F_GC_0.31_avg_31.8956_std_6.13959_Tm_25.79,ACTTAAGGATGAA
CCHF-Msegment-20seqs-unique-alignment-nospace_80_R_GC_0.23_avg_30.2426_std_5.51575_Tm_22.64,TGGAACATTTTTA
CCHF-Msegment-20seqs-unique-alignment-nospace_81_F_GC_0.38_avg_31.8956_std_6.13959_Tm_28.95,TGGAAAGTGGAAT
CCHF-Msegment-20seqs-unique-alignment-nospace_82_R_GC_0.54_avg_30.2426_std_5.51575_Tm_35.25,TGTCGACAGCAGA
CCHF-Msegment-20seqs-unique-alignment-nospace_83_F_GC_0.38_avg_31.8956_std_6.13959_Tm_28.95,GAAGAAGACCTTA
CCHF-Msegment-20seqs-unique-alignment-nospace_84_R_GC_0.31_avg_30.2426_std_5.51575_Tm_25.79,AGATGTAGCATAT
CCHF-Msegment-20seqs-unique-alignment-nospace_85_F_GC_0.62_avg_31.8956_std_6.13959_Tm_38.41,GCTGCACACATGG
CCHF-Msegment-20seqs-unique-alignment-nospace_86_R_GC_0.62_avg_30.2426_std_5.51575_Tm_38.41,TGCTTGTGGCGGT
CCHF-Msegment-20seqs-unique-alignment-nospace_87_F_GC_0.38_avg_31.8956_std_6.13959_Tm_28.95,AGCTGTATGATCT
CCHF-Msegment-20seqs-unique-alignment-nospace_88_R_GC_0.38_avg_30.2426_std_5.51575_Tm_28.95,TCAGACTTGCAAA
CCHF-Msegment-20seqs-unique-alignment-nospace_89_F_GC_0.38_avg_31.8956_std_6.13959_Tm_28.95,CATCGAAACTGAT
CCHF-Msegment-20seqs-unique-alignment-nospace_90_R_GC_0.23_avg_30.2426_std_5.51575_Tm_22.64,TAAATAGAGCAAA
CCHF-Msegment-20seqs-unique-alignment-nospace_91_F_GC_0.62_avg_31.8956_std_6.13959_Tm_38.41,GCACGTCAGTCAC
CCHF-Msegment-20seqs-unique-alignment-nospace_92_R_GC_0.46_avg_30.2426_std_5.51575_Tm_32.10,TCCGTGAAAAGGT
CCHF-Msegment-20seqs-unique-alignment-nospace_93_F_GC_0.31_avg_31.8956_std_6.13959_Tm_25.79,AATTGAGCATAAG
CCHF-Msegment-20seqs-unique-alignment-nospace_94_R_GC_0.62_avg_30.2426_std_5.51575_Tm_38.41,AGGGGTTGGTGGT
CCHF-Msegment-20seqs-unique-alignment-nospace_95_F_GC_0.46_avg_31.8956_std_6.13959_Tm_32.10,CAATGACTGCGTT
CCHF-Msegment-20seqs-unique-alignment-nospace_96_R_GC_0.62_avg_30.2426_std_5.51575_Tm_38.41,GCCTGAGCACCTT
CCHF-Msegment-20seqs-unique-alignment-nospace_97_F_GC_0.54_avg_31.8956_std_6.13959_Tm_35.25,GACTCTGAAGGCT
CCHF-Msegment-20seqs-unique-alignment-nospace_98_R_GC_0.46_avg_30.2426_std_5.51575_Tm_32.10,CAGTAAGGACAAC
CCHF-Msegment-20seqs-unique-alignment-nospace_99_F_GC_0.69_avg_31.8956_std_6.13959_Tm_41.56,GGGGCGATTAGGC
