CCHF-Lsegment-18seqs-unique-alignment-nospace_100_F_GC_0.62_avg_30.5236_std_5.16062_Tm_38.41,AGGTGCAGAGCCA
CCHF-Lsegment-18seqs-unique-alignment-nospace_100_R_GC_0.38_avg_29.9463_std_5.72108_Tm_28.95,AGATCAGTTGAAG
CCHF-Lsegment-18seqs-unique-alignment-nospace_102_F_GC_0.54_avg_30.5236_std_5.16062_Tm_35.25,GGGTTTGTTTGCC
CCHF-Lsegment-18seqs-unique-alignment-nospace_102_R_GC_0.31_avg_29.9463_std_5.72108_Tm_25.79,ATTTGCAATCATC
CCHF-Lsegment-18seqs-unique-alignment-nospace_104_F_GC_0.46_avg_30.5236_std_5.16062_Tm_32.10,TCCCTTCAGTGTT
CCHF-Lsegment-18seqs-unique-alignment-nospace_104_R_GC_0.23_avg_29.9463_std_5.72108_Tm_22.64,TCTACCAAATATA
CCHF-Lsegment-18seqs-unique-alignment-nospace_106_F_GC_0.31_avg_30.5236_std_5.16062_Tm_25.79,AACAAACTCTCTA
CCHF-Lsegment-18seqs-unique-alignment-nospace_106_R_GC_0.31_avg_29.9463_std_5.72108_Tm_25.79,TTCCATTCTAGAA
CCHF-Lsegment-18seqs-unique-alignment-nospace_108_F_GC_0.23_avg_30.5236_std_5.16062_Tm_22.64,ATGTTGAAGATTT
CCHF-Lsegment-18seqs-unique-alignment-nospace_108_R_GC_0.31_avg_29.9463_std_5.72108_Tm_25.79,TTTACTCATTCCA
CCHF-Lsegment-18seqs-unique-alignment-nospace_110_F_GC_0.54_avg_30.5236_std_5.16062_Tm_35.25,ACCTGCAGACATC
CCHF-Lsegment-18seqs-unique-alignment-nospace_111_R_GC_0.23_avg_29.9463_std_5.72108_Tm_22.64,CATGGTATAAATT
CCHF-Lsegment-18seqs-unique-alignment-nospace_112_F_GC_0.46_avg_30.5236_std_5.16062_Tm_32.10,CTGAATCATGCTC
CCHF-Lsegment-18seqs-unique-alignment-nospace_114_R_GC_0.46_avg_29.9463_std_5.72108_Tm_32.10,TACCTTCAAGAGC
CCHF-Lsegment-18seqs-unique-alignment-nospace_115_F_GC_0.54_avg_30.5236_std_5.16062_Tm_35.25,TGTCAGGCATCGA
CCHF-Lsegment-18seqs-unique-alignment-nospace_117_R_GC_0.23_avg_29.9463_std_5.72108_Tm_22.64,TATCTGTTAATGA
CCHF-Lsegment-18seqs-unique-alignment-nospace_118_F_GC_0.31_avg_30.5236_std_5.16062_Tm_25.79,ATTATGGAAACAG
CCHF-Lsegment-18seqs-unique-alignment-nospace_120_R_GC_0.38_avg_29.9463_std_5.72108_Tm_28.95,TATCTCGTGTTAG
CCHF-Lsegment-18seqs-unique-alignment-nospace_121_F_GC_0.31_avg_30.5236_std_5.16062_Tm_25.79,TCTTCAGTGTTAA
CCHF-Lsegment-18seqs-unique-alignment-nospace_123_R_GC_0.46_avg_29.9463_std_5.72108_Tm_32.10,TCAACTATTCCCC
CCHF-Lsegment-18seqs-unique-alignment-nospace_124_F_GC_0.38_avg_30.5236_std_5.16062_Tm_28.95,GAAGACATTTCAC
CCHF-Lsegment-18seqs-unique-alignment-nospace_126_R_GC_0.46_avg_29.9463_std_5.72108_Tm_32.10,CTGACAAGTTCAG
CCHF-Lsegment-18seqs-unique-alignment-nospace_127_F_GC_0.23_avg_30.5236_std_5.16062_Tm_22.64,TAAGTTAACATTC
CCHF-Lsegment-18seqs-unique-alignment-nospace_129_R_GC_0.23_avg_29.9463_std_5.72108_Tm_22.64,TAAAACCAAATCT
CCHF-Lsegment-18seqs-unique-alignment-nospace_130_F_GC_0.46_avg_30.5236_std_5.16062_Tm_32.10,TACGGACTACAAG
CCHF-Lsegment-18seqs-unique-alignment-nospace_132_R_GC_0.46_avg_29.9463_std_5.72108_Tm_32.10,TGTGCCTATCAAG
CCHF-Lsegment-18seqs-unique-alignment-nospace_133_F_GC_0.46_avg_30.5236_std_5.16062_Tm_32.10,AAGACAGTAGCAG
CCHF-Lsegment-18seqs-unique-alignment-nospace_135_R_GC_0.46_avg_29.9463_std_5.72108_Tm_32.10,CCATCAAACTCAC
CCHF-Lsegment-18seqs-unique-alignment-nospace_136_F_GC_0.38_avg_30.5236_std_5.16062_Tm_28.95,TCACTCTGATCAA
CCHF-Lsegment-18seqs-unique-alignment-nospace_138_R_GC_0.54_avg_29.9463_std_5.72108_Tm_35.25,GCATCATACCGGA
CCHF-Lsegment-18seqs-unique-alignment-nospace_139_F_GC_0.46_avg_30.5236_std_5.16062_Tm_32.10,CTCTCTGATACTG
CCHF-Lsegment-18seqs-unique-alignment-nospace_141_R_GC_0.62_avg_29.9463_std_5.72108_Tm_38.41,GCTGCCACTTCCT
CCHF-Lsegment-18seqs-unique-alignment-nospace_144_R_GC_0.46_avg_29.9463_std_5.72108_Tm_32.10,CCATAAGCCCTTT
CCHF-Lsegment-18seqs-unique-alignment-nospace_145_F_GC_0.38_avg_30.5236_std_5.16062_Tm_28.95,AGAAGTAAGGTCA
CCHF-Lsegment-18seqs-unique-alignment-nospace_147_R_GC_0.38_avg_29.9463_std_5.72108_Tm_28.95,ATTCTTCTGCAAC
CCHF-Lsegment-18seqs-unique-alignment-nospace_148_F_GC_0.46_avg_30.5236_std_5.16062_Tm_32.10,AGTGACAGAAAGG
CCHF-Lsegment-18seqs-unique-alignment-nospace_150_R_GC_0.38_avg_29.9463_std_5.72108_Tm_28.95,AGATCTGCACATT
CCHF-Lsegment-18seqs-unique-alignment-nospace_151_F_GC_0.46_avg_30.5236_std_5.16062_Tm_32.10,ACTCTGTTCTGAC
CCHF-Lsegment-18seqs-unique-alignment-nospace_153_R_GC_0.31_avg_29.9463_std_5.72108_Tm_25.79,TTTGAAAGGTTCT
CCHF-Lsegment-18seqs-unique-alignment-nospace_154_F_GC_0.38_avg_30.5236_std_5.16062_Tm_28.95,TCTTCAACAAGCT
CCHF-Lsegment-18seqs-unique-alignment-nospace_157_F_GC_0.46_avg_30.5236_std_5.16062_Tm_32.10,GGTCTGTTTGCAA
CCHF-Lsegment-18seqs-unique-alignment-nospace_157_R_GC_0.54_avg_29.9463_std_5.72108_Tm_35.25,CTCTCTCCTCAGT
CCHF-Lsegment-18seqs-unique-alignment-nospace_160_F_GC_0.38_avg_30.5236_std_5.16062_Tm_28.95,TCAACAATGTGCT
CCHF-Lsegment-18seqs-unique-alignment-nospace_161_R_GC_0.23_avg_29.9463_std_5.72108_Tm_22.64,ACACTATTATACA
CCHF-Lsegment-18seqs-unique-alignment-nospace_163_F_GC_0.38_avg_30.5236_std_5.16062_Tm_28.95,CTTTGTGTGCTTT
CCHF-Lsegment-18seqs-unique-alignment-nospace_165_R_GC_0.15_avg_29.9463_std_5.72108_Tm_19.48,TCATCAATTTTAT
CCHF-Lsegment-18seqs-unique-alignment-nospace_166_F_GC_0.38_avg_30.5236_std_5.16062_Tm_28.95,CTGAGTCATGTAT
CCHF-Lsegment-18seqs-unique-alignment-nospace_169_F_GC_0.38_avg_30.5236_std_5.16062_Tm_28.95,CACATGAGGTTTA
CCHF-Lsegment-18seqs-unique-alignment-nospace_169_R_GC_0.38_avg_29.9463_std_5.72108_Tm_28.95,GTGAGTTCTTTGA
CCHF-Lsegment-18seqs-unique-alignment-nospace_172_F_GC_0.46_avg_30.5236_std_5.16062_Tm_32.10,GATATTTGAGCCC
CCHF-Lsegment-18seqs-unique-alignment-nospace_173_R_GC_0.54_avg_29.9463_std_5.72108_Tm_35.25,ACTGCCTTGCACT
CCHF-Lsegment-18seqs-unique-alignment-nospace_176_F_GC_0.54_avg_30.5236_std_5.16062_Tm_35.25,TGCACTCTGGACA
CCHF-Lsegment-18seqs-unique-alignment-nospace_177_R_GC_0.54_avg_29.9463_std_5.72108_Tm_35.25,CTGAGCAGACAGT
CCHF-Lsegment-18seqs-unique-alignment-nospace_180_F_GC_0.54_avg_30.5236_std_5.16062_Tm_35.25,GCAACATGGAGCT
CCHF-Lsegment-18seqs-unique-alignment-nospace_181_R_GC_0.38_avg_29.9463_std_5.72108_Tm_28.95,GAAAGAAGAATGG
CCHF-Lsegment-18seqs-unique-alignment-nospace_184_F_GC_0.38_avg_30.5236_std_5.16062_Tm_28.95,AGTGAAGTATGCT
CCHF-Lsegment-18seqs-unique-alignment-nospace_185_R_GC_0.46_avg_29.9463_std_5.72108_Tm_32.10,TTTACGCATTGCC
CCHF-Lsegment-18seqs-unique-alignment-nospace_188_F_GC_0.31_avg_30.5236_std_5.16062_Tm_25.79,CATAACATCAAAC
CCHF-Lsegment-18seqs-unique-alignment-nospace_189_R_GC_0.54_avg_29.9463_std_5.72108_Tm_35.25,CATCTACCGTGCT
CCHF-Lsegment-18seqs-unique-alignment-nospace_192_F_GC_0.54_avg_30.5236_std_5.16062_Tm_35.25,GGGTTAGCATCTC
CCHF-Lsegment-18seqs-unique-alignment-nospace_193_R_GC_0.46_avg_29.9463_std_5.72108_Tm_32.10,CCTTAGTGAAGCT
CCHF-Lsegment-18seqs-unique-alignment-nospace_196_F_GC_0.38_avg_30.5236_std_5.16062_Tm_28.95,TGAAGAGGTACAT
CCHF-Lsegment-18seqs-unique-alignment-nospace_198_R_GC_0.38_avg_29.9463_std_5.72108_Tm_28.95,TTTGTTTGATGGC
CCHF-Lsegment-18seqs-unique-alignment-nospace_200_F_GC_0.54_avg_30.5236_std_5.16062_Tm_35.25,AGCATTAGCCCTG
CCHF-Lsegment-18seqs-unique-alignment-nospace_203_R_GC_0.46_avg_29.9463_std_5.72108_Tm_32.10,GGTTGTGTGCATA
CCHF-Lsegment-18seqs-unique-alignment-nospace_204_F_GC_0.46_avg_30.5236_std_5.16062_Tm_32.10,ACAGAGAGCTCTA
CCHF-Lsegment-18seqs-unique-alignment-nospace_208_F_GC_0.46_avg_30.5236_std_5.16062_Tm_32.10,TCAGACTTGGAAC
CCHF-Lsegment-18seqs-unique-alignment-nospace_208_R_GC_0.38_avg_29.9463_std_5.72108_Tm_28.95,GACATGTCTTTGA
CCHF-Lsegment-18seqs-unique-alignment-nospace_212_F_GC_0.38_avg_30.5236_std_5.16062_Tm_28.95,TTCAAGGTGCAAA
CCHF-Lsegment-18seqs-unique-alignment-nospace_213_R_GC_0.31_avg_29.9463_std_5.72108_Tm_25.79,ATTCTTCTACAAC
CCHF-Lsegment-18seqs-unique-alignment-nospace_217_F_GC_0.46_avg_30.5236_std_5.16062_Tm_32.10,CTAGAAGGTCACT
CCHF-Lsegment-18seqs-unique-alignment-nospace_219_R_GC_0.23_avg_29.9463_std_5.72108_Tm_22.64,TCATCTTTTTGAT
CCHF-Lsegment-18seqs-unique-alignment-nospace_222_F_GC_0.46_avg_30.5236_std_5.16062_Tm_32.10,TGCTTGACCATCT
CCHF-Lsegment-18seqs-unique-alignment-nospace_225_R_GC_0.31_avg_29.9463_std_5.72108_Tm_25.79,CTTGTTTCTTAGA
CCHF-Lsegment-18seqs-unique-alignment-nospace_227_F_GC_0.54_avg_30.5236_std_5.16062_Tm_35.25,CTTCTCCTCAACG
CCHF-Lsegment-18seqs-unique-alignment-nospace_231_R_GC_0.62_avg_29.9463_std_5.72108_Tm_38.41,GCTTCCAGGCTGT
CCHF-Lsegment-18seqs-unique-alignment-nospace_232_F_GC_0.38_avg_30.5236_std_5.16062_Tm_28.95,CACAGCTCTTAAT
CCHF-Lsegment-18seqs-unique-alignment-nospace_237_F_GC_0.23_avg_30.5236_std_5.16062_Tm_22.64,CAACTTAAATCTT
CCHF-Lsegment-18seqs-unique-alignment-nospace_237_R_GC_0.38_avg_29.9463_std_5.72108_Tm_28.95,AAACAATGGAGCA
CCHF-Lsegment-18seqs-unique-alignment-nospace_242_F_GC_0.46_avg_30.5236_std_5.16062_Tm_32.10,ATGGAAGTGGAGA
CCHF-Lsegment-18seqs-unique-alignment-nospace_243_R_GC_0.31_avg_29.9463_std_5.72108_Tm_25.79,CAATCTTTTCTGA
CCHF-Lsegment-18seqs-unique-alignment-nospace_248_F_GC_0.38_avg_30.5236_std_5.16062_Tm_28.95,AAGGTCTAACTGA
CCHF-Lsegment-18seqs-unique-alignment-nospace_250_R_GC_0.38_avg_29.9463_std_5.72108_Tm_28.95,AAGCGGTCTTTAA
CCHF-Lsegment-18seqs-unique-alignment-nospace_255_F_GC_0.54_avg_30.5236_std_5.16062_Tm_35.25,ACTACCGTGACAG
CCHF-Lsegment-18seqs-unique-alignment-nospace_257_R_GC_0.54_avg_29.9463_std_5.72108_Tm_35.25,GGCATGCTTCCAA
CCHF-Lsegment-18seqs-unique-alignment-nospace_263_F_GC_0.31_avg_30.5236_std_5.16062_Tm_25.79,GGAACTTCTTAAA
CCHF-Lsegment-18seqs-unique-alignment-nospace_265_R_GC_0.31_avg_29.9463_std_5.72108_Tm_25.79,ACATTGAAAGACA
CCHF-Lsegment-18seqs-unique-alignment-nospace_272_F_GC_0.38_avg_30.5236_std_5.16062_Tm_28.95,AATATGACCTCTG
CCHF-Lsegment-18seqs-unique-alignment-nospace_274_R_GC_0.46_avg_29.9463_std_5.72108_Tm_32.10,AAGCAGCTCAATC
CCHF-Lsegment-18seqs-unique-alignment-nospace_281_F_GC_0.31_avg_30.5236_std_5.16062_Tm_25.79,AACTAGAAAGCTT
CCHF-Lsegment-18seqs-unique-alignment-nospace_284_R_GC_0.23_avg_29.9463_std_5.72108_Tm_22.64,ATACAACATAACA
CCHF-Lsegment-18seqs-unique-alignment-nospace_290_F_GC_0.31_avg_30.5236_std_5.16062_Tm_25.79,CTATCCTTAATGT
CCHF-Lsegment-18seqs-unique-alignment-nospace_294_R_GC_0.15_avg_29.9463_std_5.72108_Tm_19.48,AAATAATCAAACT
CCHF-Lsegment-18seqs-unique-alignment-nospace_300_F_GC_0.38_avg_30.5236_std_5.16062_Tm_28.95,AAACGAGATTCTG
CCHF-Lsegment-18seqs-unique-alignment-nospace_304_R_GC_0.46_avg_29.9463_std_5.72108_Tm_32.10,CCTAGCTCATTAG
CCHF-Lsegment-18seqs-unique-alignment-nospace_31_R_GC_0.31_avg_29.9463_std_5.72108_Tm_25.79,ATTTGTTTGTCTC
CCHF-Lsegment-18seqs-unique-alignment-nospace_310_F_GC_0.38_avg_30.5236_std_5.16062_Tm_28.95,TAGTGATGCCATA
CCHF-Lsegment-18seqs-unique-alignment-nospace_314_R_GC_0.46_avg_29.9463_std_5.72108_Tm_32.10,TCATCCAAGCTTG
CCHF-Lsegment-18seqs-unique-alignment-nospace_32_R_GC_0.31_avg_29.9463_std_5.72108_Tm_25.79,AAAATCAACCTTG
CCHF-Lsegment-18seqs-unique-alignment-nospace_321_F_GC_0.54_avg_30.5236_std_5.16062_Tm_35.25,GAAACAAGGCAGC
CCHF-Lsegment-18seqs-unique-alignment-nospace_324_R_GC_0.62_avg_29.9463_std_5.72108_Tm_38.41,CTCTCTCCTCAGC
CCHF-Lsegment-18seqs-unique-alignment-nospace_332_F_GC_0.38_avg_30.5236_std_5.16062_Tm_28.95,GTGTTCACTTTGA
CCHF-Lsegment-18seqs-unique-alignment-nospace_334_R_GC_0.31_avg_29.9463_std_5.72108_Tm_25.79,TTTGAGAAGTCAA
CCHF-Lsegment-18seqs-unique-alignment-nospace_34_R_GC_0.46_avg_29.9463_std_5.72108_Tm_32.10,TAATCCACCACCT
CCHF-Lsegment-18seqs-unique-alignment-nospace_343_F_GC_0.38_avg_30.5236_std_5.16062_Tm_28.95,TTGCAAACTGCTA
CCHF-Lsegment-18seqs-unique-alignment-nospace_345_R_GC_0.31_avg_29.9463_std_5.72108_Tm_25.79,TTCGATACAAACA
CCHF-Lsegment-18seqs-unique-alignment-nospace_354_F_GC_0.38_avg_30.5236_std_5.16062_Tm_28.95,CTATCGTGATAGT
CCHF-Lsegment-18seqs-unique-alignment-nospace_356_R_GC_0.38_avg_29.9463_std_5.72108_Tm_28.95,CAACTATTCCTCT
CCHF-Lsegment-18seqs-unique-alignment-nospace_36_R_GC_0.62_avg_29.9463_std_5.72108_Tm_38.41,CTAACCGCTTCCC
CCHF-Lsegment-18seqs-unique-alignment-nospace_365_F_GC_0.38_avg_30.5236_std_5.16062_Tm_28.95,CACAACATCAAAC
CCHF-Lsegment-18seqs-unique-alignment-nospace_367_R_GC_0.46_avg_29.9463_std_5.72108_Tm_32.10,AAACAGTGGAGCA
CCHF-Lsegment-18seqs-unique-alignment-nospace_376_F_GC_0.38_avg_30.5236_std_5.16062_Tm_28.95,ACCATCTAGATGT
CCHF-Lsegment-18seqs-unique-alignment-nospace_378_R_GC_0.31_avg_29.9463_std_5.72108_Tm_25.79,TGTAAGATTCTTC
CCHF-Lsegment-18seqs-unique-alignment-nospace_38_R_GC_0.46_avg_29.9463_std_5.72108_Tm_32.10,AGCTGTTTAGTGC
CCHF-Lsegment-18seqs-unique-alignment-nospace_387_F_GC_0.38_avg_30.5236_std_5.16062_Tm_28.95,TGTTTACAGCTGT
CCHF-Lsegment-18seqs-unique-alignment-nospace_389_R_GC_0.38_avg_29.9463_std_5.72108_Tm_28.95,TATTGGTGACAAG
CCHF-Lsegment-18seqs-unique-alignment-nospace_398_F_GC_0.46_avg_30.5236_std_5.16062_Tm_32.10,ACTCACCTACAGA
CCHF-Lsegment-18seqs-unique-alignment-nospace_40_R_GC_0.23_avg_29.9463_std_5.72108_Tm_22.64,TAACATATTCTCT
CCHF-Lsegment-18seqs-unique-alignment-nospace_400_R_GC_0.23_avg_29.9463_std_5.72108_Tm_22.64,TTATATAGGTTGT
CCHF-Lsegment-18seqs-unique-alignment-nospace_409_F_GC_0.38_avg_30.5236_std_5.16062_Tm_28.95,AACCTTCAGTTCT
CCHF-Lsegment-18seqs-unique-alignment-nospace_41_F_GC_0.38_avg_30.5236_std_5.16062_Tm_28.95,GATCACTCATATC
CCHF-Lsegment-18seqs-unique-alignment-nospace_412_R_GC_0.46_avg_29.9463_std_5.72108_Tm_32.10,GTTTGTCTCGTGT
CCHF-Lsegment-18seqs-unique-alignment-nospace_42_R_GC_0.38_avg_29.9463_std_5.72108_Tm_28.95,TGCTGTTTCATCA
CCHF-Lsegment-18seqs-unique-alignment-nospace_421_F_GC_0.54_avg_30.5236_std_5.16062_Tm_35.25,CCTGATGACACCT
CCHF-Lsegment-18seqs-unique-alignment-nospace_424_R_GC_0.46_avg_29.9463_std_5.72108_Tm_32.10,ACATGTCCTTGAG
CCHF-Lsegment-18seqs-unique-alignment-nospace_433_F_GC_0.46_avg_30.5236_std_5.16062_Tm_32.10,AGCATCTCTGAAG
CCHF-Lsegment-18seqs-unique-alignment-nospace_436_R_GC_0.38_avg_29.9463_std_5.72108_Tm_28.95,ACAGAACACTTTG
CCHF-Lsegment-18seqs-unique-alignment-nospace_44_F_GC_0.62_avg_30.5236_std_5.16062_Tm_38.41,TGACAGGCAGGTC
CCHF-Lsegment-18seqs-unique-alignment-nospace_44_R_GC_0.46_avg_29.9463_std_5.72108_Tm_32.10,CAACTGACTCAGA
CCHF-Lsegment-18seqs-unique-alignment-nospace_445_F_GC_0.31_avg_30.5236_std_5.16062_Tm_25.79,TAAAATATCCCAC
CCHF-Lsegment-18seqs-unique-alignment-nospace_448_R_GC_0.38_avg_29.9463_std_5.72108_Tm_28.95,TTACACTGGTTGA
CCHF-Lsegment-18seqs-unique-alignment-nospace_457_F_GC_0.46_avg_30.5236_std_5.16062_Tm_32.10,AGATGAACAGGAG
CCHF-Lsegment-18seqs-unique-alignment-nospace_46_F_GC_0.62_avg_30.5236_std_5.16062_Tm_38.41,CCCAGTGATGCCA
CCHF-Lsegment-18seqs-unique-alignment-nospace_46_R_GC_0.54_avg_29.9463_std_5.72108_Tm_35.25,CAAGAGGGACACT
CCHF-Lsegment-18seqs-unique-alignment-nospace_460_R_GC_0.46_avg_29.9463_std_5.72108_Tm_32.10,TGCTGAGTAGATC
CCHF-Lsegment-18seqs-unique-alignment-nospace_469_F_GC_0.23_avg_30.5236_std_5.16062_Tm_22.64,CTTTCTATTTGAA
CCHF-Lsegment-18seqs-unique-alignment-nospace_472_R_GC_0.15_avg_29.9463_std_5.72108_Tm_19.48,AAATAATGAAACT
CCHF-Lsegment-18seqs-unique-alignment-nospace_48_F_GC_0.46_avg_30.5236_std_5.16062_Tm_32.10,TGAACCCTCAAAG
CCHF-Lsegment-18seqs-unique-alignment-nospace_48_R_GC_0.23_avg_29.9463_std_5.72108_Tm_22.64,TAATCTTTGAAAG
CCHF-Lsegment-18seqs-unique-alignment-nospace_481_F_GC_0.31_avg_30.5236_std_5.16062_Tm_25.79,AAACTTGGGTTTT
CCHF-Lsegment-18seqs-unique-alignment-nospace_484_R_GC_0.54_avg_29.9463_std_5.72108_Tm_35.25,CAATCTTGCCTGC
CCHF-Lsegment-18seqs-unique-alignment-nospace_493_F_GC_0.38_avg_30.5236_std_5.16062_Tm_28.95,TTGAGCCTTCAAA
CCHF-Lsegment-18seqs-unique-alignment-nospace_496_R_GC_0.23_avg_29.9463_std_5.72108_Tm_22.64,TTTATTAAGACCT
CCHF-Lsegment-18seqs-unique-alignment-nospace_50_F_GC_0.54_avg_30.5236_std_5.16062_Tm_35.25,AGCAGTCAAACCC
CCHF-Lsegment-18seqs-unique-alignment-nospace_50_R_GC_0.46_avg_29.9463_std_5.72108_Tm_32.10,CCACAGTACTAAG
CCHF-Lsegment-18seqs-unique-alignment-nospace_506_F_GC_0.31_avg_30.5236_std_5.16062_Tm_25.79,CAAGGTCATTTAT
CCHF-Lsegment-18seqs-unique-alignment-nospace_509_R_GC_0.54_avg_29.9463_std_5.72108_Tm_35.25,AGTCCTTTGCGCA
CCHF-Lsegment-18seqs-unique-alignment-nospace_519_F_GC_0.54_avg_30.5236_std_5.16062_Tm_35.25,AGCAGCAGTGTGA
CCHF-Lsegment-18seqs-unique-alignment-nospace_52_F_GC_0.46_avg_30.5236_std_5.16062_Tm_32.10,CTGTTTGACCTGA
CCHF-Lsegment-18seqs-unique-alignment-nospace_52_R_GC_0.38_avg_29.9463_std_5.72108_Tm_28.95,GATTCTGCTTTTG
CCHF-Lsegment-18seqs-unique-alignment-nospace_522_R_GC_0.46_avg_29.9463_std_5.72108_Tm_32.10,ACTGCTCTAACTG
CCHF-Lsegment-18seqs-unique-alignment-nospace_532_F_GC_0.62_avg_30.5236_std_5.16062_Tm_38.41,AGTGGGGACATGG
CCHF-Lsegment-18seqs-unique-alignment-nospace_535_R_GC_0.31_avg_29.9463_std_5.72108_Tm_25.79,GCAAGTATATTAG
CCHF-Lsegment-18seqs-unique-alignment-nospace_54_F_GC_0.46_avg_30.5236_std_5.16062_Tm_32.10,TTGCGATTGGCTA
CCHF-Lsegment-18seqs-unique-alignment-nospace_54_R_GC_0.54_avg_29.9463_std_5.72108_Tm_35.25,ATGCAGTCAGCCT
CCHF-Lsegment-18seqs-unique-alignment-nospace_545_F_GC_0.38_avg_30.5236_std_5.16062_Tm_28.95,ATATGCTTTGGGA
CCHF-Lsegment-18seqs-unique-alignment-nospace_548_R_GC_0.38_avg_29.9463_std_5.72108_Tm_28.95,TTGACTCTTCTCT
CCHF-Lsegment-18seqs-unique-alignment-nospace_558_F_GC_0.38_avg_30.5236_std_5.16062_Tm_28.95,CTGAATCATGCAT
CCHF-Lsegment-18seqs-unique-alignment-nospace_56_F_GC_0.54_avg_30.5236_std_5.16062_Tm_35.25,GCTAGGAGGTCAT
CCHF-Lsegment-18seqs-unique-alignment-nospace_56_R_GC_0.46_avg_29.9463_std_5.72108_Tm_32.10,ACCTCATCTAGAC
CCHF-Lsegment-18seqs-unique-alignment-nospace_561_R_GC_0.62_avg_29.9463_std_5.72108_Tm_38.41,CAGCTGCCACTTC
CCHF-Lsegment-18seqs-unique-alignment-nospace_572_F_GC_0.46_avg_30.5236_std_5.16062_Tm_32.10,GATGCAAGCACAT
CCHF-Lsegment-18seqs-unique-alignment-nospace_574_R_GC_0.46_avg_29.9463_std_5.72108_Tm_32.10,AGATGGATGTGCA
CCHF-Lsegment-18seqs-unique-alignment-nospace_58_R_GC_0.54_avg_29.9463_std_5.72108_Tm_35.25,CACCATCGCCAAA
CCHF-Lsegment-18seqs-unique-alignment-nospace_586_F_GC_0.54_avg_30.5236_std_5.16062_Tm_35.25,AACTGTCACCCCA
CCHF-Lsegment-18seqs-unique-alignment-nospace_588_R_GC_0.38_avg_29.9463_std_5.72108_Tm_28.95,TGTACACCTTCTT
CCHF-Lsegment-18seqs-unique-alignment-nospace_60_F_GC_0.46_avg_30.5236_std_5.16062_Tm_32.10,CAACTTCAGACGA
CCHF-Lsegment-18seqs-unique-alignment-nospace_60_R_GC_0.38_avg_29.9463_std_5.72108_Tm_28.95,ACAGAACACTTAG
CCHF-Lsegment-18seqs-unique-alignment-nospace_600_F_GC_0.31_avg_30.5236_std_5.16062_Tm_25.79,TAGGAAATGAACT
CCHF-Lsegment-18seqs-unique-alignment-nospace_602_R_GC_0.54_avg_29.9463_std_5.72108_Tm_35.25,TGACAAGCTCAGC
CCHF-Lsegment-18seqs-unique-alignment-nospace_616_R_GC_0.31_avg_29.9463_std_5.72108_Tm_25.79,TGTCTTTGAAGAA
CCHF-Lsegment-18seqs-unique-alignment-nospace_62_F_GC_0.46_avg_30.5236_std_5.16062_Tm_32.10,TTCTTCCCTTCTG
CCHF-Lsegment-18seqs-unique-alignment-nospace_628_F_GC_0.46_avg_30.5236_std_5.16062_Tm_32.10,GCAGTCAAACCTA
CCHF-Lsegment-18seqs-unique-alignment-nospace_630_R_GC_0.38_avg_29.9463_std_5.72108_Tm_28.95,AACTTGTCCTACT
CCHF-Lsegment-18seqs-unique-alignment-nospace_64_F_GC_0.62_avg_30.5236_std_5.16062_Tm_38.41,GCCAGCCACTGTA
CCHF-Lsegment-18seqs-unique-alignment-nospace_64_R_GC_0.46_avg_29.9463_std_5.72108_Tm_32.10,GCTCTCTCCTTAA
CCHF-Lsegment-18seqs-unique-alignment-nospace_642_F_GC_0.46_avg_30.5236_std_5.16062_Tm_32.10,TAACTTCTCGGCT
CCHF-Lsegment-18seqs-unique-alignment-nospace_644_R_GC_0.38_avg_29.9463_std_5.72108_Tm_28.95,CATCAATGGAGAT
CCHF-Lsegment-18seqs-unique-alignment-nospace_656_F_GC_0.38_avg_30.5236_std_5.16062_Tm_28.95,ACACCTTATGAAG
CCHF-Lsegment-18seqs-unique-alignment-nospace_658_R_GC_0.54_avg_29.9463_std_5.72108_Tm_35.25,CTCTTGCTTGAGC
CCHF-Lsegment-18seqs-unique-alignment-nospace_66_F_GC_0.38_avg_30.5236_std_5.16062_Tm_28.95,AGAGACAAGTACT
CCHF-Lsegment-18seqs-unique-alignment-nospace_66_R_GC_0.31_avg_29.9463_std_5.72108_Tm_25.79,TTTTGATCTTCAC
CCHF-Lsegment-18seqs-unique-alignment-nospace_670_F_GC_0.38_avg_30.5236_std_5.16062_Tm_28.95,AACATTGCAAGAC
CCHF-Lsegment-18seqs-unique-alignment-nospace_672_R_GC_0.54_avg_29.9463_std_5.72108_Tm_35.25,CTGCCATTCTGCT
CCHF-Lsegment-18seqs-unique-alignment-nospace_68_F_GC_0.46_avg_30.5236_std_5.16062_Tm_32.10,TGCGAAAACTGTC
CCHF-Lsegment-18seqs-unique-alignment-nospace_68_R_GC_0.54_avg_29.9463_std_5.72108_Tm_35.25,TCTGCAAGCGTGT
CCHF-Lsegment-18seqs-unique-alignment-nospace_684_F_GC_0.46_avg_30.5236_std_5.16062_Tm_32.10,GAAGAGGGAATCT
CCHF-Lsegment-18seqs-unique-alignment-nospace_686_R_GC_0.38_avg_29.9463_std_5.72108_Tm_28.95,TTGCCTTGTCTAT
CCHF-Lsegment-18seqs-unique-alignment-nospace_699_F_GC_0.31_avg_30.5236_std_5.16062_Tm_25.79,GAGAAAAATTTCC
CCHF-Lsegment-18seqs-unique-alignment-nospace_70_F_GC_0.31_avg_30.5236_std_5.16062_Tm_25.79,AAATATCCTACAG
CCHF-Lsegment-18seqs-unique-alignment-nospace_70_R_GC_0.38_avg_29.9463_std_5.72108_Tm_28.95,CATGACTTTAGTC
CCHF-Lsegment-18seqs-unique-alignment-nospace_701_R_GC_0.46_avg_29.9463_std_5.72108_Tm_32.10,CCACTTCATCACT
CCHF-Lsegment-18seqs-unique-alignment-nospace_714_F_GC_0.46_avg_30.5236_std_5.16062_Tm_32.10,TTCACCATGCAAC
CCHF-Lsegment-18seqs-unique-alignment-nospace_716_R_GC_0.38_avg_29.9463_std_5.72108_Tm_28.95,TAATCCACCATCT
CCHF-Lsegment-18seqs-unique-alignment-nospace_72_F_GC_0.38_avg_30.5236_std_5.16062_Tm_28.95,ATCTTCAGTTCTC
CCHF-Lsegment-18seqs-unique-alignment-nospace_72_R_GC_0.54_avg_29.9463_std_5.72108_Tm_35.25,AGGCAATGGACTC
CCHF-Lsegment-18seqs-unique-alignment-nospace_729_F_GC_0.38_avg_30.5236_std_5.16062_Tm_28.95,GTGACAGAAAGAA
CCHF-Lsegment-18seqs-unique-alignment-nospace_731_R_GC_0.46_avg_29.9463_std_5.72108_Tm_32.10,AACACCAATCTGG
CCHF-Lsegment-18seqs-unique-alignment-nospace_74_F_GC_0.46_avg_30.5236_std_5.16062_Tm_32.10,TGATGCCGAAAGT
CCHF-Lsegment-18seqs-unique-alignment-nospace_74_R_GC_0.62_avg_29.9463_std_5.72108_Tm_38.41,CAGCTGAGTGGCA
CCHF-Lsegment-18seqs-unique-alignment-nospace_744_F_GC_0.38_avg_30.5236_std_5.16062_Tm_28.95,ACAACATCAGATG
CCHF-Lsegment-18seqs-unique-alignment-nospace_747_R_GC_0.38_avg_29.9463_std_5.72108_Tm_28.95,ACTTTGAGATGAC
CCHF-Lsegment-18seqs-unique-alignment-nospace_759_F_GC_0.46_avg_30.5236_std_5.16062_Tm_32.10,CTTGGATGAGCAA
CCHF-Lsegment-18seqs-unique-alignment-nospace_76_F_GC_0.38_avg_30.5236_std_5.16062_Tm_28.95,AGCTTTAGTAGTG
CCHF-Lsegment-18seqs-unique-alignment-nospace_76_R_GC_0.31_avg_29.9463_std_5.72108_Tm_25.79,TCCATCAAATTCA
CCHF-Lsegment-18seqs-unique-alignment-nospace_774_F_GC_0.46_avg_30.5236_std_5.16062_Tm_32.10,GAAGACATAGGCT
CCHF-Lsegment-18seqs-unique-alignment-nospace_779_R_GC_0.31_avg_29.9463_std_5.72108_Tm_25.79,TTCTACTGAACAT
CCHF-Lsegment-18seqs-unique-alignment-nospace_78_F_GC_0.31_avg_30.5236_std_5.16062_Tm_25.79,GGAAATTTAGAGT
CCHF-Lsegment-18seqs-unique-alignment-nospace_78_R_GC_0.38_avg_29.9463_std_5.72108_Tm_28.95,TGCAGCTAAAACT
CCHF-Lsegment-18seqs-unique-alignment-nospace_789_F_GC_0.23_avg_30.5236_std_5.16062_Tm_22.64,AAAAACCATTTGA
CCHF-Lsegment-18seqs-unique-alignment-nospace_795_R_GC_0.54_avg_29.9463_std_5.72108_Tm_35.25,GACCAACAGCTGA
CCHF-Lsegment-18seqs-unique-alignment-nospace_80_F_GC_0.38_avg_30.5236_std_5.16062_Tm_28.95,GAATGAGCTTTTG
CCHF-Lsegment-18seqs-unique-alignment-nospace_805_F_GC_0.46_avg_30.5236_std_5.16062_Tm_32.10,GCATCTCAGTTGT
CCHF-Lsegment-18seqs-unique-alignment-nospace_811_R_GC_0.23_avg_29.9463_std_5.72108_Tm_22.64,TTTGCTATCATTT
CCHF-Lsegment-18seqs-unique-alignment-nospace_82_F_GC_0.54_avg_30.5236_std_5.16062_Tm_35.25,TGAAGCAGCAGCA
CCHF-Lsegment-18seqs-unique-alignment-nospace_82_R_GC_0.38_avg_29.9463_std_5.72108_Tm_28.95,AGTATGGTGCAAA
CCHF-Lsegment-18seqs-unique-alignment-nospace_821_F_GC_0.31_avg_30.5236_std_5.16062_Tm_25.79,TTTATCAGAAGGT
CCHF-Lsegment-18seqs-unique-alignment-nospace_828_R_GC_0.38_avg_29.9463_std_5.72108_Tm_28.95,TCTGCTGTTTCTT
CCHF-Lsegment-18seqs-unique-alignment-nospace_837_F_GC_0.38_avg_30.5236_std_5.16062_Tm_28.95,GGCTTGAAAAGAT
CCHF-Lsegment-18seqs-unique-alignment-nospace_84_F_GC_0.38_avg_30.5236_std_5.16062_Tm_28.95,CAATATACTGCTC
CCHF-Lsegment-18seqs-unique-alignment-nospace_84_R_GC_0.23_avg_29.9463_std_5.72108_Tm_22.64,TCATTTTCAAAGA
CCHF-Lsegment-18seqs-unique-alignment-nospace_845_R_GC_0.38_avg_29.9463_std_5.72108_Tm_28.95,CAACATCAGTGTT
CCHF-Lsegment-18seqs-unique-alignment-nospace_853_F_GC_0.23_avg_30.5236_std_5.16062_Tm_22.64,AAATGAAAGATAG
CCHF-Lsegment-18seqs-unique-alignment-nospace_86_F_GC_0.31_avg_30.5236_std_5.16062_Tm_25.79,GTTATCTAAACTG
CCHF-Lsegment-18seqs-unique-alignment-nospace_86_R_GC_0.46_avg_29.9463_std_5.72108_Tm_32.10,TCCAATGTGGTCA
CCHF-Lsegment-18seqs-unique-alignment-nospace_863_R_GC_0.31_avg_29.9463_std_5.72108_Tm_25.79,AAAAGAGACAGTT
CCHF-Lsegment-18seqs-unique-alignment-nospace_88_R_GC_0.38_avg_29.9463_std_5.72108_Tm_28.95,TAAAACGGACATG
CCHF-Lsegment-18seqs-unique-alignment-nospace_882_R_GC_0.54_avg_29.9463_std_5.72108_Tm_35.25,GGCATGTTTCCAG
CCHF-Lsegment-18seqs-unique-alignment-nospace_883_F_GC_0.62_avg_30.5236_std_5.16062_Tm_38.41,CCCACGTTGACAC
CCHF-Lsegment-18seqs-unique-alignment-nospace_90_F_GC_0.38_avg_30.5236_std_5.16062_Tm_28.95,AGTTAACTTCTCG
CCHF-Lsegment-18seqs-unique-alignment-nospace_90_R_GC_0.62_avg_29.9463_std_5.72108_Tm_38.41,TCTGCTTGTCCCG
CCHF-Lsegment-18seqs-unique-alignment-nospace_92_F_GC_0.38_avg_30.5236_std_5.16062_Tm_28.95,TGAACTGAGTTCT
CCHF-Lsegment-18seqs-unique-alignment-nospace_92_R_GC_0.62_avg_29.9463_std_5.72108_Tm_38.41,CTTGCTCATGCCG
CCHF-Lsegment-18seqs-unique-alignment-nospace_94_F_GC_0.31_avg_30.5236_std_5.16062_Tm_25.79,TGATATTTAGCGA
CCHF-Lsegment-18seqs-unique-alignment-nospace_94_R_GC_0.46_avg_29.9463_std_5.72108_Tm_32.10,ATGAGTCCTTTGC
CCHF-Lsegment-18seqs-unique-alignment-nospace_96_F_GC_0.46_avg_30.5236_std_5.16062_Tm_32.10,AGAGATGCTGTCA
CCHF-Lsegment-18seqs-unique-alignment-nospace_98_F_GC_0.23_avg_30.5236_std_5.16062_Tm_22.64,AACCATTTGAATT
CCHF-Lsegment-18seqs-unique-alignment-nospace_98_R_GC_0.31_avg_29.9463_std_5.72108_Tm_25.79,TAACATTCAAGGA
