CCHF-Ssegment-22seqs-unique-alignment-nospace_1_F_GC_0.54_avg_32.6906_std_8.90585_Tm_35.25,GGTCCTTGCAGAA
CCHF-Ssegment-22seqs-unique-alignment-nospace_106_F_GC_0.62_avg_32.6906_std_8.90585_Tm_38.41,CAACAGGCCTTGC
CCHF-Ssegment-22seqs-unique-alignment-nospace_11_F_GC_0.38_avg_32.6906_std_8.90585_Tm_28.95,ATCGAAGTGACTA
CCHF-Ssegment-22seqs-unique-alignment-nospace_11_R_GC_0.38_avg_33.6758_std_9.51103_Tm_28.95,CTATGTCCTTTCT
CCHF-Ssegment-22seqs-unique-alignment-nospace_112_R_GC_0.54_avg_33.6758_std_9.51103_Tm_35.25,AAGCAGACACCCA
CCHF-Ssegment-22seqs-unique-alignment-nospace_126_F_GC_0.46_avg_32.6906_std_8.90585_Tm_32.10,ACCAAGTCCATTC
CCHF-Ssegment-22seqs-unique-alignment-nospace_14_F_GC_0.54_avg_32.6906_std_8.90585_Tm_35.25,GACTGTCTCACAG
CCHF-Ssegment-22seqs-unique-alignment-nospace_14_R_GC_0.54_avg_33.6758_std_9.51103_Tm_35.25,CTTGTAGCGTTGC
CCHF-Ssegment-22seqs-unique-alignment-nospace_152_R_GC_0.46_avg_33.6758_std_9.51103_Tm_32.10,CACAGCCCTTTAA
CCHF-Ssegment-22seqs-unique-alignment-nospace_154_F_GC_0.62_avg_32.6906_std_8.90585_Tm_38.41,ACGCCCACAGTGT
CCHF-Ssegment-22seqs-unique-alignment-nospace_18_F_GC_0.69_avg_32.6906_std_8.90585_Tm_41.56,CGTGCCGCTTACG
CCHF-Ssegment-22seqs-unique-alignment-nospace_2_R_GC_0.54_avg_33.6758_std_9.51103_Tm_35.25,ACAAGCGCTATCC
CCHF-Ssegment-22seqs-unique-alignment-nospace_23_F_GC_0.54_avg_32.6906_std_8.90585_Tm_35.25,AAAGTCCCTGGTG
CCHF-Ssegment-22seqs-unique-alignment-nospace_3_F_GC_0.46_avg_32.6906_std_8.90585_Tm_32.10,TGATGATGCTGCT
CCHF-Ssegment-22seqs-unique-alignment-nospace_3_R_GC_0.46_avg_33.6758_std_9.51103_Tm_32.10,GTCAATCTGAGCA
CCHF-Ssegment-22seqs-unique-alignment-nospace_31_F_GC_0.31_avg_32.6906_std_8.90585_Tm_25.79,CAAAATGGAAAAC
CCHF-Ssegment-22seqs-unique-alignment-nospace_31_R_GC_0.54_avg_33.6758_std_9.51103_Tm_35.25,TGTTGGCACTGGT
CCHF-Ssegment-22seqs-unique-alignment-nospace_40_F_GC_0.31_avg_32.6906_std_8.90585_Tm_25.79,ACCCATATATGAA
CCHF-Ssegment-22seqs-unique-alignment-nospace_49_R_GC_0.38_avg_33.6758_std_9.51103_Tm_28.95,TTTGCATTGACAC
CCHF-Ssegment-22seqs-unique-alignment-nospace_5_F_GC_0.62_avg_32.6906_std_8.90585_Tm_38.41,ACAAGGCTGGCGT
CCHF-Ssegment-22seqs-unique-alignment-nospace_5_R_GC_0.46_avg_33.6758_std_9.51103_Tm_32.10,ATGTTAGCACTGG
CCHF-Ssegment-22seqs-unique-alignment-nospace_53_F_GC_0.38_avg_32.6906_std_8.90585_Tm_28.95,ATATACGAGTGTG
CCHF-Ssegment-22seqs-unique-alignment-nospace_69_F_GC_0.46_avg_32.6906_std_8.90585_Tm_32.10,CTGGCGAAATTGT
CCHF-Ssegment-22seqs-unique-alignment-nospace_7_F_GC_0.54_avg_32.6906_std_8.90585_Tm_35.25,CCAAGCTTGCAGA
CCHF-Ssegment-22seqs-unique-alignment-nospace_7_R_GC_0.46_avg_33.6758_std_9.51103_Tm_32.10,TTGACACGGAAAC
CCHF-Ssegment-22seqs-unique-alignment-nospace_70_R_GC_0.54_avg_33.6758_std_9.51103_Tm_35.25,CAATCTGTGCACC
CCHF-Ssegment-22seqs-unique-alignment-nospace_86_F_GC_0.46_avg_32.6906_std_8.90585_Tm_32.10,TCTCACAGTTCCT
CCHF-Ssegment-22seqs-unique-alignment-nospace_9_F_GC_0.31_avg_32.6906_std_8.90585_Tm_25.79,AGATGAACAAATG
CCHF-Ssegment-22seqs-unique-alignment-nospace_9_R_GC_0.69_avg_33.6758_std_9.51103_Tm_41.56,CGCGCAGCCCTTT
CCHF-Ssegment-22seqs-unique-alignment-nospace_91_R_GC_0.46_avg_33.6758_std_9.51103_Tm_32.10,CAAGTGCTATTCC
