CEV-Msegment.nospace_1_F_GC_0.38_avg_27.7273_std_6.30815_Tm_28.95,CATAGAGATGATC
CEV-Msegment.nospace_1_R_GC_0.31_avg_27.106_std_6.17862_Tm_25.79,AAATTTAGGTCCT
CEV-Msegment.nospace_10_F_GC_0.46_avg_27.7273_std_6.30815_Tm_32.10,GCAACACAATACG
CEV-Msegment.nospace_10_R_GC_0.31_avg_27.106_std_6.17862_Tm_25.79,AATTTGCAAGCTT
CEV-Msegment.nospace_100_R_GC_0.38_avg_27.106_std_6.17862_Tm_28.95,CTCTGGCTTATAT
CEV-Msegment.nospace_102_F_GC_0.54_avg_27.7273_std_6.30815_Tm_35.25,CTTGGGGTTGTGA
CEV-Msegment.nospace_104_R_GC_0.23_avg_27.106_std_6.17862_Tm_22.64,TTTATCATAGTCT
CEV-Msegment.nospace_107_F_GC_0.31_avg_27.7273_std_6.30815_Tm_25.79,CATGTATAGATGA
CEV-Msegment.nospace_109_R_GC_0.38_avg_27.106_std_6.17862_Tm_28.95,CACATAACTCTAG
CEV-Msegment.nospace_11_F_GC_0.38_avg_27.7273_std_6.30815_Tm_28.95,ACAGAGCTTTTGA
CEV-Msegment.nospace_11_R_GC_0.38_avg_27.106_std_6.17862_Tm_28.95,AAGGCAAAAGTGA
CEV-Msegment.nospace_112_F_GC_0.46_avg_27.7273_std_6.30815_Tm_32.10,GTAGTGTACTACC
CEV-Msegment.nospace_114_R_GC_0.31_avg_27.106_std_6.17862_Tm_25.79,CAGCTATACAATA
CEV-Msegment.nospace_118_F_GC_0.23_avg_27.7273_std_6.30815_Tm_22.64,ATATGTATCATGA
CEV-Msegment.nospace_12_F_GC_0.38_avg_27.7273_std_6.30815_Tm_28.95,TTCATAGAGTCTG
CEV-Msegment.nospace_12_R_GC_0.23_avg_27.106_std_6.17862_Tm_22.64,TGGTATTTCTTAA
CEV-Msegment.nospace_124_F_GC_0.46_avg_27.7273_std_6.30815_Tm_32.10,CAGATTGGCATGA
CEV-Msegment.nospace_124_R_GC_0.08_avg_27.106_std_6.17862_Tm_16.33,ATTCTAAAATAAA
CEV-Msegment.nospace_13_F_GC_0.46_avg_27.7273_std_6.30815_Tm_32.10,AACACCTCAAGGT
CEV-Msegment.nospace_13_R_GC_0.23_avg_27.106_std_6.17862_Tm_22.64,GTCTCTAAATTAT
CEV-Msegment.nospace_14_F_GC_0.31_avg_27.7273_std_6.30815_Tm_25.79,AAAAGATTTTGGG
CEV-Msegment.nospace_15_F_GC_0.46_avg_27.7273_std_6.30815_Tm_32.10,AAGGAAGTGGCTA
CEV-Msegment.nospace_15_R_GC_0.31_avg_27.106_std_6.17862_Tm_25.79,TTAAAAGGCTCTA
CEV-Msegment.nospace_17_R_GC_0.15_avg_27.106_std_6.17862_Tm_19.48,TCTTTATCATAAT
CEV-Msegment.nospace_18_F_GC_0.62_avg_27.7273_std_6.30815_Tm_38.41,TCAGAGGGACCTC
CEV-Msegment.nospace_19_R_GC_0.23_avg_27.106_std_6.17862_Tm_22.64,GCATAAATATCTA
CEV-Msegment.nospace_2_F_GC_0.23_avg_27.7273_std_6.30815_Tm_22.64,ATATTAACATTCG
CEV-Msegment.nospace_2_R_GC_0.46_avg_27.106_std_6.17862_Tm_32.10,AGTTGGTTCTGGT
CEV-Msegment.nospace_21_R_GC_0.31_avg_27.106_std_6.17862_Tm_25.79,TGAATTGTACTTC
CEV-Msegment.nospace_22_F_GC_0.38_avg_27.7273_std_6.30815_Tm_28.95,TTGTCACACCTAT
CEV-Msegment.nospace_23_R_GC_0.38_avg_27.106_std_6.17862_Tm_28.95,TTTGCTTACCAGA
CEV-Msegment.nospace_24_F_GC_0.46_avg_27.7273_std_6.30815_Tm_32.10,GTGGAACTGTACA
CEV-Msegment.nospace_25_R_GC_0.31_avg_27.106_std_6.17862_Tm_25.79,CAAAATCTTCAAG
CEV-Msegment.nospace_26_F_GC_0.31_avg_27.7273_std_6.30815_Tm_25.79,GATTTCAAATCAG
CEV-Msegment.nospace_28_F_GC_0.23_avg_27.7273_std_6.30815_Tm_22.64,GCTTATATATATG
CEV-Msegment.nospace_29_R_GC_0.15_avg_27.106_std_6.17862_Tm_19.48,TTAAATTGAACTT
CEV-Msegment.nospace_3_F_GC_0.46_avg_27.7273_std_6.30815_Tm_32.10,CCACGAGATTAGA
CEV-Msegment.nospace_3_R_GC_0.46_avg_27.106_std_6.17862_Tm_32.10,AACCACCCAGATT
CEV-Msegment.nospace_30_F_GC_0.38_avg_27.7273_std_6.30815_Tm_28.95,CTATCCATCCAAA
CEV-Msegment.nospace_31_R_GC_0.46_avg_27.106_std_6.17862_Tm_32.10,AATCCCTTCATCC
CEV-Msegment.nospace_32_F_GC_0.31_avg_27.7273_std_6.30815_Tm_25.79,ACATTTGAAGGTT
CEV-Msegment.nospace_33_R_GC_0.31_avg_27.106_std_6.17862_Tm_25.79,TCCACAGTTATAT
CEV-Msegment.nospace_34_F_GC_0.46_avg_27.7273_std_6.30815_Tm_32.10,GGATCAATCACAG
CEV-Msegment.nospace_35_R_GC_0.54_avg_27.106_std_6.17862_Tm_35.25,CTGTTGCACCAAC
CEV-Msegment.nospace_36_F_GC_0.46_avg_27.7273_std_6.30815_Tm_32.10,GGTTGTTTAGCAG
CEV-Msegment.nospace_37_R_GC_0.31_avg_27.106_std_6.17862_Tm_25.79,CAGATTTAACTGT
CEV-Msegment.nospace_38_F_GC_0.31_avg_27.7273_std_6.30815_Tm_25.79,AAATACCAGCATT
CEV-Msegment.nospace_39_R_GC_0.15_avg_27.106_std_6.17862_Tm_19.48,ATGTTTTACTTAT
CEV-Msegment.nospace_4_F_GC_0.08_avg_27.7273_std_6.30815_Tm_16.33,ATATTATCTATAA
CEV-Msegment.nospace_4_R_GC_0.23_avg_27.106_std_6.17862_Tm_22.64,TGATATTTCCTAA
CEV-Msegment.nospace_40_F_GC_0.31_avg_27.7273_std_6.30815_Tm_25.79,TGAACACAAGTAT
CEV-Msegment.nospace_41_R_GC_0.46_avg_27.106_std_6.17862_Tm_32.10,GGACATTAACAGG
CEV-Msegment.nospace_43_F_GC_0.15_avg_27.7273_std_6.30815_Tm_19.48,GGTATATTTTATA
CEV-Msegment.nospace_43_R_GC_0.31_avg_27.106_std_6.17862_Tm_25.79,AACTACAGAATCT
CEV-Msegment.nospace_45_R_GC_0.38_avg_27.106_std_6.17862_Tm_28.95,TACTCAACAGTCA
CEV-Msegment.nospace_46_F_GC_0.31_avg_27.7273_std_6.30815_Tm_25.79,GTGATTATTACAC
CEV-Msegment.nospace_47_R_GC_0.38_avg_27.106_std_6.17862_Tm_28.95,TCTGTACCTTCAA
CEV-Msegment.nospace_49_F_GC_0.15_avg_27.7273_std_6.30815_Tm_19.48,ATATTTTATACTG
CEV-Msegment.nospace_49_R_GC_0.46_avg_27.106_std_6.17862_Tm_32.10,AAGTGCAAGGACT
CEV-Msegment.nospace_5_F_GC_0.38_avg_27.7273_std_6.30815_Tm_28.95,TTATGGGTGGATA
CEV-Msegment.nospace_5_R_GC_0.31_avg_27.106_std_6.17862_Tm_25.79,TTCATGGTATGTT
CEV-Msegment.nospace_51_R_GC_0.54_avg_27.106_std_6.17862_Tm_35.25,TGGCCCTTTTGAC
CEV-Msegment.nospace_52_F_GC_0.23_avg_27.7273_std_6.30815_Tm_22.64,AAAGAAGTCAAAA
CEV-Msegment.nospace_54_R_GC_0.38_avg_27.106_std_6.17862_Tm_28.95,ACCTTCTACAGTT
CEV-Msegment.nospace_55_F_GC_0.31_avg_27.7273_std_6.30815_Tm_25.79,GTAAAAGGCATAT
CEV-Msegment.nospace_57_R_GC_0.15_avg_27.106_std_6.17862_Tm_19.48,AAAATCTAGAAAT
CEV-Msegment.nospace_59_F_GC_0.31_avg_27.7273_std_6.30815_Tm_25.79,TAATGCCTATCTT
CEV-Msegment.nospace_6_F_GC_0.38_avg_27.7273_std_6.30815_Tm_28.95,ATCACGAGATCAA
CEV-Msegment.nospace_6_R_GC_0.31_avg_27.106_std_6.17862_Tm_25.79,ATTCTATCATGGA
CEV-Msegment.nospace_60_R_GC_0.46_avg_27.106_std_6.17862_Tm_32.10,CTCATGATACGTC
CEV-Msegment.nospace_63_F_GC_0.31_avg_27.7273_std_6.30815_Tm_25.79,CATAAGTATGCAT
CEV-Msegment.nospace_63_R_GC_0.23_avg_27.106_std_6.17862_Tm_22.64,TCAAATTTATCTG
CEV-Msegment.nospace_66_R_GC_0.46_avg_27.106_std_6.17862_Tm_32.10,TTCACTTTCTGGC
CEV-Msegment.nospace_67_F_GC_0.31_avg_27.7273_std_6.30815_Tm_25.79,TTTATAGAGTCTG
CEV-Msegment.nospace_69_R_GC_0.62_avg_27.106_std_6.17862_Tm_38.41,CGATGCTCCAACG
CEV-Msegment.nospace_7_F_GC_0.54_avg_27.7273_std_6.30815_Tm_35.25,GTGGAAACAGAGC
CEV-Msegment.nospace_7_R_GC_0.62_avg_27.106_std_6.17862_Tm_38.41,AGCTGGACAGGGT
CEV-Msegment.nospace_71_F_GC_0.23_avg_27.7273_std_6.30815_Tm_22.64,CAGTTATAGATTA
CEV-Msegment.nospace_72_R_GC_0.54_avg_27.106_std_6.17862_Tm_35.25,ACCCTTCATCTCG
CEV-Msegment.nospace_76_R_GC_0.23_avg_27.106_std_6.17862_Tm_22.64,ATCTTTATGATCT
CEV-Msegment.nospace_79_F_GC_0.54_avg_27.7273_std_6.30815_Tm_35.25,CCCCTATTAGTGC
CEV-Msegment.nospace_8_F_GC_0.46_avg_27.7273_std_6.30815_Tm_32.10,GAAGGTAGTCTGT
CEV-Msegment.nospace_8_R_GC_0.31_avg_27.106_std_6.17862_Tm_25.79,CAAGTCTTTGTTA
CEV-Msegment.nospace_80_R_GC_0.15_avg_27.106_std_6.17862_Tm_19.48,AATATTCTATCAT
CEV-Msegment.nospace_83_F_GC_0.15_avg_27.7273_std_6.30815_Tm_19.48,TATTATACACAAT
CEV-Msegment.nospace_84_R_GC_0.23_avg_27.106_std_6.17862_Tm_22.64,TAATGTTCTTCAA
CEV-Msegment.nospace_87_F_GC_0.46_avg_27.7273_std_6.30815_Tm_32.10,ACATGTGAGCATC
CEV-Msegment.nospace_88_R_GC_0.38_avg_27.106_std_6.17862_Tm_28.95,GATTTTACTGTGG
CEV-Msegment.nospace_9_F_GC_0.31_avg_27.7273_std_6.30815_Tm_25.79,GATAAACAAGAGA
CEV-Msegment.nospace_9_R_GC_0.31_avg_27.106_std_6.17862_Tm_25.79,CTTACTCACTATT
CEV-Msegment.nospace_92_F_GC_0.23_avg_27.7273_std_6.30815_Tm_22.64,AATCATGAGATTA
CEV-Msegment.nospace_92_R_GC_0.23_avg_27.106_std_6.17862_Tm_22.64,GAATATGAAGATT
CEV-Msegment.nospace_96_R_GC_0.31_avg_27.106_std_6.17862_Tm_25.79,ATAACTTGAAGGA
CEV-Msegment.nospace_97_F_GC_0.46_avg_27.7273_std_6.30815_Tm_32.10,CATTTAGAGGCAC
