CEV-Ssegment.nospace_1_F_GC_0.31_avg_27.5433_std_9.61161_Tm_25.79,TTATTGCTAAGAG
CEV-Ssegment.nospace_1_R_GC_0.38_avg_28.9478_std_9.13097_Tm_28.95,ATTACTGCTCTTG
CEV-Ssegment.nospace_103_F_GC_0.38_avg_27.5433_std_9.61161_Tm_28.95,GAAATGTTTCTGG
CEV-Ssegment.nospace_11_R_GC_0.38_avg_28.9478_std_9.13097_Tm_28.95,ATGAATTTGGACC
CEV-Ssegment.nospace_118_R_GC_0.31_avg_28.9478_std_9.13097_Tm_25.79,ACACCAAATTTGA
CEV-Ssegment.nospace_2_F_GC_0.15_avg_27.5433_std_9.61161_Tm_19.48,AATTGACAAATTT
CEV-Ssegment.nospace_202_F_GC_0.46_avg_27.5433_std_9.61161_Tm_32.10,TGGTTGATATGGG
CEV-Ssegment.nospace_208_R_GC_0.46_avg_28.9478_std_9.13097_Tm_32.10,TTCTCTGCAGTCA
CEV-Ssegment.nospace_21_R_GC_0.46_avg_28.9478_std_9.13097_Tm_32.10,CTCTGCAGTTAAG
CEV-Ssegment.nospace_3_F_GC_0.38_avg_27.5433_std_9.61161_Tm_28.95,TACTTGGTTGGTA
CEV-Ssegment.nospace_3_R_GC_0.23_avg_28.9478_std_9.13097_Tm_22.64,ATTTCAACCAATT
CEV-Ssegment.nospace_301_F_GC_0.54_avg_27.5433_std_9.61161_Tm_35.25,CAGTGCTCATTGC
CEV-Ssegment.nospace_308_R_GC_0.38_avg_28.9478_std_9.13097_Tm_28.95,CCATTGTTCCAAT
CEV-Ssegment.nospace_4_F_GC_0.31_avg_27.5433_std_9.61161_Tm_25.79,AGAAATGTTCTTG
CEV-Ssegment.nospace_40_R_GC_0.38_avg_28.9478_std_9.13097_Tm_28.95,ACTGCATTTGTTC
CEV-Ssegment.nospace_401_F_GC_0.46_avg_27.5433_std_9.61161_Tm_32.10,AGATGGGTTCTTG
CEV-Ssegment.nospace_408_R_GC_0.31_avg_28.9478_std_9.13097_Tm_25.79,TTGTTACCAATTG
CEV-Ssegment.nospace_5_R_GC_0.46_avg_28.9478_std_9.13097_Tm_32.10,CTTGCTTAAGGCA
CEV-Ssegment.nospace_501_F_GC_0.62_avg_27.5433_std_9.61161_Tm_38.41,TAAACCGGAGCGG
CEV-Ssegment.nospace_6_F_GC_0.15_avg_27.5433_std_9.61161_Tm_19.48,AATTTTCAAATTC
