CEV-Lsegment.nospace_1_F_GC_0.31_avg_26.1802_std_5.58431_Tm_25.79,AATAGGAACAACT
CEV-Lsegment.nospace_1_R_GC_0.23_avg_25.7915_std_5.75554_Tm_22.64,ACATACACATTTT
CEV-Lsegment.nospace_10_F_GC_0.23_avg_26.1802_std_5.58431_Tm_22.64,ACTTAAAGAGTAT
CEV-Lsegment.nospace_10_R_GC_0.23_avg_25.7915_std_5.75554_Tm_22.64,GTTAATTCTCTAT
CEV-Lsegment.nospace_100_R_GC_0.31_avg_25.7915_std_5.75554_Tm_25.79,CCTATTTCTTCAT
CEV-Lsegment.nospace_103_F_GC_0.23_avg_26.1802_std_5.58431_Tm_22.64,ATTTATTTCCTAC
CEV-Lsegment.nospace_104_R_GC_0.46_avg_25.7915_std_5.75554_Tm_32.10,GCATACATGCACA
CEV-Lsegment.nospace_107_F_GC_0.38_avg_26.1802_std_5.58431_Tm_28.95,CCTGATATAGATC
CEV-Lsegment.nospace_108_R_GC_0.23_avg_25.7915_std_5.75554_Tm_22.64,ACCATATAAAATG
CEV-Lsegment.nospace_11_F_GC_0.15_avg_26.1802_std_5.58431_Tm_19.48,AGAATAGAAAATA
CEV-Lsegment.nospace_11_R_GC_0.23_avg_25.7915_std_5.75554_Tm_22.64,ATACTATATACGA
CEV-Lsegment.nospace_111_F_GC_0.23_avg_26.1802_std_5.58431_Tm_22.64,AAATATTTCTGGT
CEV-Lsegment.nospace_112_R_GC_0.31_avg_25.7915_std_5.75554_Tm_25.79,GCAATTATGCTAT
CEV-Lsegment.nospace_116_R_GC_0.15_avg_25.7915_std_5.75554_Tm_19.48,TTTATTATCTCAT
CEV-Lsegment.nospace_119_F_GC_0.46_avg_26.1802_std_5.58431_Tm_32.10,TGTGCTATGTCTG
CEV-Lsegment.nospace_12_F_GC_0.46_avg_26.1802_std_5.58431_Tm_32.10,GACGAAGGTTTAG
CEV-Lsegment.nospace_12_R_GC_0.23_avg_25.7915_std_5.75554_Tm_22.64,TTTAGTAATCGAT
CEV-Lsegment.nospace_120_R_GC_0.38_avg_25.7915_std_5.75554_Tm_28.95,CATATCTGCATTG
CEV-Lsegment.nospace_123_F_GC_0.46_avg_26.1802_std_5.58431_Tm_32.10,ATGGATCCAAGTG
CEV-Lsegment.nospace_125_R_GC_0.46_avg_25.7915_std_5.75554_Tm_32.10,ACATCTCTGTTGG
CEV-Lsegment.nospace_127_F_GC_0.31_avg_26.1802_std_5.58431_Tm_25.79,TGGATAAAATGGA
CEV-Lsegment.nospace_13_F_GC_0.38_avg_26.1802_std_5.58431_Tm_28.95,TCGCTAGATTATC
CEV-Lsegment.nospace_13_R_GC_0.31_avg_25.7915_std_5.75554_Tm_25.79,AAAGAGTCTTCTT
CEV-Lsegment.nospace_130_R_GC_0.31_avg_25.7915_std_5.75554_Tm_25.79,TTTCATATTGGCT
CEV-Lsegment.nospace_131_F_GC_0.23_avg_26.1802_std_5.58431_Tm_22.64,TATGGTAAATTCA
CEV-Lsegment.nospace_136_F_GC_0.23_avg_26.1802_std_5.58431_Tm_22.64,TAAAAGAGTTTGT
CEV-Lsegment.nospace_14_F_GC_0.46_avg_26.1802_std_5.58431_Tm_32.10,GCCCAAGATGTAT
CEV-Lsegment.nospace_14_R_GC_0.15_avg_25.7915_std_5.75554_Tm_19.48,ATTATCTTTGAAA
CEV-Lsegment.nospace_140_R_GC_0.54_avg_25.7915_std_5.75554_Tm_35.25,AGTAGTGTGCTCC
CEV-Lsegment.nospace_15_F_GC_0.54_avg_26.1802_std_5.58431_Tm_35.25,TAAGCGGCAGGAA
CEV-Lsegment.nospace_16_F_GC_0.38_avg_26.1802_std_5.58431_Tm_28.95,GCAATAAGGAAAC
CEV-Lsegment.nospace_16_R_GC_0.38_avg_25.7915_std_5.75554_Tm_28.95,GCATAAGGAATGT
CEV-Lsegment.nospace_17_F_GC_0.38_avg_26.1802_std_5.58431_Tm_28.95,ATGGGCTAGAATT
CEV-Lsegment.nospace_17_R_GC_0.31_avg_25.7915_std_5.75554_Tm_25.79,AGAGCATCATTTA
CEV-Lsegment.nospace_18_F_GC_0.38_avg_26.1802_std_5.58431_Tm_28.95,CTACACTTCTAGT
CEV-Lsegment.nospace_18_R_GC_0.08_avg_25.7915_std_5.75554_Tm_16.33,AATTTATATGTAA
CEV-Lsegment.nospace_19_F_GC_0.38_avg_26.1802_std_5.58431_Tm_28.95,TATCTAGTGCTTG
CEV-Lsegment.nospace_19_R_GC_0.31_avg_25.7915_std_5.75554_Tm_25.79,TTTAGACATGTCA
CEV-Lsegment.nospace_2_F_GC_0.46_avg_26.1802_std_5.58431_Tm_32.10,ACTGAACCTGCTA
CEV-Lsegment.nospace_2_R_GC_0.31_avg_25.7915_std_5.75554_Tm_25.79,ATTGACTATGCAA
CEV-Lsegment.nospace_20_F_GC_0.31_avg_26.1802_std_5.58431_Tm_25.79,ATTTTATCCCCTT
CEV-Lsegment.nospace_20_R_GC_0.31_avg_25.7915_std_5.75554_Tm_25.79,TAAAGACACATGT
CEV-Lsegment.nospace_21_F_GC_0.31_avg_26.1802_std_5.58431_Tm_25.79,GAAAACTATTAGG
CEV-Lsegment.nospace_21_R_GC_0.31_avg_25.7915_std_5.75554_Tm_25.79,AGATAAACTAGTG
CEV-Lsegment.nospace_22_F_GC_0.15_avg_26.1802_std_5.58431_Tm_19.48,AATTAATTCTCTT
CEV-Lsegment.nospace_22_R_GC_0.54_avg_25.7915_std_5.75554_Tm_35.25,AAAGCCTCCTCTC
CEV-Lsegment.nospace_23_F_GC_0.31_avg_26.1802_std_5.58431_Tm_25.79,CAATGCCAAATTA
CEV-Lsegment.nospace_23_R_GC_0.38_avg_25.7915_std_5.75554_Tm_28.95,TTGTCAACCATGA
CEV-Lsegment.nospace_24_F_GC_0.31_avg_26.1802_std_5.58431_Tm_25.79,ACTGTTGAAAACT
CEV-Lsegment.nospace_24_R_GC_0.54_avg_25.7915_std_5.75554_Tm_35.25,ACCCGAGGTTTTC
CEV-Lsegment.nospace_25_F_GC_0.46_avg_26.1802_std_5.58431_Tm_32.10,TAGGACAGACTTC
CEV-Lsegment.nospace_25_R_GC_0.23_avg_25.7915_std_5.75554_Tm_22.64,AAAATCAGTTGTA
CEV-Lsegment.nospace_26_F_GC_0.15_avg_26.1802_std_5.58431_Tm_19.48,CTTTTAAATTGAT
CEV-Lsegment.nospace_26_R_GC_0.46_avg_25.7915_std_5.75554_Tm_32.10,GGTGTTTGTGTTC
CEV-Lsegment.nospace_27_F_GC_0.31_avg_26.1802_std_5.58431_Tm_25.79,ATTGCATAAAGGA
CEV-Lsegment.nospace_27_R_GC_0.31_avg_25.7915_std_5.75554_Tm_25.79,GGTAGCATATTAT
CEV-Lsegment.nospace_28_F_GC_0.23_avg_26.1802_std_5.58431_Tm_22.64,TCAATTTTAACCA
CEV-Lsegment.nospace_28_R_GC_0.23_avg_25.7915_std_5.75554_Tm_22.64,TGAATATCTCATT
CEV-Lsegment.nospace_29_R_GC_0.15_avg_25.7915_std_5.75554_Tm_19.48,TATAAAATTGTTG
CEV-Lsegment.nospace_3_F_GC_0.46_avg_26.1802_std_5.58431_Tm_32.10,TTCCCGCATATCA
CEV-Lsegment.nospace_3_R_GC_0.31_avg_25.7915_std_5.75554_Tm_25.79,GAAAATGAGATCA
CEV-Lsegment.nospace_30_F_GC_0.31_avg_26.1802_std_5.58431_Tm_25.79,ATATTCAATCCTG
CEV-Lsegment.nospace_30_R_GC_0.46_avg_25.7915_std_5.75554_Tm_32.10,TAGATAGGTCCCT
CEV-Lsegment.nospace_31_F_GC_0.23_avg_26.1802_std_5.58431_Tm_22.64,CTAGATATCATAA
CEV-Lsegment.nospace_31_R_GC_0.15_avg_25.7915_std_5.75554_Tm_19.48,TTCATATAATTTG
CEV-Lsegment.nospace_32_R_GC_0.46_avg_25.7915_std_5.75554_Tm_32.10,GTTGTCGTGTAAG
CEV-Lsegment.nospace_33_F_GC_0.15_avg_26.1802_std_5.58431_Tm_19.48,ATAATGACATTTT
CEV-Lsegment.nospace_33_R_GC_0.38_avg_25.7915_std_5.75554_Tm_28.95,TTTTGGTCATGCA
CEV-Lsegment.nospace_34_F_GC_0.08_avg_26.1802_std_5.58431_Tm_16.33,CATATATAATTTT
CEV-Lsegment.nospace_34_R_GC_0.38_avg_25.7915_std_5.75554_Tm_28.95,TTTTGAGTCCTCT
CEV-Lsegment.nospace_36_F_GC_0.31_avg_26.1802_std_5.58431_Tm_25.79,AAAGATGGAATAC
CEV-Lsegment.nospace_38_F_GC_0.23_avg_26.1802_std_5.58431_Tm_22.64,AAAAGATTCAAAG
CEV-Lsegment.nospace_38_R_GC_0.31_avg_25.7915_std_5.75554_Tm_25.79,GTTCTAGCATAAT
CEV-Lsegment.nospace_4_F_GC_0.23_avg_26.1802_std_5.58431_Tm_22.64,TTGAAAGAATTTG
CEV-Lsegment.nospace_4_R_GC_0.31_avg_25.7915_std_5.75554_Tm_25.79,AAATCCTTCATCA
CEV-Lsegment.nospace_40_F_GC_0.46_avg_26.1802_std_5.58431_Tm_32.10,GAATGGTACACTG
CEV-Lsegment.nospace_40_R_GC_0.31_avg_25.7915_std_5.75554_Tm_25.79,AACATAATGTTCC
CEV-Lsegment.nospace_42_F_GC_0.31_avg_26.1802_std_5.58431_Tm_25.79,CACTCAAAGAATA
CEV-Lsegment.nospace_43_R_GC_0.31_avg_25.7915_std_5.75554_Tm_25.79,GTAGTATATGCTT
CEV-Lsegment.nospace_44_F_GC_0.31_avg_26.1802_std_5.58431_Tm_25.79,ATGAGATGATTTC
CEV-Lsegment.nospace_46_F_GC_0.38_avg_26.1802_std_5.58431_Tm_28.95,GATTATTTCCCAG
CEV-Lsegment.nospace_48_F_GC_0.31_avg_26.1802_std_5.58431_Tm_25.79,GATGATATACAAG
CEV-Lsegment.nospace_49_R_GC_0.46_avg_25.7915_std_5.75554_Tm_32.10,GGTGTTTTCCTAG
CEV-Lsegment.nospace_5_F_GC_0.23_avg_26.1802_std_5.58431_Tm_22.64,TATAGAGATTACA
CEV-Lsegment.nospace_5_R_GC_0.46_avg_25.7915_std_5.75554_Tm_32.10,CTTATCTTCTCCC
CEV-Lsegment.nospace_50_F_GC_0.23_avg_26.1802_std_5.58431_Tm_22.64,AATTTATATGGAG
CEV-Lsegment.nospace_52_F_GC_0.15_avg_26.1802_std_5.58431_Tm_19.48,TTTATTCGTATAT
CEV-Lsegment.nospace_52_R_GC_0.23_avg_25.7915_std_5.75554_Tm_22.64,AAAATGAAATCAG
CEV-Lsegment.nospace_54_F_GC_0.15_avg_26.1802_std_5.58431_Tm_19.48,ACTAAAAGAATAT
CEV-Lsegment.nospace_55_R_GC_0.31_avg_25.7915_std_5.75554_Tm_25.79,GTAGATTCTTACA
CEV-Lsegment.nospace_57_F_GC_0.23_avg_26.1802_std_5.58431_Tm_22.64,AATAGAACAGATT
CEV-Lsegment.nospace_58_R_GC_0.31_avg_25.7915_std_5.75554_Tm_25.79,CTTCTCTAAATGT
CEV-Lsegment.nospace_6_F_GC_0.23_avg_26.1802_std_5.58431_Tm_22.64,AGACAAACATATT
CEV-Lsegment.nospace_6_R_GC_0.15_avg_25.7915_std_5.75554_Tm_19.48,AATTAAAGCATTA
CEV-Lsegment.nospace_60_F_GC_0.23_avg_26.1802_std_5.58431_Tm_22.64,AAAATACATTGGA
CEV-Lsegment.nospace_61_R_GC_0.15_avg_25.7915_std_5.75554_Tm_19.48,TTGTTATAGATAA
CEV-Lsegment.nospace_63_F_GC_0.23_avg_26.1802_std_5.58431_Tm_22.64,AGAAATAGAATTG
CEV-Lsegment.nospace_64_R_GC_0.31_avg_25.7915_std_5.75554_Tm_25.79,TTTGTAACAAGGA
CEV-Lsegment.nospace_66_F_GC_0.31_avg_26.1802_std_5.58431_Tm_25.79,AAAATGAGACTGA
CEV-Lsegment.nospace_67_R_GC_0.38_avg_25.7915_std_5.75554_Tm_28.95,GTTAACCCAGTTA
CEV-Lsegment.nospace_69_F_GC_0.31_avg_26.1802_std_5.58431_Tm_25.79,ACAATGACATCTT
CEV-Lsegment.nospace_7_F_GC_0.23_avg_26.1802_std_5.58431_Tm_22.64,CCTATTTACAAAA
CEV-Lsegment.nospace_7_R_GC_0.15_avg_25.7915_std_5.75554_Tm_19.48,CGTTAATTATAAA
CEV-Lsegment.nospace_72_F_GC_0.46_avg_26.1802_std_5.58431_Tm_32.10,ACTTTCCTGCAGA
CEV-Lsegment.nospace_73_R_GC_0.23_avg_25.7915_std_5.75554_Tm_22.64,TTTATCTTCTTTG
CEV-Lsegment.nospace_75_F_GC_0.46_avg_26.1802_std_5.58431_Tm_32.10,CTAGACATGGCTT
CEV-Lsegment.nospace_76_R_GC_0.15_avg_25.7915_std_5.75554_Tm_19.48,TCATCTAATATAA
CEV-Lsegment.nospace_78_F_GC_0.31_avg_26.1802_std_5.58431_Tm_25.79,GAATACAGAGATT
CEV-Lsegment.nospace_8_F_GC_0.31_avg_26.1802_std_5.58431_Tm_25.79,CAATTCATGGTTA
CEV-Lsegment.nospace_8_R_GC_0.38_avg_25.7915_std_5.75554_Tm_28.95,GGGTTATGTCATA
CEV-Lsegment.nospace_80_R_GC_0.38_avg_25.7915_std_5.75554_Tm_28.95,GCTACATTTACCA
CEV-Lsegment.nospace_81_F_GC_0.23_avg_26.1802_std_5.58431_Tm_22.64,TTTGAAGCAAATT
CEV-Lsegment.nospace_84_F_GC_0.54_avg_26.1802_std_5.58431_Tm_35.25,TCAGAGAGGTGGA
CEV-Lsegment.nospace_84_R_GC_0.23_avg_25.7915_std_5.75554_Tm_22.64,TAATTTCTACACA
CEV-Lsegment.nospace_87_F_GC_0.31_avg_26.1802_std_5.58431_Tm_25.79,AGATACAATTCCA
CEV-Lsegment.nospace_88_R_GC_0.15_avg_25.7915_std_5.75554_Tm_19.48,TTGAATATTTCAT
CEV-Lsegment.nospace_9_F_GC_0.38_avg_26.1802_std_5.58431_Tm_28.95,ATTTGAAGTCCAG
CEV-Lsegment.nospace_9_R_GC_0.46_avg_25.7915_std_5.75554_Tm_32.10,ATCTGCCAATAGG
CEV-Lsegment.nospace_90_F_GC_0.38_avg_26.1802_std_5.58431_Tm_28.95,ATATAGATGAGGG
CEV-Lsegment.nospace_92_R_GC_0.15_avg_25.7915_std_5.75554_Tm_19.48,ATCTTTGTAAAAT
CEV-Lsegment.nospace_93_F_GC_0.46_avg_26.1802_std_5.58431_Tm_32.10,GTGGTCTACTGTA
CEV-Lsegment.nospace_96_F_GC_0.31_avg_26.1802_std_5.58431_Tm_25.79,CAGATGAAATGAT
CEV-Lsegment.nospace_96_R_GC_0.23_avg_25.7915_std_5.75554_Tm_22.64,TAATAGGATCTAT
CEV-Lsegment.nospace_99_F_GC_0.15_avg_26.1802_std_5.58431_Tm_19.48,TTATTATCAAAGT
