CHIKV-281seqs_alignment_13102_F_GC_0.62_avg_34.2658_std_6.25527_Tm_38.41,TTGAAGGCCCTGC
CHIKV-281seqs_alignment_12550_F_GC_0.62_avg_34.2658_std_6.25527_Tm_38.41,CCCAGCTGATCTC
CHIKV-281seqs_alignment_12269_F_GC_0.54_avg_34.2658_std_6.25527_Tm_35.25,ACACACGGTCTAC
CHIKV-281seqs_alignment_11988_F_GC_0.23_avg_34.2658_std_6.25527_Tm_22.64,ATTTGTGATCAAA
CHIKV-281seqs_alignment_11708_F_GC_0.54_avg_34.2658_std_6.25527_Tm_35.25,ACAACCCCGTTCA
CHIKV-281seqs_alignment_11428_F_GC_0.62_avg_34.2658_std_6.25527_Tm_38.41,ACTCTCAGGCACC
CHIKV-281seqs_alignment_11148_F_GC_0.54_avg_34.2658_std_6.25527_Tm_35.25,AAGCTCAGAGGAC
CHIKV-281seqs_alignment_10869_F_GC_0.38_avg_34.2658_std_6.25527_Tm_28.95,AGATCATAGATGC
CHIKV-281seqs_alignment_10590_F_GC_0.46_avg_34.2658_std_6.25527_Tm_32.10,ACGATGAAGAGTG
CHIKV-281seqs_alignment_10312_F_GC_0.38_avg_34.2658_std_6.25527_Tm_28.95,ATCTTCGACAACA
CHIKV-281seqs_alignment_10034_F_GC_0.62_avg_34.2658_std_6.25527_Tm_38.41,CATGCCGTCACAG
CHIKV-281seqs_alignment_9757_F_GC_0.38_avg_34.2658_std_6.25527_Tm_28.95,TAACCAGAAAAGG
CHIKV-281seqs_alignment_9480_F_GC_0.62_avg_34.2658_std_6.25527_Tm_38.41,CAGGCGGTGTACA
CHIKV-281seqs_alignment_9203_F_GC_0.69_avg_34.2658_std_6.25527_Tm_41.56,GGGCAGGTGGGTA
CHIKV-281seqs_alignment_8926_F_GC_0.69_avg_34.2658_std_6.25527_Tm_41.56,TCGGTGCCCACAC
CHIKV-281seqs_alignment_8650_F_GC_0.62_avg_34.2658_std_6.25527_Tm_38.41,TGCACCCTGACAG
CHIKV-281seqs_alignment_8374_F_GC_0.54_avg_34.2658_std_6.25527_Tm_35.25,TGATAGAGGCTGC
CHIKV-281seqs_alignment_8098_F_GC_0.62_avg_34.2658_std_6.25527_Tm_38.41,CACCGACGTGATG
CHIKV-281seqs_alignment_7824_F_GC_0.23_avg_34.2658_std_6.25527_Tm_22.64,ACAAAGTAATGAA
CHIKV-281seqs_alignment_7553_F_GC_0.62_avg_34.2658_std_6.25527_Tm_38.41,GTCGAAGCGTACG
CHIKV-281seqs_alignment_7284_F_GC_0.69_avg_34.2658_std_6.25527_Tm_41.56,CCCGAGAGACTCG
CHIKV-281seqs_alignment_7015_F_GC_0.38_avg_34.2658_std_6.25527_Tm_28.95,TGATCAGAGCATA
CHIKV-281seqs_alignment_6746_F_GC_0.46_avg_34.2658_std_6.25527_Tm_32.10,AGAAGGAAGAAGC
CHIKV-281seqs_alignment_6477_F_GC_0.46_avg_34.2658_std_6.25527_Tm_32.10,ATGTGCATGTGTG
CHIKV-281seqs_alignment_6209_F_GC_0.46_avg_34.2658_std_6.25527_Tm_32.10,ACAGCTGTAAGGT
CHIKV-281seqs_alignment_5941_F_GC_0.38_avg_34.2658_std_6.25527_Tm_28.95,GGGTATATCAGTT
CHIKV-281seqs_alignment_5673_F_GC_0.69_avg_34.2658_std_6.25527_Tm_41.56,GACGGGTCGGAGA
CHIKV-281seqs_alignment_5405_F_GC_0.46_avg_34.2658_std_6.25527_Tm_32.10,ATGGGAGAAGAAC
CHIKV-281seqs_alignment_5137_F_GC_0.46_avg_34.2658_std_6.25527_Tm_32.10,ACTGCCTACTAAG
CHIKV-281seqs_alignment_4869_F_GC_0.77_avg_34.2658_std_6.25527_Tm_44.72,CGACCGCAGCACG
CHIKV-281seqs_alignment_4601_F_GC_0.38_avg_34.2658_std_6.25527_Tm_28.95,ACTGGGAAGAATT
CHIKV-281seqs_alignment_4333_F_GC_0.62_avg_34.2658_std_6.25527_Tm_38.41,GCTGCCTATCGAG
CHIKV-281seqs_alignment_4066_F_GC_0.23_avg_34.2658_std_6.25527_Tm_22.64,TGATTAATAACTG
CHIKV-281seqs_alignment_3799_F_GC_0.54_avg_34.2658_std_6.25527_Tm_35.25,CATCGGTGTTCCA
CHIKV-281seqs_alignment_3532_F_GC_0.23_avg_34.2658_std_6.25527_Tm_22.64,ATTAAATATGCAG
CHIKV-281seqs_alignment_3265_F_GC_0.69_avg_34.2658_std_6.25527_Tm_41.56,TTGCGGCCGTGTC
CHIKV-281seqs_alignment_2998_F_GC_0.69_avg_34.2658_std_6.25527_Tm_41.56,CAGGCAGCACAGG
CHIKV-281seqs_alignment_2731_F_GC_0.54_avg_34.2658_std_6.25527_Tm_35.25,AGAAACAGCGGAG
CHIKV-281seqs_alignment_2466_F_GC_0.38_avg_34.2658_std_6.25527_Tm_28.95,GAATAAAGACGGA
CHIKV-281seqs_alignment_2204_F_GC_0.46_avg_34.2658_std_6.25527_Tm_32.10,AAGCCAACGTTTG
CHIKV-281seqs_alignment_1944_F_GC_0.62_avg_34.2658_std_6.25527_Tm_38.41,GCATCATCTCCCC
CHIKV-281seqs_alignment_1685_F_GC_0.38_avg_34.2658_std_6.25527_Tm_28.95,CAGAGACTAAAGA
CHIKV-281seqs_alignment_1432_F_GC_0.46_avg_34.2658_std_6.25527_Tm_32.10,GACAACGTCATGA
CHIKV-281seqs_alignment_1259_F_GC_0.54_avg_34.2658_std_6.25527_Tm_35.25,AGAGCTGGTTAGG
CHIKV-281seqs_alignment_1097_F_GC_0.62_avg_34.2658_std_6.25527_Tm_38.41,CACGTCACTGACG
CHIKV-281seqs_alignment_940_F_GC_0.54_avg_34.2658_std_6.25527_Tm_35.25,AATAGGCCTGGAG
CHIKV-281seqs_alignment_784_F_GC_0.38_avg_34.2658_std_6.25527_Tm_28.95,AAGATGTTCGGAT
CHIKV-281seqs_alignment_660_F_GC_0.38_avg_34.2658_std_6.25527_Tm_28.95,GTTAGGAGATTGA
CHIKV-281seqs_alignment_553_F_GC_0.54_avg_34.2658_std_6.25527_Tm_35.25,CTTGCGCATGCTT
CHIKV-281seqs_alignment_448_F_GC_0.31_avg_34.2658_std_6.25527_Tm_25.79,ATGAAAGCAACAA
CHIKV-281seqs_alignment_424_F_GC_0.31_avg_34.2658_std_6.25527_Tm_25.79,AGTTTGATCTAAG
CHIKV-281seqs_alignment_402_F_GC_0.54_avg_34.2658_std_6.25527_Tm_35.25,GCCGTTATGCCAT
CHIKV-281seqs_alignment_388_F_GC_0.69_avg_34.2658_std_6.25527_Tm_41.56,ACAGGCGGCACAG
CHIKV-281seqs_alignment_374_F_GC_0.54_avg_34.2658_std_6.25527_Tm_35.25,AGCAGAGTGCAAG
CHIKV-281seqs_alignment_361_F_GC_0.38_avg_34.2658_std_6.25527_Tm_28.95,ATAACGACTGAGA
CHIKV-281seqs_alignment_348_F_GC_0.62_avg_34.2658_std_6.25527_Tm_38.41,CATGTGCTCCTGG
CHIKV-281seqs_alignment_335_F_GC_0.46_avg_34.2658_std_6.25527_Tm_32.10,AGGTATGAAGTGC
CHIKV-281seqs_alignment_322_F_GC_0.54_avg_34.2658_std_6.25527_Tm_35.25,AGCCACGATTGGA
CHIKV-281seqs_alignment_309_F_GC_0.46_avg_34.2658_std_6.25527_Tm_32.10,ACACGTTCCAGAA
CHIKV-281seqs_alignment_297_F_GC_0.69_avg_34.2658_std_6.25527_Tm_41.56,CACGAGGAGTGGG
CHIKV-281seqs_alignment_285_F_GC_0.54_avg_34.2658_std_6.25527_Tm_35.25,AAGACCCTGAGAG
CHIKV-281seqs_alignment_273_F_GC_0.54_avg_34.2658_std_6.25527_Tm_35.25,TTTCGGCTGTGTC
CHIKV-281seqs_alignment_261_F_GC_0.46_avg_34.2658_std_6.25527_Tm_32.10,TGATCAGGGCATA
CHIKV-281seqs_alignment_249_F_GC_0.46_avg_34.2658_std_6.25527_Tm_32.10,CCGTAAGCTTCTT
CHIKV-281seqs_alignment_237_F_GC_0.69_avg_34.2658_std_6.25527_Tm_41.56,CTTGACCGGGCGA
CHIKV-281seqs_alignment_225_F_GC_0.62_avg_34.2658_std_6.25527_Tm_38.41,GTACGCGGTCGAA
CHIKV-281seqs_alignment_213_F_GC_0.77_avg_34.2658_std_6.25527_Tm_44.72,GAGGAGGCAGCCG
CHIKV-281seqs_alignment_201_F_GC_0.38_avg_34.2658_std_6.25527_Tm_28.95,AGCTAGCAAGAAA
CHIKV-281seqs_alignment_189_F_GC_0.54_avg_34.2658_std_6.25527_Tm_35.25,CACCTGTGATAGG
CHIKV-281seqs_alignment_177_F_GC_0.46_avg_34.2658_std_6.25527_Tm_32.10,GAGATACGCGATA
CHIKV-281seqs_alignment_165_F_GC_0.38_avg_34.2658_std_6.25527_Tm_28.95,AGTCACTAATCAC
CHIKV-281seqs_alignment_153_F_GC_0.54_avg_34.2658_std_6.25527_Tm_35.25,CACAGAGAGTTGG
CHIKV-281seqs_alignment_141_F_GC_0.62_avg_34.2658_std_6.25527_Tm_38.41,GGCGCAGATGCAT
CHIKV-281seqs_alignment_129_F_GC_0.46_avg_34.2658_std_6.25527_Tm_32.10,GTGACTAGACTAG
CHIKV-281seqs_alignment_117_F_GC_0.54_avg_34.2658_std_6.25527_Tm_35.25,TGGTGGGGGATAA
CHIKV-281seqs_alignment_107_F_GC_0.54_avg_34.2658_std_6.25527_Tm_35.25,TGGGCTAAGAGCT
CHIKV-281seqs_alignment_98_F_GC_0.54_avg_34.2658_std_6.25527_Tm_35.25,TTCGACCTAAGCG
CHIKV-281seqs_alignment_90_F_GC_0.69_avg_34.2658_std_6.25527_Tm_41.56,CCGTGCCTTTGCC
CHIKV-281seqs_alignment_83_F_GC_0.46_avg_34.2658_std_6.25527_Tm_32.10,GGAGAGATTTCCA
CHIKV-281seqs_alignment_76_F_GC_0.54_avg_34.2658_std_6.25527_Tm_35.25,CCATGATTGGACC
CHIKV-281seqs_alignment_70_F_GC_0.54_avg_34.2658_std_6.25527_Tm_35.25,GACAGCGCCTTTT
CHIKV-281seqs_alignment_64_F_GC_0.46_avg_34.2658_std_6.25527_Tm_32.10,GAGATATCTGCAC
CHIKV-281seqs_alignment_59_F_GC_0.54_avg_34.2658_std_6.25527_Tm_35.25,GGACGACGAGTTA
CHIKV-281seqs_alignment_55_F_GC_0.46_avg_34.2658_std_6.25527_Tm_32.10,AAGTATCTCCAGG
CHIKV-281seqs_alignment_12997_R_GC_0.54_avg_34.793_std_5.82908_Tm_35.25,ACAACCAGTCCCA
CHIKV-281seqs_alignment_12465_R_GC_0.31_avg_34.793_std_5.82908_Tm_25.79,TGCATCATATTGA
CHIKV-281seqs_alignment_12184_R_GC_0.54_avg_34.793_std_5.82908_Tm_35.25,CTGTTCGTTGCCA
CHIKV-281seqs_alignment_11903_R_GC_0.54_avg_34.793_std_5.82908_Tm_35.25,CTGCTGTCATGAC
CHIKV-281seqs_alignment_11622_R_GC_0.46_avg_34.793_std_5.82908_Tm_32.10,CTTTAATCGCCTG
CHIKV-281seqs_alignment_11342_R_GC_0.38_avg_34.793_std_5.82908_Tm_28.95,TTCCTTGGTAAAG
CHIKV-281seqs_alignment_11063_R_GC_0.69_avg_34.793_std_5.82908_Tm_41.56,CGCTAGCCATGGG
CHIKV-281seqs_alignment_10785_R_GC_0.38_avg_34.793_std_5.82908_Tm_28.95,GGCAGTTTTCTTT
CHIKV-281seqs_alignment_10507_R_GC_0.54_avg_34.793_std_5.82908_Tm_35.25,CAAAGGTGGCCAT
CHIKV-281seqs_alignment_10231_R_GC_0.46_avg_34.793_std_5.82908_Tm_32.10,ATTCCCTTGGACT
CHIKV-281seqs_alignment_9956_R_GC_0.46_avg_34.793_std_5.82908_Tm_32.10,TTTCGTAGCAGCA
CHIKV-281seqs_alignment_9681_R_GC_0.46_avg_34.793_std_5.82908_Tm_32.10,GCTTGACTTCGAA
CHIKV-281seqs_alignment_9407_R_GC_0.46_avg_34.793_std_5.82908_Tm_32.10,TGGTCAGGATACA
CHIKV-281seqs_alignment_9133_R_GC_0.46_avg_34.793_std_5.82908_Tm_32.10,ATACTTTCCCCCA
CHIKV-281seqs_alignment_8859_R_GC_0.62_avg_34.793_std_5.82908_Tm_38.41,ACGTGGACCAGTC
CHIKV-281seqs_alignment_8587_R_GC_0.62_avg_34.793_std_5.82908_Tm_38.41,CTGAGCTTCTGGC
CHIKV-281seqs_alignment_8317_R_GC_0.54_avg_34.793_std_5.82908_Tm_35.25,GAGAACAGCACAC
CHIKV-281seqs_alignment_8048_R_GC_0.54_avg_34.793_std_5.82908_Tm_35.25,TGCTCATCCAGCA
CHIKV-281seqs_alignment_7779_R_GC_0.54_avg_34.793_std_5.82908_Tm_35.25,ACACTCCACGTTG
CHIKV-281seqs_alignment_7510_R_GC_0.38_avg_34.793_std_5.82908_Tm_28.95,TTTCCCCTTTTAC
CHIKV-281seqs_alignment_7241_R_GC_0.38_avg_34.793_std_5.82908_Tm_28.95,GCATTTGCAGTTT
CHIKV-281seqs_alignment_6972_R_GC_0.62_avg_34.793_std_5.82908_Tm_38.41,TCTCTGCCCTCAC
CHIKV-281seqs_alignment_6703_R_GC_0.69_avg_34.793_std_5.82908_Tm_41.56,TGCTCCACCTCCC
CHIKV-281seqs_alignment_6434_R_GC_0.46_avg_34.793_std_5.82908_Tm_32.10,GCCTGTATAACCT
CHIKV-281seqs_alignment_6165_R_GC_0.69_avg_34.793_std_5.82908_Tm_41.56,CATCCTGCTCGGG
CHIKV-281seqs_alignment_5897_R_GC_0.38_avg_34.793_std_5.82908_Tm_28.95,GTTCTTTCTCTGA
CHIKV-281seqs_alignment_5629_R_GC_0.54_avg_34.793_std_5.82908_Tm_35.25,GGTGAAATGGGTG
CHIKV-281seqs_alignment_5361_R_GC_0.54_avg_34.793_std_5.82908_Tm_35.25,CTCCTGAGTACTG
CHIKV-281seqs_alignment_5094_R_GC_0.62_avg_34.793_std_5.82908_Tm_38.41,CACGTACGGAGAC
CHIKV-281seqs_alignment_4827_R_GC_0.62_avg_34.793_std_5.82908_Tm_38.41,CATCTGGCTGCCA
CHIKV-281seqs_alignment_4560_R_GC_0.62_avg_34.793_std_5.82908_Tm_38.41,AATCAGGGCTGCC
CHIKV-281seqs_alignment_4293_R_GC_0.38_avg_34.793_std_5.82908_Tm_28.95,ATGCATCATACTC
CHIKV-281seqs_alignment_4027_R_GC_0.62_avg_34.793_std_5.82908_Tm_38.41,CCGTCTGTCGCTT
CHIKV-281seqs_alignment_3761_R_GC_0.54_avg_34.793_std_5.82908_Tm_35.25,CACACCGAGAATG
CHIKV-281seqs_alignment_3495_R_GC_0.46_avg_34.793_std_5.82908_Tm_32.10,GCGTAATACACAG
CHIKV-281seqs_alignment_3230_R_GC_0.69_avg_34.793_std_5.82908_Tm_41.56,GTGACGCCGGGTA
CHIKV-281seqs_alignment_2965_R_GC_0.62_avg_34.793_std_5.82908_Tm_38.41,CGGTCTCTGCAGT
CHIKV-281seqs_alignment_2700_R_GC_0.69_avg_34.793_std_5.82908_Tm_41.56,TGGGTGCAGGCTG
CHIKV-281seqs_alignment_2436_R_GC_0.46_avg_34.793_std_5.82908_Tm_32.10,GAGAAGTTTGGTC
CHIKV-281seqs_alignment_2173_R_GC_0.46_avg_34.793_std_5.82908_Tm_32.10,TGATACCTGCTTC
CHIKV-281seqs_alignment_1917_R_GC_0.69_avg_34.793_std_5.82908_Tm_41.56,CCCCGTCGTCTAG
CHIKV-281seqs_alignment_1667_R_GC_0.46_avg_34.793_std_5.82908_Tm_32.10,GACAGGAGTATGA
CHIKV-281seqs_alignment_1432_R_GC_0.54_avg_34.793_std_5.82908_Tm_35.25,AGGGAGTGATCCA
CHIKV-281seqs_alignment_1253_R_GC_0.46_avg_34.793_std_5.82908_Tm_32.10,CACCGCAATTACA
CHIKV-281seqs_alignment_1080_R_GC_0.77_avg_34.793_std_5.82908_Tm_44.72,GCGGTCTGGGCCT
CHIKV-281seqs_alignment_923_R_GC_0.54_avg_34.793_std_5.82908_Tm_35.25,TTCCTTTGCGGAC
CHIKV-281seqs_alignment_811_R_GC_0.38_avg_34.793_std_5.82908_Tm_28.95,AGTGGTTAATCCT
CHIKV-281seqs_alignment_718_R_GC_0.31_avg_34.793_std_5.82908_Tm_25.79,TCTGCTTCTTTTT
CHIKV-281seqs_alignment_627_R_GC_0.54_avg_34.793_std_5.82908_Tm_35.25,AGTGATCCACTCC
CHIKV-281seqs_alignment_539_R_GC_0.62_avg_34.793_std_5.82908_Tm_38.41,ACGAACGAGGCCA
CHIKV-281seqs_alignment_496_R_GC_0.54_avg_34.793_std_5.82908_Tm_35.25,CAGCAACAGCAAC
CHIKV-281seqs_alignment_472_R_GC_0.54_avg_34.793_std_5.82908_Tm_35.25,GGTACCTGCTTCT
CHIKV-281seqs_alignment_451_R_GC_0.62_avg_34.793_std_5.82908_Tm_38.41,GCTGGTTCTAGGG
CHIKV-281seqs_alignment_434_R_GC_0.62_avg_34.793_std_5.82908_Tm_38.41,ACGCCCCCAAAGT
CHIKV-281seqs_alignment_419_R_GC_0.62_avg_34.793_std_5.82908_Tm_38.41,GGGTGGTGTGTGA
CHIKV-281seqs_alignment_404_R_GC_0.46_avg_34.793_std_5.82908_Tm_32.10,ATGCATCGTACTC
CHIKV-281seqs_alignment_390_R_GC_0.46_avg_34.793_std_5.82908_Tm_32.10,CCGAAAATGACAC
CHIKV-281seqs_alignment_377_R_GC_0.62_avg_34.793_std_5.82908_Tm_38.41,CTTCACGTACGGG
CHIKV-281seqs_alignment_364_R_GC_0.46_avg_34.793_std_5.82908_Tm_32.10,TCAGACAGTTGCA
CHIKV-281seqs_alignment_351_R_GC_0.31_avg_34.793_std_5.82908_Tm_25.79,GAGTAATTTGAGA
CHIKV-281seqs_alignment_338_R_GC_0.54_avg_34.793_std_5.82908_Tm_35.25,CAACAGGGGATGA
CHIKV-281seqs_alignment_326_R_GC_0.62_avg_34.793_std_5.82908_Tm_38.41,GTGGACGTGGTCT
CHIKV-281seqs_alignment_314_R_GC_0.46_avg_34.793_std_5.82908_Tm_32.10,CATTTGTATGGCC
CHIKV-281seqs_alignment_302_R_GC_0.54_avg_34.793_std_5.82908_Tm_35.25,GCTCTGTCCTTTC
CHIKV-281seqs_alignment_290_R_GC_0.38_avg_34.793_std_5.82908_Tm_28.95,AAGCACTCAACAT
CHIKV-281seqs_alignment_278_R_GC_0.54_avg_34.793_std_5.82908_Tm_35.25,GGCCTCTGTAGTA
CHIKV-281seqs_alignment_266_R_GC_0.31_avg_34.793_std_5.82908_Tm_25.79,TTATTGAAGCATG
CHIKV-281seqs_alignment_254_R_GC_0.38_avg_34.793_std_5.82908_Tm_28.95,GATTTTCAGCGTT
CHIKV-281seqs_alignment_242_R_GC_0.46_avg_34.793_std_5.82908_Tm_32.10,TGAGAACAGTACG
CHIKV-281seqs_alignment_230_R_GC_0.54_avg_34.793_std_5.82908_Tm_35.25,GACAACCCCATGT
CHIKV-281seqs_alignment_218_R_GC_0.46_avg_34.793_std_5.82908_Tm_32.10,CATAATGCACGGA
CHIKV-281seqs_alignment_206_R_GC_0.54_avg_34.793_std_5.82908_Tm_35.25,GTGGTTGTCAGTC
CHIKV-281seqs_alignment_194_R_GC_0.46_avg_34.793_std_5.82908_Tm_32.10,TTGTTGACCAACC
CHIKV-281seqs_alignment_182_R_GC_0.54_avg_34.793_std_5.82908_Tm_35.25,GCCTGTATGACCT
CHIKV-281seqs_alignment_170_R_GC_0.46_avg_34.793_std_5.82908_Tm_32.10,CTTTCTCTGATGC
CHIKV-281seqs_alignment_158_R_GC_0.62_avg_34.793_std_5.82908_Tm_38.41,CTCCGAGCATCTG
CHIKV-281seqs_alignment_146_R_GC_0.38_avg_34.793_std_5.82908_Tm_28.95,ATCTTTCTGCTGT
CHIKV-281seqs_alignment_134_R_GC_0.69_avg_34.793_std_5.82908_Tm_41.56,AACCGGCCTCCTG
CHIKV-281seqs_alignment_122_R_GC_0.62_avg_34.793_std_5.82908_Tm_38.41,CGCTCTGTCGTCT
CHIKV-281seqs_alignment_110_R_GC_0.69_avg_34.793_std_5.82908_Tm_41.56,ACCCTGCTCGGGT
CHIKV-281seqs_alignment_98_R_GC_0.54_avg_34.793_std_5.82908_Tm_35.25,CTTCACTTGCTCC
CHIKV-281seqs_alignment_82_R_GC_0.54_avg_34.793_std_5.82908_Tm_35.25,TCAGTGCTGCAAC
CHIKV-281seqs_alignment_76_R_GC_0.54_avg_34.793_std_5.82908_Tm_35.25,TCGCTGTCTGTCA
CHIKV-281seqs_alignment_70_R_GC_0.46_avg_34.793_std_5.82908_Tm_32.10,CAGTAGCATGATG
CHIKV-281seqs_alignment_64_R_GC_0.38_avg_34.793_std_5.82908_Tm_28.95,TACCTTACCTTCA
CHIKV-281seqs_alignment_59_R_GC_0.62_avg_34.793_std_5.82908_Tm_38.41,GACTCCTGGGAAG
CHIKV-281seqs_alignment_54_R_GC_0.38_avg_34.793_std_5.82908_Tm_28.95,TGCCTGATTGATT
CHIKV-281seqs_alignment_49_R_GC_0.62_avg_34.793_std_5.82908_Tm_38.41,CGAAGGTGGCCAT
CHIKV-281seqs_alignment_45_R_GC_0.77_avg_34.793_std_5.82908_Tm_44.72,CCCGGTCCCCTTC
