DENV-3862seqs_alignment_161005_F_GC_0.38_avg_32.0696_std_5.12287_Tm_28.95,TTAGAGAGCAGAT
DENV-3862seqs_alignment_154099_F_GC_0.54_avg_32.0696_std_5.12287_Tm_35.25,ACACCAGAAGGGA
DENV-3862seqs_alignment_151056_F_GC_0.38_avg_32.0696_std_5.12287_Tm_28.95,AACCAAGATGAAC
DENV-3862seqs_alignment_148394_F_GC_0.38_avg_32.0696_std_5.12287_Tm_28.95,AAACCAACATTGG
DENV-3862seqs_alignment_146147_F_GC_0.46_avg_32.0696_std_5.12287_Tm_32.10,GGACAAAAGAAGG
DENV-3862seqs_alignment_143914_F_GC_0.46_avg_32.0696_std_5.12287_Tm_32.10,GATGAGGAAAGAG
DENV-3862seqs_alignment_141686_F_GC_0.54_avg_32.0696_std_5.12287_Tm_35.25,AACCCATGGATGG
DENV-3862seqs_alignment_139475_F_GC_0.46_avg_32.0696_std_5.12287_Tm_32.10,GAACACACAGGAA
DENV-3862seqs_alignment_137300_F_GC_0.54_avg_32.0696_std_5.12287_Tm_35.25,GGTTTGTGGAGAG
DENV-3862seqs_alignment_135228_F_GC_0.62_avg_32.0696_std_5.12287_Tm_38.41,TGGCTAGATGGGG
DENV-3862seqs_alignment_133231_F_GC_0.54_avg_32.0696_std_5.12287_Tm_35.25,GACAGCCATTGCA
DENV-3862seqs_alignment_131417_F_GC_0.38_avg_32.0696_std_5.12287_Tm_28.95,GGACCATGAAAAT
DENV-3862seqs_alignment_129757_F_GC_0.54_avg_32.0696_std_5.12287_Tm_35.25,CCCAAGACAACCA
DENV-3862seqs_alignment_128106_F_GC_0.54_avg_32.0696_std_5.12287_Tm_35.25,AACATGTGCACCC
DENV-3862seqs_alignment_126478_F_GC_0.23_avg_32.0696_std_5.12287_Tm_22.64,CAATGAAAGAAAA
DENV-3862seqs_alignment_124859_F_GC_0.46_avg_32.0696_std_5.12287_Tm_32.10,GAAGAGGTGATGA
DENV-3862seqs_alignment_123243_F_GC_0.38_avg_32.0696_std_5.12287_Tm_28.95,TACCAGAGATTGA
DENV-3862seqs_alignment_121629_F_GC_0.46_avg_32.0696_std_5.12287_Tm_32.10,AGAGAGGAGTTCA
DENV-3862seqs_alignment_120016_F_GC_0.38_avg_32.0696_std_5.12287_Tm_28.95,TGAACATTGTGGA
DENV-3862seqs_alignment_118405_F_GC_0.23_avg_32.0696_std_5.12287_Tm_22.64,ATAGAAAGTGAAA
DENV-3862seqs_alignment_116805_F_GC_0.62_avg_32.0696_std_5.12287_Tm_38.41,AAGGCATGGGAGG
DENV-3862seqs_alignment_115236_F_GC_0.46_avg_32.0696_std_5.12287_Tm_32.10,GTGGTGATAGGTT
DENV-3862seqs_alignment_113676_F_GC_0.54_avg_32.0696_std_5.12287_Tm_35.25,GATCAGCCTCATC
DENV-3862seqs_alignment_112140_F_GC_0.38_avg_32.0696_std_5.12287_Tm_28.95,GTGATATTGGTGA
DENV-3862seqs_alignment_110605_F_GC_0.38_avg_32.0696_std_5.12287_Tm_28.95,CAGTCAACATTGA
DENV-3862seqs_alignment_109072_F_GC_0.62_avg_32.0696_std_5.12287_Tm_38.41,TAGCAGGAGCAGG
DENV-3862seqs_alignment_107541_F_GC_0.46_avg_32.0696_std_5.12287_Tm_32.10,AAGAAGTGCAGGT
DENV-3862seqs_alignment_106024_F_GC_0.46_avg_32.0696_std_5.12287_Tm_32.10,CAGACACCATAGA
DENV-3862seqs_alignment_104516_F_GC_0.54_avg_32.0696_std_5.12287_Tm_35.25,TATGGGACACACC
DENV-3862seqs_alignment_103022_F_GC_0.62_avg_32.0696_std_5.12287_Tm_38.41,GAAGCTCAGCCGA
DENV-3862seqs_alignment_101532_F_GC_0.38_avg_32.0696_std_5.12287_Tm_28.95,CTTGGTTTCATGA
DENV-3862seqs_alignment_100054_F_GC_0.38_avg_32.0696_std_5.12287_Tm_28.95,AAACAACATGGCT
DENV-3862seqs_alignment_98589_F_GC_0.62_avg_32.0696_std_5.12287_Tm_38.41,GTGGAGACTTGGG
DENV-3862seqs_alignment_97128_F_GC_0.38_avg_32.0696_std_5.12287_Tm_28.95,AAGTGTGTGACAA
DENV-3862seqs_alignment_95672_F_GC_0.31_avg_32.0696_std_5.12287_Tm_25.79,GCTAAAATCATAG
DENV-3862seqs_alignment_94269_F_GC_0.31_avg_32.0696_std_5.12287_Tm_25.79,ATTGTTGCAATAG
DENV-3862seqs_alignment_92936_F_GC_0.54_avg_32.0696_std_5.12287_Tm_35.25,CAACAGCAGGGAT
DENV-3862seqs_alignment_91622_F_GC_0.46_avg_32.0696_std_5.12287_Tm_32.10,TGGACAAAGGAAG
DENV-3862seqs_alignment_90308_F_GC_0.62_avg_32.0696_std_5.12287_Tm_38.41,GAACAGGGTGTGG
DENV-3862seqs_alignment_89004_F_GC_0.46_avg_32.0696_std_5.12287_Tm_32.10,CGAAAGGCTGAAA
DENV-3862seqs_alignment_87782_F_GC_0.46_avg_32.0696_std_5.12287_Tm_32.10,TAGAAGCAGAACC
DENV-3862seqs_alignment_86617_F_GC_0.54_avg_32.0696_std_5.12287_Tm_35.25,TGGCATCTGTGGA
DENV-3862seqs_alignment_85467_F_GC_0.46_avg_32.0696_std_5.12287_Tm_32.10,GGATCAGCATCAT
DENV-3862seqs_alignment_84317_F_GC_0.46_avg_32.0696_std_5.12287_Tm_32.10,AGGGTTATAGACC
DENV-3862seqs_alignment_83180_F_GC_0.46_avg_32.0696_std_5.12287_Tm_32.10,ATTGTGTCAGCAG
DENV-3862seqs_alignment_82044_F_GC_0.54_avg_32.0696_std_5.12287_Tm_35.25,GTGACATAGGGGA
DENV-3862seqs_alignment_80908_F_GC_0.38_avg_32.0696_std_5.12287_Tm_28.95,TAGTGTCATCAGT
DENV-3862seqs_alignment_79774_F_GC_0.31_avg_32.0696_std_5.12287_Tm_25.79,CAGAGAATTGAAA
DENV-3862seqs_alignment_78644_F_GC_0.38_avg_32.0696_std_5.12287_Tm_28.95,AAGGAATCATTCC
DENV-3862seqs_alignment_77529_F_GC_0.38_avg_32.0696_std_5.12287_Tm_28.95,ACACATGGAAGAT
DENV-3862seqs_alignment_76416_F_GC_0.54_avg_32.0696_std_5.12287_Tm_35.25,CGGATTGGATACC
DENV-3862seqs_alignment_75303_F_GC_0.54_avg_32.0696_std_5.12287_Tm_35.25,CCAGAATCCCCTT
DENV-3862seqs_alignment_74191_F_GC_0.62_avg_32.0696_std_5.12287_Tm_38.41,GACCCAAGACGGT
DENV-3862seqs_alignment_73081_F_GC_0.46_avg_32.0696_std_5.12287_Tm_32.10,GGAAATAGAGGAC
DENV-3862seqs_alignment_71979_F_GC_0.38_avg_32.0696_std_5.12287_Tm_28.95,TACCAAAACAAGG
DENV-3862seqs_alignment_70880_F_GC_0.38_avg_32.0696_std_5.12287_Tm_28.95,TGAGAATGGACAA
DENV-3862seqs_alignment_69782_F_GC_0.31_avg_32.0696_std_5.12287_Tm_25.79,CATGCAAAAAGAA
DENV-3862seqs_alignment_68687_F_GC_0.38_avg_32.0696_std_5.12287_Tm_28.95,CCAGAGAAGAATT
DENV-3862seqs_alignment_67593_F_GC_0.46_avg_32.0696_std_5.12287_Tm_32.10,GGAACGAAACATG
DENV-3862seqs_alignment_66509_F_GC_0.31_avg_32.0696_std_5.12287_Tm_25.79,TGGACTATGAAAA
DENV-3862seqs_alignment_65435_F_GC_0.38_avg_32.0696_std_5.12287_Tm_28.95,TGACTCTAAAAGG
DENV-3862seqs_alignment_64378_F_GC_0.62_avg_32.0696_std_5.12287_Tm_38.41,AGTGAACTGCCGG
DENV-3862seqs_alignment_63332_F_GC_0.46_avg_32.0696_std_5.12287_Tm_32.10,AGTTTGAAGCCCT
DENV-3862seqs_alignment_62289_F_GC_0.54_avg_32.0696_std_5.12287_Tm_35.25,TGGACTTGGGAGA
DENV-3862seqs_alignment_61254_F_GC_0.38_avg_32.0696_std_5.12287_Tm_28.95,GGAATAACAGTGA
DENV-3862seqs_alignment_60221_F_GC_0.62_avg_32.0696_std_5.12287_Tm_38.41,CTTGGCTGGTGCA
DENV-3862seqs_alignment_59191_F_GC_0.46_avg_32.0696_std_5.12287_Tm_32.10,ATGTGTCATGCCA
DENV-3862seqs_alignment_58167_F_GC_0.54_avg_32.0696_std_5.12287_Tm_35.25,GGAGTATTGTGGG
DENV-3862seqs_alignment_57185_F_GC_0.38_avg_32.0696_std_5.12287_Tm_28.95,GCATTGAAGACAA
DENV-3862seqs_alignment_56211_F_GC_0.38_avg_32.0696_std_5.12287_Tm_28.95,GGACTTCTCTTTT
DENV-3862seqs_alignment_55242_F_GC_0.46_avg_32.0696_std_5.12287_Tm_32.10,TTGGAACTGGAGA
DENV-3862seqs_alignment_54276_F_GC_0.62_avg_32.0696_std_5.12287_Tm_38.41,GCCCTACTGGCTA
DENV-3862seqs_alignment_53321_F_GC_0.46_avg_32.0696_std_5.12287_Tm_32.10,CAGCTATAGCCAA
DENV-3862seqs_alignment_52402_F_GC_0.38_avg_32.0696_std_5.12287_Tm_28.95,AAAATGCTCTCCA
DENV-3862seqs_alignment_51487_F_GC_0.69_avg_32.0696_std_5.12287_Tm_41.56,CAAGAGTGGGGCG
DENV-3862seqs_alignment_50579_F_GC_0.54_avg_32.0696_std_5.12287_Tm_35.25,GAAGGAGCTTGGA
DENV-3862seqs_alignment_49672_F_GC_0.31_avg_32.0696_std_5.12287_Tm_25.79,CAAGATGAAGAAA
DENV-3862seqs_alignment_48796_F_GC_0.46_avg_32.0696_std_5.12287_Tm_32.10,GAACCTCCTTTTG
DENV-3862seqs_alignment_47922_F_GC_0.46_avg_32.0696_std_5.12287_Tm_32.10,GTGACATTGGAGA
DENV-3862seqs_alignment_47049_F_GC_0.31_avg_32.0696_std_5.12287_Tm_25.79,ATGATAAATGGAG
DENV-3862seqs_alignment_46177_F_GC_0.38_avg_32.0696_std_5.12287_Tm_28.95,ATAGAGGGAAAAG
DENV-3862seqs_alignment_45305_F_GC_0.46_avg_32.0696_std_5.12287_Tm_32.10,CCAAGAAGATGTC
DENV-3862seqs_alignment_44434_F_GC_0.38_avg_32.0696_std_5.12287_Tm_28.95,CAATAGACCTAGA
DENV-3862seqs_alignment_43565_F_GC_0.38_avg_32.0696_std_5.12287_Tm_28.95,ACAATGGAAACAC
DENV-3862seqs_alignment_42698_F_GC_0.46_avg_32.0696_std_5.12287_Tm_32.10,TAGTGACAGCTGA
DENV-3862seqs_alignment_41833_F_GC_0.46_avg_32.0696_std_5.12287_Tm_32.10,CAAGGGAAGAGTT
DENV-3862seqs_alignment_40977_F_GC_0.54_avg_32.0696_std_5.12287_Tm_35.25,AAGGAGTGGAGAG
DENV-3862seqs_alignment_40121_F_GC_0.69_avg_32.0696_std_5.12287_Tm_41.56,GGGACAAGAGGCC
DENV-3862seqs_alignment_39268_F_GC_0.31_avg_32.0696_std_5.12287_Tm_25.79,AAAAGAATGGAAG
DENV-3862seqs_alignment_38417_F_GC_0.69_avg_32.0696_std_5.12287_Tm_41.56,CAGGAGCTGGGCT
DENV-3862seqs_alignment_37567_F_GC_0.31_avg_32.0696_std_5.12287_Tm_25.79,TACCAAAACAAAG
DENV-3862seqs_alignment_36718_F_GC_0.38_avg_32.0696_std_5.12287_Tm_28.95,ATGAGGAAAACAG
DENV-3862seqs_alignment_35873_F_GC_0.54_avg_32.0696_std_5.12287_Tm_35.25,GAACTCAAGGGGA
DENV-3862seqs_alignment_35028_F_GC_0.46_avg_32.0696_std_5.12287_Tm_32.10,TGCTACTGAACAG
DENV-3862seqs_alignment_34186_F_GC_0.69_avg_32.0696_std_5.12287_Tm_41.56,GGAGCCAGGTACC
DENV-3862seqs_alignment_33347_F_GC_0.38_avg_32.0696_std_5.12287_Tm_28.95,TGGATGGTACATA
DENV-3862seqs_alignment_31688_F_GC_0.46_avg_32.0696_std_5.12287_Tm_32.10,AGGTGCAGGTTAT
DENV-3862seqs_alignment_30861_F_GC_0.38_avg_32.0696_std_5.12287_Tm_28.95,ATGAGATCCAGAT
DENV-3862seqs_alignment_30037_F_GC_0.46_avg_32.0696_std_5.12287_Tm_32.10,ATGGCAACAACGT
DENV-3862seqs_alignment_29217_F_GC_0.62_avg_32.0696_std_5.12287_Tm_38.41,CGTCAGCAGACCT
DENV-3862seqs_alignment_28409_F_GC_0.46_avg_32.0696_std_5.12287_Tm_32.10,ACCATGGCTAAGA
DENV-3862seqs_alignment_27609_F_GC_0.23_avg_32.0696_std_5.12287_Tm_22.64,AAAATTGGAATAG
DENV-3862seqs_alignment_26836_F_GC_0.38_avg_32.0696_std_5.12287_Tm_28.95,GGAATTGATGATG
DENV-3862seqs_alignment_26079_F_GC_0.62_avg_32.0696_std_5.12287_Tm_38.41,GGCGTTCTATGGG
DENV-3862seqs_alignment_25370_F_GC_0.46_avg_32.0696_std_5.12287_Tm_32.10,ACATGTGTACCCT
DENV-3862seqs_alignment_24666_F_GC_0.54_avg_32.0696_std_5.12287_Tm_35.25,TCCCTAACAGCCA
DENV-3862seqs_alignment_23976_F_GC_0.38_avg_32.0696_std_5.12287_Tm_28.95,AAGCTTGCTTAAC
DENV-3862seqs_alignment_23288_F_GC_0.46_avg_32.0696_std_5.12287_Tm_32.10,AATGCAGAACCAG
DENV-3862seqs_alignment_22624_F_GC_0.54_avg_32.0696_std_5.12287_Tm_35.25,CCAACAGCAGGAA
DENV-3862seqs_alignment_22121_F_GC_0.54_avg_32.0696_std_5.12287_Tm_35.25,GGGTAATAGACCC
DENV-3862seqs_alignment_21621_F_GC_0.31_avg_32.0696_std_5.12287_Tm_25.79,AGACTAAAAATGG
DENV-3862seqs_alignment_21125_F_GC_0.38_avg_32.0696_std_5.12287_Tm_28.95,TGAACATGACATC
DENV-3862seqs_alignment_20648_F_GC_0.54_avg_32.0696_std_5.12287_Tm_35.25,ATGTGTCACGCCA
DENV-3862seqs_alignment_20199_F_GC_0.23_avg_32.0696_std_5.12287_Tm_22.64,AAGAAAGAGAAAT
DENV-3862seqs_alignment_19760_F_GC_0.62_avg_32.0696_std_5.12287_Tm_38.41,GGTTCGTCGAGAG
DENV-3862seqs_alignment_19338_F_GC_0.62_avg_32.0696_std_5.12287_Tm_38.41,TGGCATCCGTGGA
DENV-3862seqs_alignment_18942_F_GC_0.31_avg_32.0696_std_5.12287_Tm_25.79,TATCAAAACAAGG
DENV-3862seqs_alignment_18566_F_GC_0.54_avg_32.0696_std_5.12287_Tm_35.25,TGGTTCGTGGAGA
DENV-3862seqs_alignment_18209_F_GC_0.46_avg_32.0696_std_5.12287_Tm_32.10,ATTTCCCTGACAG
DENV-3862seqs_alignment_17859_F_GC_0.46_avg_32.0696_std_5.12287_Tm_32.10,AAACCAACCTTGG
DENV-3862seqs_alignment_17515_F_GC_0.23_avg_32.0696_std_5.12287_Tm_22.64,TATCAAAACAAAG
DENV-3862seqs_alignment_17172_F_GC_0.54_avg_32.0696_std_5.12287_Tm_35.25,ATGGCGTCGAAAG
DENV-3862seqs_alignment_16859_F_GC_0.46_avg_32.0696_std_5.12287_Tm_32.10,TCCTTTCCCAAAG
DENV-3862seqs_alignment_16562_F_GC_0.46_avg_32.0696_std_5.12287_Tm_32.10,TCATAGCCATCCT
DENV-3862seqs_alignment_16001_F_GC_0.62_avg_32.0696_std_5.12287_Tm_38.41,TGACGACGATGGC
DENV-3862seqs_alignment_15748_F_GC_0.23_avg_32.0696_std_5.12287_Tm_22.64,TTGCAATAGATTT
DENV-3862seqs_alignment_15496_F_GC_0.38_avg_32.0696_std_5.12287_Tm_28.95,AATTTGAAGCCCT
DENV-3862seqs_alignment_15253_F_GC_0.62_avg_32.0696_std_5.12287_Tm_38.41,ACCAGGCAGTGGT
DENV-3862seqs_alignment_15031_F_GC_0.46_avg_32.0696_std_5.12287_Tm_32.10,TGCACTCTCATTG
DENV-3862seqs_alignment_14821_F_GC_0.54_avg_32.0696_std_5.12287_Tm_35.25,AACGCAGAACCAG
DENV-3862seqs_alignment_14613_F_GC_0.46_avg_32.0696_std_5.12287_Tm_32.10,GACATCTCAAGTG
DENV-3862seqs_alignment_14407_F_GC_0.46_avg_32.0696_std_5.12287_Tm_32.10,TGGAACAGAGTGT
DENV-3862seqs_alignment_14211_F_GC_0.46_avg_32.0696_std_5.12287_Tm_32.10,TCATAGGAGCAGA
DENV-3862seqs_alignment_14028_F_GC_0.38_avg_32.0696_std_5.12287_Tm_28.95,ACAATCCAGAGAT
DENV-3862seqs_alignment_13846_F_GC_0.62_avg_32.0696_std_5.12287_Tm_38.41,ACGTCCCTTCACC
DENV-3862seqs_alignment_13665_F_GC_0.62_avg_32.0696_std_5.12287_Tm_38.41,GGAGCTACTTGGC
DENV-3862seqs_alignment_13488_F_GC_0.31_avg_32.0696_std_5.12287_Tm_25.79,GTTATCAAGAATG
DENV-3862seqs_alignment_13311_F_GC_0.38_avg_32.0696_std_5.12287_Tm_28.95,GTTCCATGTAGAA
DENV-3862seqs_alignment_13135_F_GC_0.46_avg_32.0696_std_5.12287_Tm_32.10,ACGTGTGCTAAGT
DENV-3862seqs_alignment_12959_F_GC_0.62_avg_32.0696_std_5.12287_Tm_38.41,CCATGGTGAACGG
DENV-3862seqs_alignment_12785_F_GC_0.54_avg_32.0696_std_5.12287_Tm_35.25,ACCAAGCCACAGT
DENV-3862seqs_alignment_12613_F_GC_0.46_avg_32.0696_std_5.12287_Tm_32.10,TGAACAGGTTCAC
DENV-3862seqs_alignment_12445_F_GC_0.46_avg_32.0696_std_5.12287_Tm_32.10,GAAAGGTCATGGA
DENV-3862seqs_alignment_12277_F_GC_0.38_avg_32.0696_std_5.12287_Tm_28.95,GAGAGCTCAAAAA
DENV-3862seqs_alignment_12113_F_GC_0.54_avg_32.0696_std_5.12287_Tm_35.25,TGGCCATGACAAC
DENV-3862seqs_alignment_11949_F_GC_0.54_avg_32.0696_std_5.12287_Tm_35.25,TGGACTAGAGAGG
DENV-3862seqs_alignment_11786_F_GC_0.31_avg_32.0696_std_5.12287_Tm_25.79,TAGAACCAATATC
DENV-3862seqs_alignment_11623_F_GC_0.38_avg_32.0696_std_5.12287_Tm_28.95,GAAATAACAGCAC
DENV-3862seqs_alignment_11461_F_GC_0.38_avg_32.0696_std_5.12287_Tm_28.95,ATAGAGGAAGGAA
DENV-3862seqs_alignment_11299_F_GC_0.46_avg_32.0696_std_5.12287_Tm_32.10,TGACATGTGCGAA
DENV-3862seqs_alignment_11137_F_GC_0.46_avg_32.0696_std_5.12287_Tm_32.10,GGAGAGTGATAGA
DENV-3862seqs_alignment_10975_F_GC_0.54_avg_32.0696_std_5.12287_Tm_35.25,ATTATCCCAGCCC
DENV-3862seqs_alignment_10814_F_GC_0.46_avg_32.0696_std_5.12287_Tm_32.10,GAGAAATGGCTGA
DENV-3862seqs_alignment_10654_F_GC_0.31_avg_32.0696_std_5.12287_Tm_25.79,CTCATAAAGAATG
DENV-3862seqs_alignment_10495_F_GC_0.38_avg_32.0696_std_5.12287_Tm_28.95,TGTCACTAGAGAA
DENV-3862seqs_alignment_10336_F_GC_0.31_avg_32.0696_std_5.12287_Tm_25.79,ACAAGACAATCAA
DENV-3862seqs_alignment_10178_F_GC_0.38_avg_32.0696_std_5.12287_Tm_28.95,AGCCAGATTATGA
DENV-3862seqs_alignment_9863_F_GC_0.46_avg_32.0696_std_5.12287_Tm_32.10,AAGGGATCATTCC
DENV-3862seqs_alignment_9706_F_GC_0.54_avg_32.0696_std_5.12287_Tm_35.25,CTCATAGCCATGG
DENV-3862seqs_alignment_9550_F_GC_0.46_avg_32.0696_std_5.12287_Tm_32.10,CCATCTTTGAGGA
DENV-3862seqs_alignment_9394_F_GC_0.69_avg_32.0696_std_5.12287_Tm_41.56,TGGCTTCCGGTGC
DENV-3862seqs_alignment_9238_F_GC_0.46_avg_32.0696_std_5.12287_Tm_32.10,TCATGCTTGTAGC
DENV-3862seqs_alignment_9082_F_GC_0.46_avg_32.0696_std_5.12287_Tm_32.10,GGGACAAAGAAGA
DENV-3862seqs_alignment_8928_F_GC_0.38_avg_32.0696_std_5.12287_Tm_28.95,TGGAAGAATGCTT
DENV-3862seqs_alignment_8775_F_GC_0.69_avg_32.0696_std_5.12287_Tm_41.56,CCAGAGTCCCCAG
DENV-3862seqs_alignment_8622_F_GC_0.46_avg_32.0696_std_5.12287_Tm_32.10,GAGTCTCATGGAT
DENV-3862seqs_alignment_8471_F_GC_0.54_avg_32.0696_std_5.12287_Tm_35.25,CCAGAGACACAGA
DENV-3862seqs_alignment_8322_F_GC_0.38_avg_32.0696_std_5.12287_Tm_28.95,CAAAAGGGAAAGT
DENV-3862seqs_alignment_8174_F_GC_0.46_avg_32.0696_std_5.12287_Tm_32.10,GAATTAGAACCCC
DENV-3862seqs_alignment_8026_F_GC_0.23_avg_32.0696_std_5.12287_Tm_22.64,AAAGCAAAAATCT
DENV-3862seqs_alignment_7882_F_GC_0.46_avg_32.0696_std_5.12287_Tm_32.10,GGCAAAGCGAAAA
DENV-3862seqs_alignment_7742_F_GC_0.62_avg_32.0696_std_5.12287_Tm_38.41,GCCCTCCAGAAGT
DENV-3862seqs_alignment_7603_F_GC_0.62_avg_32.0696_std_5.12287_Tm_38.41,TGGCTTGGAGCAC
DENV-3862seqs_alignment_7465_F_GC_0.38_avg_32.0696_std_5.12287_Tm_28.95,TACAAAGAGTGGA
DENV-3862seqs_alignment_7329_F_GC_0.46_avg_32.0696_std_5.12287_Tm_32.10,GTGATTGACCTAG
DENV-3862seqs_alignment_7196_F_GC_0.54_avg_32.0696_std_5.12287_Tm_35.25,TGCTGCAGATGGA
DENV-3862seqs_alignment_7065_F_GC_0.69_avg_32.0696_std_5.12287_Tm_41.56,CCAACCAGGCAGC
DENV-3862seqs_alignment_6935_F_GC_0.62_avg_32.0696_std_5.12287_Tm_38.41,GAAGGGGCTTGGA
DENV-3862seqs_alignment_6811_F_GC_0.46_avg_32.0696_std_5.12287_Tm_32.10,CAAAGATCAGGAG
DENV-3862seqs_alignment_6688_F_GC_0.62_avg_32.0696_std_5.12287_Tm_38.41,TGGAACACGGGAG
DENV-3862seqs_alignment_6567_F_GC_0.54_avg_32.0696_std_5.12287_Tm_35.25,CGTTGATGCTCCT
DENV-3862seqs_alignment_6446_F_GC_0.54_avg_32.0696_std_5.12287_Tm_35.25,GACGTAAGATGGG
DENV-3862seqs_alignment_6330_F_GC_0.46_avg_32.0696_std_5.12287_Tm_32.10,AGCTGACCTATCA
DENV-3862seqs_alignment_6217_F_GC_0.62_avg_32.0696_std_5.12287_Tm_38.41,GGAGTCTCTTGGG
DENV-3862seqs_alignment_6110_F_GC_0.54_avg_32.0696_std_5.12287_Tm_35.25,GTCTGGAATAGGG
DENV-3862seqs_alignment_6004_F_GC_0.31_avg_32.0696_std_5.12287_Tm_25.79,GGAATTAATGATG
DENV-3862seqs_alignment_5904_F_GC_0.38_avg_32.0696_std_5.12287_Tm_28.95,GAAAGGCGAAAAT
DENV-3862seqs_alignment_5805_F_GC_0.54_avg_32.0696_std_5.12287_Tm_35.25,TCAAGCCATCAGG
DENV-3862seqs_alignment_5608_F_GC_0.46_avg_32.0696_std_5.12287_Tm_32.10,CACAAGGGAAGAA
DENV-3862seqs_alignment_5511_F_GC_0.54_avg_32.0696_std_5.12287_Tm_35.25,GGACAAAAGAGGG
DENV-3862seqs_alignment_5415_F_GC_0.38_avg_32.0696_std_5.12287_Tm_28.95,CAATCATGGATGA
DENV-3862seqs_alignment_5323_F_GC_0.38_avg_32.0696_std_5.12287_Tm_28.95,TAGAAGAAGGAAG
DENV-3862seqs_alignment_5231_F_GC_0.62_avg_32.0696_std_5.12287_Tm_38.41,AGGTCTCCTGGGA
DENV-3862seqs_alignment_5140_F_GC_0.38_avg_32.0696_std_5.12287_Tm_28.95,TGGACATTGAACT
DENV-3862seqs_alignment_5057_F_GC_0.38_avg_32.0696_std_5.12287_Tm_28.95,TGGAAAAACATGG
DENV-3862seqs_alignment_4974_F_GC_0.46_avg_32.0696_std_5.12287_Tm_32.10,GTGATAGGCATAC
DENV-3862seqs_alignment_4893_F_GC_0.54_avg_32.0696_std_5.12287_Tm_35.25,ATGTGCCATGCCA
DENV-3862seqs_alignment_4813_F_GC_0.38_avg_32.0696_std_5.12287_Tm_28.95,GAAGAAATGCTCA
DENV-3862seqs_alignment_4736_F_GC_0.46_avg_32.0696_std_5.12287_Tm_32.10,GTTCCATGCAGAA
DENV-3862seqs_alignment_4662_F_GC_0.62_avg_32.0696_std_5.12287_Tm_38.41,GAGACCCTGGAGA
DENV-3862seqs_alignment_4591_F_GC_0.31_avg_32.0696_std_5.12287_Tm_25.79,AGATTGTTGATCT
DENV-3862seqs_alignment_4521_F_GC_0.31_avg_32.0696_std_5.12287_Tm_25.79,AGAAGTTCTTCTT
DENV-3862seqs_alignment_4451_F_GC_0.46_avg_32.0696_std_5.12287_Tm_32.10,GAGAAGCAATGCA
DENV-3862seqs_alignment_4382_F_GC_0.38_avg_32.0696_std_5.12287_Tm_28.95,AAAAAGCAGCAGA
DENV-3862seqs_alignment_4314_F_GC_0.54_avg_32.0696_std_5.12287_Tm_35.25,TTGAGGCAGAACC
DENV-3862seqs_alignment_4246_F_GC_0.46_avg_32.0696_std_5.12287_Tm_32.10,CCTGTGCTATGTT
DENV-3862seqs_alignment_4178_F_GC_0.54_avg_32.0696_std_5.12287_Tm_35.25,AGGTCAAACGCAG
DENV-3862seqs_alignment_4111_F_GC_0.38_avg_32.0696_std_5.12287_Tm_28.95,ATAGAGCTTCAGA
DENV-3862seqs_alignment_4045_F_GC_0.31_avg_32.0696_std_5.12287_Tm_25.79,TACCAAAATAAGG
DENV-3862seqs_alignment_3979_F_GC_0.54_avg_32.0696_std_5.12287_Tm_35.25,CTGACTCCCCAAA
DENV-3862seqs_alignment_3918_F_GC_0.62_avg_32.0696_std_5.12287_Tm_38.41,GGGGTCTCATGGA
DENV-3862seqs_alignment_3857_F_GC_0.38_avg_32.0696_std_5.12287_Tm_28.95,TGGTTTGTGGAAA
DENV-3862seqs_alignment_3800_F_GC_0.31_avg_32.0696_std_5.12287_Tm_25.79,AGTTCTAACAGTT
DENV-3862seqs_alignment_3744_F_GC_0.46_avg_32.0696_std_5.12287_Tm_32.10,CAGCTCTCTTTGA
DENV-3862seqs_alignment_3690_F_GC_0.38_avg_32.0696_std_5.12287_Tm_28.95,GGACACTTGAAAT
DENV-3862seqs_alignment_3637_F_GC_0.38_avg_32.0696_std_5.12287_Tm_28.95,GTTGTCAAGAATG
DENV-3862seqs_alignment_3585_F_GC_0.38_avg_32.0696_std_5.12287_Tm_28.95,CACAATGGCAAAA
DENV-3862seqs_alignment_3535_F_GC_0.54_avg_32.0696_std_5.12287_Tm_35.25,GCTTCAGCTATCC
DENV-3862seqs_alignment_3486_F_GC_0.23_avg_32.0696_std_5.12287_Tm_22.64,TCTTTAAGAACAA
DENV-3862seqs_alignment_3437_F_GC_0.46_avg_32.0696_std_5.12287_Tm_32.10,AAAGCATGGATGG
DENV-3862seqs_alignment_3389_F_GC_0.46_avg_32.0696_std_5.12287_Tm_32.10,GAACTAGAGAGAG
DENV-3862seqs_alignment_3342_F_GC_0.38_avg_32.0696_std_5.12287_Tm_28.95,GAAGAAGTGATGA
DENV-3862seqs_alignment_3295_F_GC_0.38_avg_32.0696_std_5.12287_Tm_28.95,TGTGTACTCTCAT
DENV-3862seqs_alignment_3249_F_GC_0.62_avg_32.0696_std_5.12287_Tm_38.41,GAACCAGAGCGTG
DENV-3862seqs_alignment_3203_F_GC_0.46_avg_32.0696_std_5.12287_Tm_32.10,TAGAGTTCGAAGC
DENV-3862seqs_alignment_3160_F_GC_0.23_avg_32.0696_std_5.12287_Tm_22.64,TTGTTATTCATGA
DENV-3862seqs_alignment_3117_F_GC_0.54_avg_32.0696_std_5.12287_Tm_35.25,TGGTGAGAGCTAC
DENV-3862seqs_alignment_3076_F_GC_0.38_avg_32.0696_std_5.12287_Tm_28.95,TGGATACCATTAG
DENV-3862seqs_alignment_3035_F_GC_0.31_avg_32.0696_std_5.12287_Tm_25.79,AATGATACATGGA
DENV-3862seqs_alignment_2995_F_GC_0.62_avg_32.0696_std_5.12287_Tm_38.41,TGAAGGCGCTTGG
DENV-3862seqs_alignment_2956_F_GC_0.54_avg_32.0696_std_5.12287_Tm_35.25,TTGGATCCTGTGG
DENV-3862seqs_alignment_2918_F_GC_0.69_avg_32.0696_std_5.12287_Tm_41.56,CCTGGAAGCTGGC
DENV-3862seqs_alignment_2880_F_GC_0.46_avg_32.0696_std_5.12287_Tm_32.10,ATCCATGGATGGA
DENV-3862seqs_alignment_2842_F_GC_0.31_avg_32.0696_std_5.12287_Tm_25.79,GATTTATCATTGG
DENV-3862seqs_alignment_2804_F_GC_0.62_avg_32.0696_std_5.12287_Tm_38.41,GCAGACCTCAGGA
DENV-3862seqs_alignment_2767_F_GC_0.69_avg_32.0696_std_5.12287_Tm_41.56,CAACGGGCTGGAG
DENV-3862seqs_alignment_2731_F_GC_0.54_avg_32.0696_std_5.12287_Tm_35.25,GTGGTGATAGGTC
DENV-3862seqs_alignment_2695_F_GC_0.46_avg_32.0696_std_5.12287_Tm_32.10,ACAGTGCTAATGG
DENV-3862seqs_alignment_2659_F_GC_0.31_avg_32.0696_std_5.12287_Tm_25.79,AGATGGACAAATT
DENV-3862seqs_alignment_2624_F_GC_0.31_avg_32.0696_std_5.12287_Tm_25.79,TGGATTTTGAACT
DENV-3862seqs_alignment_2589_F_GC_0.54_avg_32.0696_std_5.12287_Tm_35.25,AGCACACAGGAAG
DENV-3862seqs_alignment_2555_F_GC_0.46_avg_32.0696_std_5.12287_Tm_32.10,TGGATTTGGGAGA
DENV-3862seqs_alignment_2521_F_GC_0.46_avg_32.0696_std_5.12287_Tm_32.10,TCTTCGAGCATGA
DENV-3862seqs_alignment_2487_F_GC_0.38_avg_32.0696_std_5.12287_Tm_28.95,GCTATATTGATGG
DENV-3862seqs_alignment_2455_F_GC_0.62_avg_32.0696_std_5.12287_Tm_38.41,GCCATTGCCAACC
DENV-3862seqs_alignment_2423_F_GC_0.69_avg_32.0696_std_5.12287_Tm_41.56,GAAGGGGCCTGGA
DENV-3862seqs_alignment_2391_F_GC_0.69_avg_32.0696_std_5.12287_Tm_41.56,TTCCGGGCCGACA
DENV-3862seqs_alignment_2360_F_GC_0.38_avg_32.0696_std_5.12287_Tm_28.95,ATGTCAAATGGGA
DENV-3862seqs_alignment_2329_F_GC_0.38_avg_32.0696_std_5.12287_Tm_28.95,GAAAGCCAAAAGA
DENV-3862seqs_alignment_2299_F_GC_0.54_avg_32.0696_std_5.12287_Tm_35.25,ATGGCAACAACGC
DENV-3862seqs_alignment_2269_F_GC_0.46_avg_32.0696_std_5.12287_Tm_32.10,CCACCTTCATCAT
DENV-3862seqs_alignment_2239_F_GC_0.46_avg_32.0696_std_5.12287_Tm_32.10,ATCTGGACGAAAG
DENV-3862seqs_alignment_2209_F_GC_0.38_avg_32.0696_std_5.12287_Tm_28.95,TTGTGAAACCAGA
DENV-3862seqs_alignment_2179_F_GC_0.69_avg_32.0696_std_5.12287_Tm_41.56,GTGCCATGCCGCA
DENV-3862seqs_alignment_2149_F_GC_0.31_avg_32.0696_std_5.12287_Tm_25.79,TGAGAGGAAAATT
DENV-3862seqs_alignment_2119_F_GC_0.23_avg_32.0696_std_5.12287_Tm_22.64,TTTTCTATCATGA
DENV-3862seqs_alignment_2090_F_GC_0.46_avg_32.0696_std_5.12287_Tm_32.10,TAGAGACACTGCT
DENV-3862seqs_alignment_2061_F_GC_0.38_avg_32.0696_std_5.12287_Tm_28.95,ACAAGAGAAGAGT
DENV-3862seqs_alignment_2033_F_GC_0.54_avg_32.0696_std_5.12287_Tm_35.25,GTCCCATGCAGAA
DENV-3862seqs_alignment_2005_F_GC_0.54_avg_32.0696_std_5.12287_Tm_35.25,CATGGAACTCAGG
DENV-3862seqs_alignment_1977_F_GC_0.54_avg_32.0696_std_5.12287_Tm_35.25,CACCAAATCCCAC
DENV-3862seqs_alignment_1949_F_GC_0.46_avg_32.0696_std_5.12287_Tm_32.10,CTTGAGTTCGAAG
DENV-3862seqs_alignment_1922_F_GC_0.54_avg_32.0696_std_5.12287_Tm_35.25,ATTGCCATGGACC
DENV-3862seqs_alignment_1896_F_GC_0.54_avg_32.0696_std_5.12287_Tm_35.25,GTGGAAATCGAGG
DENV-3862seqs_alignment_1870_F_GC_0.46_avg_32.0696_std_5.12287_Tm_32.10,TGTACAGAACTGG
DENV-3862seqs_alignment_1844_F_GC_0.23_avg_32.0696_std_5.12287_Tm_22.64,TACCAAAATAAAG
DENV-3862seqs_alignment_1818_F_GC_0.31_avg_32.0696_std_5.12287_Tm_25.79,ACAAACAATGGTT
DENV-3862seqs_alignment_1792_F_GC_0.54_avg_32.0696_std_5.12287_Tm_35.25,CAACAGCAGGAGT
DENV-3862seqs_alignment_1767_F_GC_0.46_avg_32.0696_std_5.12287_Tm_32.10,CACCTGAAATGCA
DENV-3862seqs_alignment_1743_F_GC_0.31_avg_32.0696_std_5.12287_Tm_25.79,ACATGATTTCAAG
DENV-3862seqs_alignment_1720_F_GC_0.46_avg_32.0696_std_5.12287_Tm_32.10,TTCAGCGGTGTTT
DENV-3862seqs_alignment_1697_F_GC_0.46_avg_32.0696_std_5.12287_Tm_32.10,TGACCTACGTTGT
DENV-3862seqs_alignment_1674_F_GC_0.38_avg_32.0696_std_5.12287_Tm_28.95,AAGGAGAATGGAA
DENV-3862seqs_alignment_1652_F_GC_0.38_avg_32.0696_std_5.12287_Tm_28.95,CTAAAGCATCACA
DENV-3862seqs_alignment_1630_F_GC_0.38_avg_32.0696_std_5.12287_Tm_28.95,TCATGGAATTCAG
DENV-3862seqs_alignment_1608_F_GC_0.31_avg_32.0696_std_5.12287_Tm_25.79,ACACAACATCAAA
DENV-3862seqs_alignment_1587_F_GC_0.31_avg_32.0696_std_5.12287_Tm_25.79,ATGGAGAAATTGA
DENV-3862seqs_alignment_1566_F_GC_0.31_avg_32.0696_std_5.12287_Tm_25.79,TAAACATGACATC
DENV-3862seqs_alignment_1545_F_GC_0.38_avg_32.0696_std_5.12287_Tm_28.95,AATGGTTGGAAAC
DENV-3862seqs_alignment_1524_F_GC_0.38_avg_32.0696_std_5.12287_Tm_28.95,AAAAGATGGGGAA
DENV-3862seqs_alignment_1504_F_GC_0.38_avg_32.0696_std_5.12287_Tm_28.95,GGCTGAAAAGAAT
DENV-3862seqs_alignment_1484_F_GC_0.38_avg_32.0696_std_5.12287_Tm_28.95,CAGATGGATTGTT
DENV-3862seqs_alignment_1464_F_GC_0.38_avg_32.0696_std_5.12287_Tm_28.95,GATCTCTGATGAA
DENV-3862seqs_alignment_1444_F_GC_0.38_avg_32.0696_std_5.12287_Tm_28.95,GTCATCACAGAAA
DENV-3862seqs_alignment_1406_F_GC_0.54_avg_32.0696_std_5.12287_Tm_35.25,ATAGACCCCAGAC
DENV-3862seqs_alignment_1388_F_GC_0.62_avg_32.0696_std_5.12287_Tm_38.41,TGGCGACAGCCAT
DENV-3862seqs_alignment_1370_F_GC_0.31_avg_32.0696_std_5.12287_Tm_25.79,GAAAAGCCAAAAT
DENV-3862seqs_alignment_1352_F_GC_0.54_avg_32.0696_std_5.12287_Tm_35.25,GAGACTCTGGAGA
DENV-3862seqs_alignment_1334_F_GC_0.54_avg_32.0696_std_5.12287_Tm_35.25,TGACTGAGGACTG
DENV-3862seqs_alignment_1316_F_GC_0.54_avg_32.0696_std_5.12287_Tm_35.25,GGAGGAACTACCA
DENV-3862seqs_alignment_1298_F_GC_0.62_avg_32.0696_std_5.12287_Tm_38.41,GAAGGAGCCTGGA
DENV-3862seqs_alignment_1281_F_GC_0.46_avg_32.0696_std_5.12287_Tm_32.10,TGTTAGGAGTTGG
DENV-3862seqs_alignment_1264_F_GC_0.46_avg_32.0696_std_5.12287_Tm_32.10,TTTGGTCCGGAAA
DENV-3862seqs_alignment_1248_F_GC_0.31_avg_32.0696_std_5.12287_Tm_25.79,AATATGCTGAAAC
DENV-3862seqs_alignment_1232_F_GC_0.23_avg_32.0696_std_5.12287_Tm_22.64,ATATTTAAGCTCA
DENV-3862seqs_alignment_1216_F_GC_0.38_avg_32.0696_std_5.12287_Tm_28.95,GGAAAGGCAAAAA
DENV-3862seqs_alignment_1200_F_GC_0.62_avg_32.0696_std_5.12287_Tm_38.41,TGGACCCTGTGGT
DENV-3862seqs_alignment_1185_F_GC_0.31_avg_32.0696_std_5.12287_Tm_25.79,AAAGCAAAGATCT
DENV-3862seqs_alignment_1170_F_GC_0.38_avg_32.0696_std_5.12287_Tm_28.95,AATCTTCACCAAG
DENV-3862seqs_alignment_1155_F_GC_0.62_avg_32.0696_std_5.12287_Tm_38.41,GAGCTCGCTTCCT
DENV-3862seqs_alignment_1140_F_GC_0.46_avg_32.0696_std_5.12287_Tm_32.10,AATGCCCACAAAG
DENV-3862seqs_alignment_1125_F_GC_0.46_avg_32.0696_std_5.12287_Tm_32.10,ATAGAGCTCCAGA
DENV-3862seqs_alignment_1110_F_GC_0.54_avg_32.0696_std_5.12287_Tm_35.25,GGAGACAAATGGG
DENV-3862seqs_alignment_1095_F_GC_0.38_avg_32.0696_std_5.12287_Tm_28.95,TTCAGTCAACATG
DENV-3862seqs_alignment_161502_R_GC_0.38_avg_31.9103_std_5.10772_Tm_28.95,CTATGGCTTAATC
DENV-3862seqs_alignment_156204_R_GC_0.38_avg_31.9103_std_5.10772_Tm_28.95,GTTTCTCCTCTTT
DENV-3862seqs_alignment_153276_R_GC_0.31_avg_31.9103_std_5.10772_Tm_25.79,AGCATTTTTGCTT
DENV-3862seqs_alignment_150827_R_GC_0.62_avg_31.9103_std_5.10772_Tm_38.41,GGAGTGGCTGTCA
DENV-3862seqs_alignment_148398_R_GC_0.31_avg_31.9103_std_5.10772_Tm_25.79,TGAATCTCTTCAT
DENV-3862seqs_alignment_145992_R_GC_0.46_avg_31.9103_std_5.10772_Tm_32.10,TATTGCTCTGTCC
DENV-3862seqs_alignment_143591_R_GC_0.54_avg_31.9103_std_5.10772_Tm_35.25,TCCATGGGTTGTG
DENV-3862seqs_alignment_141315_R_GC_0.69_avg_31.9103_std_5.10772_Tm_41.56,CCCCAGCCTCTGT
DENV-3862seqs_alignment_139093_R_GC_0.54_avg_31.9103_std_5.10772_Tm_35.25,CCATGTTCTCCTC
DENV-3862seqs_alignment_136881_R_GC_0.46_avg_31.9103_std_5.10772_Tm_32.10,TTTCTGGTTCTGG
DENV-3862seqs_alignment_134777_R_GC_0.31_avg_31.9103_std_5.10772_Tm_25.79,CCATTTCTGAAAT
DENV-3862seqs_alignment_132813_R_GC_0.38_avg_31.9103_std_5.10772_Tm_28.95,GTTGTCATCCATT
DENV-3862seqs_alignment_130875_R_GC_0.31_avg_31.9103_std_5.10772_Tm_25.79,TTTGGATTTCTGT
DENV-3862seqs_alignment_128937_R_GC_0.54_avg_31.9103_std_5.10772_Tm_35.25,TCGTGGTGTTCCA
DENV-3862seqs_alignment_127043_R_GC_0.46_avg_31.9103_std_5.10772_Tm_32.10,CCCACGTTTTGTA
DENV-3862seqs_alignment_125301_R_GC_0.54_avg_31.9103_std_5.10772_Tm_35.25,CGTACTGTGGCTT
DENV-3862seqs_alignment_123559_R_GC_0.38_avg_31.9103_std_5.10772_Tm_28.95,TGGTACCTTATTG
DENV-3862seqs_alignment_121851_R_GC_0.38_avg_31.9103_std_5.10772_Tm_28.95,TCCTAGTGAAAAG
DENV-3862seqs_alignment_120190_R_GC_0.46_avg_31.9103_std_5.10772_Tm_32.10,TAGGCCCATGTTT
DENV-3862seqs_alignment_118538_R_GC_0.31_avg_31.9103_std_5.10772_Tm_25.79,ATGTACCATATTG
DENV-3862seqs_alignment_116908_R_GC_0.54_avg_31.9103_std_5.10772_Tm_35.25,TCTGGCTCTGGAA
DENV-3862seqs_alignment_115282_R_GC_0.54_avg_31.9103_std_5.10772_Tm_35.25,TGGCACTGACGTA
DENV-3862seqs_alignment_113660_R_GC_0.38_avg_31.9103_std_5.10772_Tm_28.95,CAACTTCCATGTT
DENV-3862seqs_alignment_112041_R_GC_0.38_avg_31.9103_std_5.10772_Tm_28.95,TCTTTTTCTGCCA
DENV-3862seqs_alignment_110425_R_GC_0.46_avg_31.9103_std_5.10772_Tm_32.10,TTCCTCTTTCCTG
DENV-3862seqs_alignment_108811_R_GC_0.46_avg_31.9103_std_5.10772_Tm_32.10,TCATTATTCCGGC
DENV-3862seqs_alignment_107203_R_GC_0.46_avg_31.9103_std_5.10772_Tm_32.10,TCATCATGGGAGT
DENV-3862seqs_alignment_105602_R_GC_0.54_avg_31.9103_std_5.10772_Tm_35.25,CCTGTTCCACATG
DENV-3862seqs_alignment_104004_R_GC_0.54_avg_31.9103_std_5.10772_Tm_35.25,ACTGCCTTGCTGT
DENV-3862seqs_alignment_102427_R_GC_0.38_avg_31.9103_std_5.10772_Tm_28.95,CTCCATATGAGAT
DENV-3862seqs_alignment_100850_R_GC_0.62_avg_31.9103_std_5.10772_Tm_38.41,CATGCCTCCAGCT
DENV-3862seqs_alignment_99300_R_GC_0.38_avg_31.9103_std_5.10772_Tm_28.95,ATGTCTGTTGTGA
DENV-3862seqs_alignment_97753_R_GC_0.46_avg_31.9103_std_5.10772_Tm_32.10,TTCCTCCTTGTTC
DENV-3862seqs_alignment_96217_R_GC_0.31_avg_31.9103_std_5.10772_Tm_25.79,TTTTCTTTGTCAG
DENV-3862seqs_alignment_94687_R_GC_0.54_avg_31.9103_std_5.10772_Tm_35.25,GTGGAGTTTCGTG
DENV-3862seqs_alignment_93162_R_GC_0.38_avg_31.9103_std_5.10772_Tm_28.95,TGGATGTTAGTCT
DENV-3862seqs_alignment_91652_R_GC_0.38_avg_31.9103_std_5.10772_Tm_28.95,GTGTCACATTTCT
DENV-3862seqs_alignment_90164_R_GC_0.54_avg_31.9103_std_5.10772_Tm_35.25,TCAGCTGGTGGAA
DENV-3862seqs_alignment_88687_R_GC_0.62_avg_31.9103_std_5.10772_Tm_38.41,AGTCCCACGTGTG
DENV-3862seqs_alignment_87222_R_GC_0.38_avg_31.9103_std_5.10772_Tm_28.95,CCATCTTTCATGA
DENV-3862seqs_alignment_85782_R_GC_0.46_avg_31.9103_std_5.10772_Tm_32.10,CCATGATGTCAGT
DENV-3862seqs_alignment_84353_R_GC_0.46_avg_31.9103_std_5.10772_Tm_32.10,AACCCCATAACCA
DENV-3862seqs_alignment_82927_R_GC_0.38_avg_31.9103_std_5.10772_Tm_28.95,TGTCACACTTTTC
DENV-3862seqs_alignment_81515_R_GC_0.54_avg_31.9103_std_5.10772_Tm_35.25,CCTGTTCTAGGTG
DENV-3862seqs_alignment_80144_R_GC_0.46_avg_31.9103_std_5.10772_Tm_32.10,TACCATATGGCTC
DENV-3862seqs_alignment_78821_R_GC_0.46_avg_31.9103_std_5.10772_Tm_32.10,TCCAACTTGCCTA
DENV-3862seqs_alignment_77499_R_GC_0.38_avg_31.9103_std_5.10772_Tm_28.95,ATGACATCCATGT
DENV-3862seqs_alignment_76254_R_GC_0.38_avg_31.9103_std_5.10772_Tm_28.95,TATTGTTCTGTCC
DENV-3862seqs_alignment_75013_R_GC_0.38_avg_31.9103_std_5.10772_Tm_28.95,CATCTCATTGAAG
DENV-3862seqs_alignment_73798_R_GC_0.31_avg_31.9103_std_5.10772_Tm_25.79,TGGTATCTTATTG
DENV-3862seqs_alignment_72612_R_GC_0.62_avg_31.9103_std_5.10772_Tm_38.41,CCCATCCTCTGTC
DENV-3862seqs_alignment_71438_R_GC_0.62_avg_31.9103_std_5.10772_Tm_38.41,CCTCCAGCCACTA
DENV-3862seqs_alignment_70296_R_GC_0.38_avg_31.9103_std_5.10772_Tm_28.95,TCTGGATTTCTGT
DENV-3862seqs_alignment_69161_R_GC_0.38_avg_31.9103_std_5.10772_Tm_28.95,CCATGTTTTCCAT
DENV-3862seqs_alignment_68039_R_GC_0.38_avg_31.9103_std_5.10772_Tm_28.95,ATGCAGTTCCAAA
DENV-3862seqs_alignment_66920_R_GC_0.31_avg_31.9103_std_5.10772_Tm_25.79,AGTCTTCATCATT
DENV-3862seqs_alignment_64714_R_GC_0.38_avg_31.9103_std_5.10772_Tm_28.95,AGACTTTTCCCTT
DENV-3862seqs_alignment_63638_R_GC_0.62_avg_31.9103_std_5.10772_Tm_38.41,CCATGTCGGCATG
DENV-3862seqs_alignment_62564_R_GC_0.31_avg_31.9103_std_5.10772_Tm_25.79,ATTTGGTTGTTCT
DENV-3862seqs_alignment_61498_R_GC_0.46_avg_31.9103_std_5.10772_Tm_32.10,CTCAACATTGGTG
DENV-3862seqs_alignment_60437_R_GC_0.38_avg_31.9103_std_5.10772_Tm_28.95,ATTGACAGTACCA
DENV-3862seqs_alignment_59379_R_GC_0.38_avg_31.9103_std_5.10772_Tm_28.95,GAGCATGATTGTA
DENV-3862seqs_alignment_58340_R_GC_0.31_avg_31.9103_std_5.10772_Tm_25.79,GTGTCTTTTTCTT
DENV-3862seqs_alignment_57301_R_GC_0.38_avg_31.9103_std_5.10772_Tm_28.95,AAGTCCATCTCAA
DENV-3862seqs_alignment_56274_R_GC_0.46_avg_31.9103_std_5.10772_Tm_32.10,GGCTAAATTTGGG
DENV-3862seqs_alignment_55269_R_GC_0.46_avg_31.9103_std_5.10772_Tm_32.10,CCATAGATTGCTC
DENV-3862seqs_alignment_54274_R_GC_0.62_avg_31.9103_std_5.10772_Tm_38.41,CCCACAGGTACCA
DENV-3862seqs_alignment_53286_R_GC_0.54_avg_31.9103_std_5.10772_Tm_35.25,CTCCACTCCTTGT
DENV-3862seqs_alignment_52315_R_GC_0.38_avg_31.9103_std_5.10772_Tm_28.95,CCTCCATATGATA
DENV-3862seqs_alignment_51350_R_GC_0.38_avg_31.9103_std_5.10772_Tm_28.95,CAAAAGTTGGTCT
DENV-3862seqs_alignment_50392_R_GC_0.38_avg_31.9103_std_5.10772_Tm_28.95,TGTTAGCCATTGA
DENV-3862seqs_alignment_49450_R_GC_0.31_avg_31.9103_std_5.10772_Tm_25.79,TTCATTATTCCAG
DENV-3862seqs_alignment_48571_R_GC_0.46_avg_31.9103_std_5.10772_Tm_32.10,GTCATCCACTGAT
DENV-3862seqs_alignment_47692_R_GC_0.46_avg_31.9103_std_5.10772_Tm_32.10,TTGTGCAACTCAC
DENV-3862seqs_alignment_46817_R_GC_0.62_avg_31.9103_std_5.10772_Tm_38.41,ACCCACGTAGCTC
DENV-3862seqs_alignment_45946_R_GC_0.38_avg_31.9103_std_5.10772_Tm_28.95,CCTCTTTCATTCT
DENV-3862seqs_alignment_45085_R_GC_0.54_avg_31.9103_std_5.10772_Tm_35.25,CCCAGTTTGGTTC
DENV-3862seqs_alignment_44225_R_GC_0.46_avg_31.9103_std_5.10772_Tm_32.10,GGTGCACCATTTT
DENV-3862seqs_alignment_43369_R_GC_0.31_avg_31.9103_std_5.10772_Tm_25.79,TTTTCCTCATTGT
DENV-3862seqs_alignment_42514_R_GC_0.46_avg_31.9103_std_5.10772_Tm_32.10,TAGCACGCTATCA
DENV-3862seqs_alignment_41664_R_GC_0.46_avg_31.9103_std_5.10772_Tm_32.10,CCCATTGTGAAGT
DENV-3862seqs_alignment_40816_R_GC_0.46_avg_31.9103_std_5.10772_Tm_32.10,GACATCCAGGTTT
DENV-3862seqs_alignment_39970_R_GC_0.62_avg_31.9103_std_5.10772_Tm_38.41,CTGTCCGTGGTGA
DENV-3862seqs_alignment_39124_R_GC_0.38_avg_31.9103_std_5.10772_Tm_28.95,TTTTGTTCCTTCC
DENV-3862seqs_alignment_38281_R_GC_0.38_avg_31.9103_std_5.10772_Tm_28.95,TTGTTCCTTCACA
DENV-3862seqs_alignment_37441_R_GC_0.31_avg_31.9103_std_5.10772_Tm_25.79,GCTATCTTTTTCT
DENV-3862seqs_alignment_36608_R_GC_0.62_avg_31.9103_std_5.10772_Tm_38.41,CCGCCATGTTCTG
DENV-3862seqs_alignment_35778_R_GC_0.46_avg_31.9103_std_5.10772_Tm_32.10,GTTTGCTTTTGCC
DENV-3862seqs_alignment_34955_R_GC_0.54_avg_31.9103_std_5.10772_Tm_35.25,GTTCTCGAGGTCT
DENV-3862seqs_alignment_34148_R_GC_0.62_avg_31.9103_std_5.10772_Tm_38.41,GAAACTCCGGCCA
DENV-3862seqs_alignment_33341_R_GC_0.46_avg_31.9103_std_5.10772_Tm_32.10,AATCCCAAAGCCA
DENV-3862seqs_alignment_32536_R_GC_0.31_avg_31.9103_std_5.10772_Tm_25.79,AATAACCCATATC
DENV-3862seqs_alignment_31736_R_GC_0.54_avg_31.9103_std_5.10772_Tm_35.25,TGCCAAACTCTCC
DENV-3862seqs_alignment_30939_R_GC_0.46_avg_31.9103_std_5.10772_Tm_32.10,GTAACCACTCCAT
DENV-3862seqs_alignment_30143_R_GC_0.54_avg_31.9103_std_5.10772_Tm_35.25,GACCAGGTTGTTC
DENV-3862seqs_alignment_29351_R_GC_0.54_avg_31.9103_std_5.10772_Tm_35.25,TCACCACTGGGTT
DENV-3862seqs_alignment_28564_R_GC_0.62_avg_31.9103_std_5.10772_Tm_38.41,CTGTCAGGTGCTG
DENV-3862seqs_alignment_27790_R_GC_0.46_avg_31.9103_std_5.10772_Tm_32.10,TGCTCTGAGGAAA
DENV-3862seqs_alignment_27047_R_GC_0.46_avg_31.9103_std_5.10772_Tm_32.10,AGCTTCCATGTTC
DENV-3862seqs_alignment_26394_R_GC_0.46_avg_31.9103_std_5.10772_Tm_32.10,CTGTGTATTCCTC
DENV-3862seqs_alignment_25768_R_GC_0.38_avg_31.9103_std_5.10772_Tm_28.95,TCTCCTCTTTTCA
DENV-3862seqs_alignment_25142_R_GC_0.31_avg_31.9103_std_5.10772_Tm_25.79,CATTGGTGTTATT
DENV-3862seqs_alignment_24520_R_GC_0.38_avg_31.9103_std_5.10772_Tm_28.95,AAATGGTGTGAAC
DENV-3862seqs_alignment_23918_R_GC_0.46_avg_31.9103_std_5.10772_Tm_32.10,CAAAAACCTGGTG
DENV-3862seqs_alignment_23322_R_GC_0.46_avg_31.9103_std_5.10772_Tm_32.10,GCTGCTCTTTTCT
DENV-3862seqs_alignment_22748_R_GC_0.23_avg_31.9103_std_5.10772_Tm_22.64,TAAATCTCTTCAT
DENV-3862seqs_alignment_22191_R_GC_0.46_avg_31.9103_std_5.10772_Tm_32.10,ATGTTTGCCATGG
DENV-3862seqs_alignment_21655_R_GC_0.54_avg_31.9103_std_5.10772_Tm_35.25,GCCATTCCCAAGA
DENV-3862seqs_alignment_21137_R_GC_0.38_avg_31.9103_std_5.10772_Tm_28.95,CTGTTGTCTGATA
DENV-3862seqs_alignment_20626_R_GC_0.69_avg_31.9103_std_5.10772_Tm_41.56,CTCCTGACCCTGC
DENV-3862seqs_alignment_20116_R_GC_0.31_avg_31.9103_std_5.10772_Tm_25.79,TATCACACTTTTC
DENV-3862seqs_alignment_19615_R_GC_0.62_avg_31.9103_std_5.10772_Tm_38.41,CCAATTCGCTGGG
DENV-3862seqs_alignment_19115_R_GC_0.54_avg_31.9103_std_5.10772_Tm_35.25,TTGCTCCTGACAG
DENV-3862seqs_alignment_18628_R_GC_0.46_avg_31.9103_std_5.10772_Tm_32.10,ACCCAGTACATCT
DENV-3862seqs_alignment_18167_R_GC_0.38_avg_31.9103_std_5.10772_Tm_28.95,GGAAAGAGAGATA
DENV-3862seqs_alignment_17740_R_GC_0.54_avg_31.9103_std_5.10772_Tm_35.25,TTGCTCTGGGGAA
DENV-3862seqs_alignment_16959_R_GC_0.38_avg_31.9103_std_5.10772_Tm_28.95,TTACAGAACTCCT
DENV-3862seqs_alignment_16625_R_GC_0.38_avg_31.9103_std_5.10772_Tm_28.95,TCAATGCTATGTC
DENV-3862seqs_alignment_16310_R_GC_0.54_avg_31.9103_std_5.10772_Tm_35.25,CTTACCTAGGTGC
DENV-3862seqs_alignment_16005_R_GC_0.54_avg_31.9103_std_5.10772_Tm_35.25,CCGTACTATGGCT
DENV-3862seqs_alignment_15705_R_GC_0.38_avg_31.9103_std_5.10772_Tm_28.95,CCTTTTCCAAACA
DENV-3862seqs_alignment_15410_R_GC_0.46_avg_31.9103_std_5.10772_Tm_32.10,CAATTGGGTTGAC
DENV-3862seqs_alignment_15150_R_GC_0.31_avg_31.9103_std_5.10772_Tm_25.79,TGATACCTTATTG
DENV-3862seqs_alignment_14908_R_GC_0.54_avg_31.9103_std_5.10772_Tm_35.25,TTGTGCAGCTCAC
DENV-3862seqs_alignment_14671_R_GC_0.38_avg_31.9103_std_5.10772_Tm_28.95,TTTCCTGATGACA
DENV-3862seqs_alignment_14439_R_GC_0.38_avg_31.9103_std_5.10772_Tm_28.95,CCATCCTTCATAA
DENV-3862seqs_alignment_14213_R_GC_0.62_avg_31.9103_std_5.10772_Tm_38.41,CCTGTTCTGGGTG
DENV-3862seqs_alignment_13988_R_GC_0.54_avg_31.9103_std_5.10772_Tm_35.25,CCATGTCAGCATG
DENV-3862seqs_alignment_13770_R_GC_0.62_avg_31.9103_std_5.10772_Tm_38.41,TCAGCTCAGTGGG
DENV-3862seqs_alignment_13560_R_GC_0.38_avg_31.9103_std_5.10772_Tm_28.95,TGTTCCAAAACCT
DENV-3862seqs_alignment_13350_R_GC_0.54_avg_31.9103_std_5.10772_Tm_35.25,GTAGCTCCTGTCA
DENV-3862seqs_alignment_13142_R_GC_0.62_avg_31.9103_std_5.10772_Tm_38.41,CCATGGTAAGCCC
DENV-3862seqs_alignment_12935_R_GC_0.38_avg_31.9103_std_5.10772_Tm_28.95,CATGATGGTTCAA
DENV-3862seqs_alignment_12731_R_GC_0.54_avg_31.9103_std_5.10772_Tm_35.25,TCTGTGGAAAGGC
DENV-3862seqs_alignment_12535_R_GC_0.38_avg_31.9103_std_5.10772_Tm_28.95,ACCCAATACATCT
DENV-3862seqs_alignment_12345_R_GC_0.54_avg_31.9103_std_5.10772_Tm_35.25,GCAGCTGTCCTTT
DENV-3862seqs_alignment_12161_R_GC_0.46_avg_31.9103_std_5.10772_Tm_32.10,GCACTCACATATG
DENV-3862seqs_alignment_11978_R_GC_0.54_avg_31.9103_std_5.10772_Tm_35.25,CTTCTGTCCAGTG
DENV-3862seqs_alignment_11796_R_GC_0.46_avg_31.9103_std_5.10772_Tm_32.10,TACTGTTCTGTCC
DENV-3862seqs_alignment_11615_R_GC_0.38_avg_31.9103_std_5.10772_Tm_28.95,CGATTTCTTCTGT
DENV-3862seqs_alignment_11437_R_GC_0.46_avg_31.9103_std_5.10772_Tm_32.10,TGTGTCTCAGCAT
DENV-3862seqs_alignment_11260_R_GC_0.46_avg_31.9103_std_5.10772_Tm_32.10,GACATCCACGTTT
DENV-3862seqs_alignment_11083_R_GC_0.31_avg_31.9103_std_5.10772_Tm_25.79,TCTTAAACAAGAG
DENV-3862seqs_alignment_10907_R_GC_0.38_avg_31.9103_std_5.10772_Tm_28.95,TGAAGATCATCCT
DENV-3862seqs_alignment_10735_R_GC_0.31_avg_31.9103_std_5.10772_Tm_25.79,ATGATATCATGTC
DENV-3862seqs_alignment_10570_R_GC_0.46_avg_31.9103_std_5.10772_Tm_32.10,GCTGGATGCTTTT
DENV-3862seqs_alignment_10405_R_GC_0.46_avg_31.9103_std_5.10772_Tm_32.10,GAATGAGTGTGAC
DENV-3862seqs_alignment_10241_R_GC_0.31_avg_31.9103_std_5.10772_Tm_25.79,CCATTTCAGATAT
DENV-3862seqs_alignment_10078_R_GC_0.69_avg_31.9103_std_5.10772_Tm_41.56,CCTCCTGCCACCA
DENV-3862seqs_alignment_9915_R_GC_0.38_avg_31.9103_std_5.10772_Tm_28.95,TTTCTGTTGTGTG
DENV-3862seqs_alignment_9753_R_GC_0.46_avg_31.9103_std_5.10772_Tm_32.10,CCTCCATGTTCTA
DENV-3862seqs_alignment_9591_R_GC_0.23_avg_31.9103_std_5.10772_Tm_22.64,TTCCATGAATATT
DENV-3862seqs_alignment_9430_R_GC_0.46_avg_31.9103_std_5.10772_Tm_32.10,AGGTTCTGTATGG
DENV-3862seqs_alignment_9270_R_GC_0.46_avg_31.9103_std_5.10772_Tm_32.10,GTTTTCACTTGCC
DENV-3862seqs_alignment_9111_R_GC_0.62_avg_31.9103_std_5.10772_Tm_38.41,CTGTTGTTCCGGG
DENV-3862seqs_alignment_8953_R_GC_0.62_avg_31.9103_std_5.10772_Tm_38.41,CTTCTGTGGCTCC
DENV-3862seqs_alignment_8795_R_GC_0.38_avg_31.9103_std_5.10772_Tm_28.95,TGGGTTTGTAGAA
DENV-3862seqs_alignment_8637_R_GC_0.46_avg_31.9103_std_5.10772_Tm_32.10,TAACGGATTGGCA
DENV-3862seqs_alignment_8480_R_GC_0.23_avg_31.9103_std_5.10772_Tm_22.64,TGTATCTTTTCAT
DENV-3862seqs_alignment_8323_R_GC_0.38_avg_31.9103_std_5.10772_Tm_28.95,ACTCCATTTCCAT
DENV-3862seqs_alignment_8167_R_GC_0.54_avg_31.9103_std_5.10772_Tm_35.25,CCATTGACACTGC
DENV-3862seqs_alignment_8016_R_GC_0.54_avg_31.9103_std_5.10772_Tm_35.25,GTGTGATGACTCC
DENV-3862seqs_alignment_7865_R_GC_0.38_avg_31.9103_std_5.10772_Tm_28.95,TTGACCATGTTGT
DENV-3862seqs_alignment_7715_R_GC_0.46_avg_31.9103_std_5.10772_Tm_32.10,ATCCTGGTGACAT
DENV-3862seqs_alignment_7567_R_GC_0.31_avg_31.9103_std_5.10772_Tm_25.79,ATTCTGGGTTTTT
DENV-3862seqs_alignment_7421_R_GC_0.46_avg_31.9103_std_5.10772_Tm_32.10,ACAGTCTGGGATT
DENV-3862seqs_alignment_7280_R_GC_0.54_avg_31.9103_std_5.10772_Tm_35.25,AGAGTAGTCCAGC
DENV-3862seqs_alignment_7142_R_GC_0.46_avg_31.9103_std_5.10772_Tm_32.10,GCCTTTCCTATAG
DENV-3862seqs_alignment_7009_R_GC_0.38_avg_31.9103_std_5.10772_Tm_28.95,CCCATAGAAAAAG
DENV-3862seqs_alignment_6876_R_GC_0.31_avg_31.9103_std_5.10772_Tm_25.79,CATGCTTGATTTT
DENV-3862seqs_alignment_6743_R_GC_0.38_avg_31.9103_std_5.10772_Tm_28.95,ACATTGGTCTCAT
DENV-3862seqs_alignment_6615_R_GC_0.46_avg_31.9103_std_5.10772_Tm_32.10,CCTAGTTCTTTCC
DENV-3862seqs_alignment_6487_R_GC_0.54_avg_31.9103_std_5.10772_Tm_35.25,TCTCAGCCAAAGG
DENV-3862seqs_alignment_6360_R_GC_0.62_avg_31.9103_std_5.10772_Tm_38.41,GCCATCTGTTCCG
DENV-3862seqs_alignment_6234_R_GC_0.46_avg_31.9103_std_5.10772_Tm_32.10,CATAGCCATTGTC
DENV-3862seqs_alignment_6113_R_GC_0.31_avg_31.9103_std_5.10772_Tm_25.79,CATCTCATTAAAG
DENV-3862seqs_alignment_5996_R_GC_0.38_avg_31.9103_std_5.10772_Tm_28.95,GGGTATCACATTT
DENV-3862seqs_alignment_5882_R_GC_0.38_avg_31.9103_std_5.10772_Tm_28.95,ATTGTTGTCGTTC
DENV-3862seqs_alignment_5768_R_GC_0.46_avg_31.9103_std_5.10772_Tm_32.10,CCGTGATTGGTAT
DENV-3862seqs_alignment_5659_R_GC_0.38_avg_31.9103_std_5.10772_Tm_28.95,AAAAGATTCCCTC
DENV-3862seqs_alignment_5557_R_GC_0.38_avg_31.9103_std_5.10772_Tm_28.95,GTCTATAGGCTTT
DENV-3862seqs_alignment_5462_R_GC_0.69_avg_31.9103_std_5.10772_Tm_41.56,CCCATGTCGGCGT
DENV-3862seqs_alignment_5370_R_GC_0.46_avg_31.9103_std_5.10772_Tm_32.10,TGTCACACTTCTC
DENV-3862seqs_alignment_5278_R_GC_0.46_avg_31.9103_std_5.10772_Tm_32.10,CTGTGATCAGTCT
DENV-3862seqs_alignment_5186_R_GC_0.62_avg_31.9103_std_5.10772_Tm_38.41,CAGCCGTATGCAG
DENV-3862seqs_alignment_5095_R_GC_0.31_avg_31.9103_std_5.10772_Tm_25.79,ACATAACATGCTA
DENV-3862seqs_alignment_5008_R_GC_0.38_avg_31.9103_std_5.10772_Tm_28.95,GACATCCATGTTT
DENV-3862seqs_alignment_4924_R_GC_0.46_avg_31.9103_std_5.10772_Tm_32.10,ACTCCATTGCCAT
DENV-3862seqs_alignment_4842_R_GC_0.46_avg_31.9103_std_5.10772_Tm_32.10,CTTACCTAGATGC
DENV-3862seqs_alignment_4761_R_GC_0.46_avg_31.9103_std_5.10772_Tm_32.10,CCATTTCGGAGAT
DENV-3862seqs_alignment_4681_R_GC_0.38_avg_31.9103_std_5.10772_Tm_28.95,TTGGCTGTTATCA
DENV-3862seqs_alignment_4601_R_GC_0.62_avg_31.9103_std_5.10772_Tm_38.41,CCCCAGCCTCTAT
DENV-3862seqs_alignment_4522_R_GC_0.54_avg_31.9103_std_5.10772_Tm_35.25,GTTCCTCTCGACA
DENV-3862seqs_alignment_4448_R_GC_0.23_avg_31.9103_std_5.10772_Tm_22.64,TCCTCTAAAATTT
DENV-3862seqs_alignment_4378_R_GC_0.46_avg_31.9103_std_5.10772_Tm_32.10,TTCTTCACTTCCC
DENV-3862seqs_alignment_4308_R_GC_0.62_avg_31.9103_std_5.10772_Tm_38.41,CACTTCCCCTGAC
DENV-3862seqs_alignment_4239_R_GC_0.54_avg_31.9103_std_5.10772_Tm_35.25,CCAAGAATGGCTG
DENV-3862seqs_alignment_4170_R_GC_0.54_avg_31.9103_std_5.10772_Tm_35.25,ATTGCTCGGCTTC
DENV-3862seqs_alignment_4101_R_GC_0.46_avg_31.9103_std_5.10772_Tm_32.10,GTCGTCATCCATT
DENV-3862seqs_alignment_4033_R_GC_0.38_avg_31.9103_std_5.10772_Tm_28.95,TGGTTTGTTACCA
DENV-3862seqs_alignment_3967_R_GC_0.31_avg_31.9103_std_5.10772_Tm_25.79,ACTTCCACATTTT
DENV-3862seqs_alignment_3902_R_GC_0.46_avg_31.9103_std_5.10772_Tm_32.10,TTTTGACACTGGC
DENV-3862seqs_alignment_3839_R_GC_0.38_avg_31.9103_std_5.10772_Tm_28.95,GGCCTAATCATTT
DENV-3862seqs_alignment_3776_R_GC_0.62_avg_31.9103_std_5.10772_Tm_38.41,CGGCTCTGTTGTC
DENV-3862seqs_alignment_3714_R_GC_0.62_avg_31.9103_std_5.10772_Tm_38.41,GGGTGGCTGTTCT
DENV-3862seqs_alignment_3653_R_GC_0.54_avg_31.9103_std_5.10772_Tm_35.25,GCCTTTGACAGCA
DENV-3862seqs_alignment_3595_R_GC_0.38_avg_31.9103_std_5.10772_Tm_28.95,CAAAAATCTGGTG
DENV-3862seqs_alignment_3537_R_GC_0.31_avg_31.9103_std_5.10772_Tm_25.79,CAAATTCTTGGTT
DENV-3862seqs_alignment_3480_R_GC_0.38_avg_31.9103_std_5.10772_Tm_28.95,AACAGAAGGCTTT
DENV-3862seqs_alignment_3423_R_GC_0.62_avg_31.9103_std_5.10772_Tm_38.41,AAGTGGTGGGAGC
DENV-3862seqs_alignment_3366_R_GC_0.54_avg_31.9103_std_5.10772_Tm_35.25,AGCAGCACCATCA
DENV-3862seqs_alignment_3309_R_GC_0.46_avg_31.9103_std_5.10772_Tm_32.10,TATGGGTGGTCTT
DENV-3862seqs_alignment_3253_R_GC_0.31_avg_31.9103_std_5.10772_Tm_25.79,AGTACATTTCATG
DENV-3862seqs_alignment_3198_R_GC_0.54_avg_31.9103_std_5.10772_Tm_35.25,ACCACGAAATCCC
DENV-3862seqs_alignment_3144_R_GC_0.62_avg_31.9103_std_5.10772_Tm_38.41,GCGGGTATGGAGT
DENV-3862seqs_alignment_3091_R_GC_0.54_avg_31.9103_std_5.10772_Tm_35.25,CTGTAATCAGGCG
DENV-3862seqs_alignment_3046_R_GC_0.38_avg_31.9103_std_5.10772_Tm_28.95,CAAAATCCAGTTC
DENV-3862seqs_alignment_3001_R_GC_0.46_avg_31.9103_std_5.10772_Tm_32.10,GCTTCTGTCCAAT
DENV-3862seqs_alignment_2957_R_GC_0.54_avg_31.9103_std_5.10772_Tm_35.25,TCTGACGTGTGCA
DENV-3862seqs_alignment_2914_R_GC_0.46_avg_31.9103_std_5.10772_Tm_32.10,TGCAAAGGTTGGT
DENV-3862seqs_alignment_2872_R_GC_0.38_avg_31.9103_std_5.10772_Tm_28.95,TTATCTAGGAGCA
DENV-3862seqs_alignment_2830_R_GC_0.69_avg_31.9103_std_5.10772_Tm_41.56,CTCTGGGGGAAGG
DENV-3862seqs_alignment_2788_R_GC_0.38_avg_31.9103_std_5.10772_Tm_28.95,TAAGCAACACCAT
DENV-3862seqs_alignment_2747_R_GC_0.46_avg_31.9103_std_5.10772_Tm_32.10,TCTGAAGGTCATC
DENV-3862seqs_alignment_2667_R_GC_0.38_avg_31.9103_std_5.10772_Tm_28.95,TGGTATTCCAGAA
DENV-3862seqs_alignment_2630_R_GC_0.69_avg_31.9103_std_5.10772_Tm_41.56,CCAGTCCCATGCC
DENV-3862seqs_alignment_2593_R_GC_0.31_avg_31.9103_std_5.10772_Tm_25.79,TTCCAAATAATCC
DENV-3862seqs_alignment_2557_R_GC_0.62_avg_31.9103_std_5.10772_Tm_38.41,CCCCAACCTCTGT
DENV-3862seqs_alignment_2523_R_GC_0.23_avg_31.9103_std_5.10772_Tm_22.64,TCATTTCATTGAA
DENV-3862seqs_alignment_2489_R_GC_0.69_avg_31.9103_std_5.10772_Tm_41.56,CCCAGGGTTCTCC
DENV-3862seqs_alignment_2456_R_GC_0.31_avg_31.9103_std_5.10772_Tm_25.79,TTTTCTTCCAGTA
DENV-3862seqs_alignment_2424_R_GC_0.46_avg_31.9103_std_5.10772_Tm_32.10,AAGTGGTGTGAAC
DENV-3862seqs_alignment_2392_R_GC_0.62_avg_31.9103_std_5.10772_Tm_38.41,TCTGTGGCTCCTG
DENV-3862seqs_alignment_2361_R_GC_0.69_avg_31.9103_std_5.10772_Tm_41.56,CAGCCGTGTGCAG
DENV-3862seqs_alignment_2330_R_GC_0.31_avg_31.9103_std_5.10772_Tm_25.79,AATAGTTGAAGTC
DENV-3862seqs_alignment_2299_R_GC_0.54_avg_31.9103_std_5.10772_Tm_35.25,CTCAGCAAAAGGG
DENV-3862seqs_alignment_2269_R_GC_0.31_avg_31.9103_std_5.10772_Tm_25.79,TGTCACATTTTTC
DENV-3862seqs_alignment_2239_R_GC_0.31_avg_31.9103_std_5.10772_Tm_25.79,AAAAGATTCCTTC
DENV-3862seqs_alignment_2210_R_GC_0.54_avg_31.9103_std_5.10772_Tm_35.25,GTCAGGCACAACA
DENV-3862seqs_alignment_2181_R_GC_0.38_avg_31.9103_std_5.10772_Tm_28.95,AAACAGCTATCGT
DENV-3862seqs_alignment_2153_R_GC_0.31_avg_31.9103_std_5.10772_Tm_25.79,TGTGTTATTTCTC
DENV-3862seqs_alignment_2125_R_GC_0.54_avg_31.9103_std_5.10772_Tm_35.25,CAGTGAGCACGTA
DENV-3862seqs_alignment_2097_R_GC_0.38_avg_31.9103_std_5.10772_Tm_28.95,CTCATATGATCCA
DENV-3862seqs_alignment_2070_R_GC_0.38_avg_31.9103_std_5.10772_Tm_28.95,AGTCCCAATCATT
DENV-3862seqs_alignment_2043_R_GC_0.54_avg_31.9103_std_5.10772_Tm_35.25,TACTGCTCTGTCC
DENV-3862seqs_alignment_2016_R_GC_0.54_avg_31.9103_std_5.10772_Tm_35.25,CACAAGACACCCA
DENV-3862seqs_alignment_1963_R_GC_0.46_avg_31.9103_std_5.10772_Tm_32.10,GTCAGCTTTCTCA
DENV-3862seqs_alignment_1937_R_GC_0.31_avg_31.9103_std_5.10772_Tm_25.79,TCCATGTTTTCTT
DENV-3862seqs_alignment_1911_R_GC_0.62_avg_31.9103_std_5.10772_Tm_38.41,CATCATGGGGGTG
DENV-3862seqs_alignment_1886_R_GC_0.54_avg_31.9103_std_5.10772_Tm_35.25,CATATGCGGTTCC
DENV-3862seqs_alignment_1861_R_GC_0.31_avg_31.9103_std_5.10772_Tm_25.79,ACAGAAGACTTTT
DENV-3862seqs_alignment_1836_R_GC_0.23_avg_31.9103_std_5.10772_Tm_22.64,TGAATCTTTTCAT
DENV-3862seqs_alignment_1811_R_GC_0.69_avg_31.9103_std_5.10772_Tm_41.56,TGCCCATGTCCGG
DENV-3862seqs_alignment_1786_R_GC_0.69_avg_31.9103_std_5.10772_Tm_41.56,GCCTCGCGACACA
DENV-3862seqs_alignment_1762_R_GC_0.54_avg_31.9103_std_5.10772_Tm_35.25,ACAGCCTTTCCCA
DENV-3862seqs_alignment_1738_R_GC_0.38_avg_31.9103_std_5.10772_Tm_28.95,CAACTTCTTCTGT
DENV-3862seqs_alignment_1714_R_GC_0.46_avg_31.9103_std_5.10772_Tm_32.10,TGTTCCAGAACCT
DENV-3862seqs_alignment_1690_R_GC_0.38_avg_31.9103_std_5.10772_Tm_28.95,TGCCTTTTGCTTT
DENV-3862seqs_alignment_1667_R_GC_0.38_avg_31.9103_std_5.10772_Tm_28.95,TATTGTGGTGTTC
DENV-3862seqs_alignment_1644_R_GC_0.31_avg_31.9103_std_5.10772_Tm_25.79,TTCCATGAGTATT
DENV-3862seqs_alignment_1621_R_GC_0.54_avg_31.9103_std_5.10772_Tm_35.25,GCTGTGTAAGCAC
DENV-3862seqs_alignment_1598_R_GC_0.54_avg_31.9103_std_5.10772_Tm_35.25,CTCAGCATTGGTG
DENV-3862seqs_alignment_1576_R_GC_0.46_avg_31.9103_std_5.10772_Tm_32.10,TGCAGGTCATCTT
DENV-3862seqs_alignment_1554_R_GC_0.31_avg_31.9103_std_5.10772_Tm_25.79,GATATCTTATTGG
DENV-3862seqs_alignment_1532_R_GC_0.46_avg_31.9103_std_5.10772_Tm_32.10,CCTCCTGAGTTTT
DENV-3862seqs_alignment_1511_R_GC_0.54_avg_31.9103_std_5.10772_Tm_35.25,GTCATCCACTGGT
DENV-3862seqs_alignment_1490_R_GC_0.46_avg_31.9103_std_5.10772_Tm_32.10,TGTTACGATTGGG
DENV-3862seqs_alignment_1469_R_GC_0.31_avg_31.9103_std_5.10772_Tm_25.79,GACTTTTCTTCTT
DENV-3862seqs_alignment_1448_R_GC_0.46_avg_31.9103_std_5.10772_Tm_32.10,TGGCACTAACGTA
DENV-3862seqs_alignment_1427_R_GC_0.46_avg_31.9103_std_5.10772_Tm_32.10,GGGATTTTCCTCT
DENV-3862seqs_alignment_1407_R_GC_0.38_avg_31.9103_std_5.10772_Tm_28.95,CTCCGTATGAAAT
DENV-3862seqs_alignment_1387_R_GC_0.46_avg_31.9103_std_5.10772_Tm_32.10,CATCTGTTCTGTG
DENV-3862seqs_alignment_1367_R_GC_0.54_avg_31.9103_std_5.10772_Tm_35.25,AGCACCACGTCAA
DENV-3862seqs_alignment_1347_R_GC_0.31_avg_31.9103_std_5.10772_Tm_25.79,TTGAAGTGAGTTT
DENV-3862seqs_alignment_1327_R_GC_0.46_avg_31.9103_std_5.10772_Tm_32.10,CCCATATCAGCAT
DENV-3862seqs_alignment_1308_R_GC_0.38_avg_31.9103_std_5.10772_Tm_28.95,AAAACGTCAACTC
DENV-3862seqs_alignment_1289_R_GC_0.62_avg_31.9103_std_5.10772_Tm_38.41,GGAGAGCACTCCA
DENV-3862seqs_alignment_1270_R_GC_0.46_avg_31.9103_std_5.10772_Tm_32.10,TGGCCATTGTCTT
DENV-3862seqs_alignment_1252_R_GC_0.31_avg_31.9103_std_5.10772_Tm_25.79,ATTTTAGCCTCAT
DENV-3862seqs_alignment_1234_R_GC_0.69_avg_31.9103_std_5.10772_Tm_41.56,TGCCCCACCCTCT
DENV-3862seqs_alignment_1216_R_GC_0.54_avg_31.9103_std_5.10772_Tm_35.25,GTCGCTGGTATTG
DENV-3862seqs_alignment_1198_R_GC_0.38_avg_31.9103_std_5.10772_Tm_28.95,GGTTAGCTGTTAT
DENV-3862seqs_alignment_1180_R_GC_0.62_avg_31.9103_std_5.10772_Tm_38.41,GCTGGGGTTTGGT
DENV-3862seqs_alignment_1163_R_GC_0.31_avg_31.9103_std_5.10772_Tm_25.79,TATCCAGTACATT
DENV-3862seqs_alignment_1146_R_GC_0.54_avg_31.9103_std_5.10772_Tm_35.25,CACCTGGTTGTTC
DENV-3862seqs_alignment_1129_R_GC_0.62_avg_31.9103_std_5.10772_Tm_38.41,GACCCTCTGGACA
DENV-3862seqs_alignment_1113_R_GC_0.38_avg_31.9103_std_5.10772_Tm_28.95,TTCTTTCAACCCT
DENV-3862seqs_alignment_1097_R_GC_0.23_avg_31.9103_std_5.10772_Tm_22.64,ATTCCTAATGAAA
DENV-3862seqs_alignment_1065_R_GC_0.46_avg_31.9103_std_5.10772_Tm_32.10,CATAGCCGTTGTT
DENV-3862seqs_alignment_1050_R_GC_0.62_avg_31.9103_std_5.10772_Tm_38.41,ATTCCGGACCTGG
DENV-3862seqs_alignment_1035_R_GC_0.31_avg_31.9103_std_5.10772_Tm_25.79,GATCTTCATCATT
DENV-3862seqs_alignment_1020_R_GC_0.46_avg_31.9103_std_5.10772_Tm_32.10,TCTGTGACTGTCA
DENV-3862seqs_alignment_1005_R_GC_0.46_avg_31.9103_std_5.10772_Tm_32.10,TGGTACCTTCACA
DENV-3862seqs_alignment_990_R_GC_0.38_avg_31.9103_std_5.10772_Tm_28.95,ACCTCTTCATTGA
DENV-3862seqs_alignment_976_R_GC_0.69_avg_31.9103_std_5.10772_Tm_41.56,CGGACACCACTGC
