ebola-1741seqs_alignment_137285_F_GC_0.31_avg_30.1673_std_5.74794_Tm_25.79,TATGAGGAAGATT
ebola-1741seqs_alignment_135433_F_GC_0.15_avg_30.1673_std_5.74794_Tm_19.48,AGATTAAGAAAAA
ebola-1741seqs_alignment_133700_F_GC_0.23_avg_30.1673_std_5.74794_Tm_22.64,TGATGAAGATTAA
ebola-1741seqs_alignment_131974_F_GC_0.38_avg_30.1673_std_5.74794_Tm_28.95,ATTTCTTCCATGC
ebola-1741seqs_alignment_130254_F_GC_0.31_avg_30.1673_std_5.74794_Tm_25.79,GAGGAAAATTTTG
ebola-1741seqs_alignment_128536_F_GC_0.38_avg_30.1673_std_5.74794_Tm_28.95,GGAAAATTGCCTT
ebola-1741seqs_alignment_126821_F_GC_0.31_avg_30.1673_std_5.74794_Tm_25.79,AGCAATTCAAAGT
ebola-1741seqs_alignment_125107_F_GC_0.38_avg_30.1673_std_5.74794_Tm_28.95,AAGATTCACACCA
ebola-1741seqs_alignment_123396_F_GC_0.38_avg_30.1673_std_5.74794_Tm_28.95,GTATAGAGTCAGA
ebola-1741seqs_alignment_121685_F_GC_0.31_avg_30.1673_std_5.74794_Tm_25.79,TACAATCTTGCAT
ebola-1741seqs_alignment_119976_F_GC_0.38_avg_30.1673_std_5.74794_Tm_28.95,TCATGTGCTCAAA
ebola-1741seqs_alignment_118267_F_GC_0.38_avg_30.1673_std_5.74794_Tm_28.95,TTCTTCCTGTATG
ebola-1741seqs_alignment_116559_F_GC_0.46_avg_30.1673_std_5.74794_Tm_32.10,TGGATTTCGGAAC
ebola-1741seqs_alignment_114851_F_GC_0.54_avg_30.1673_std_5.74794_Tm_35.25,GCTCAAGCTCGTT
ebola-1741seqs_alignment_113143_F_GC_0.46_avg_30.1673_std_5.74794_Tm_32.10,TTCAAGAGAGTGC
ebola-1741seqs_alignment_111436_F_GC_0.54_avg_30.1673_std_5.74794_Tm_35.25,GAAGCGGTTCAAG
ebola-1741seqs_alignment_109729_F_GC_0.38_avg_30.1673_std_5.74794_Tm_28.95,CAACTGCAAATTC
ebola-1741seqs_alignment_108023_F_GC_0.46_avg_30.1673_std_5.74794_Tm_32.10,AAGAGAGGCCATT
ebola-1741seqs_alignment_106317_F_GC_0.46_avg_30.1673_std_5.74794_Tm_32.10,TGGTAGTAGGAGA
ebola-1741seqs_alignment_104612_F_GC_0.54_avg_30.1673_std_5.74794_Tm_35.25,GAGTCATCCTTGC
ebola-1741seqs_alignment_102907_F_GC_0.38_avg_30.1673_std_5.74794_Tm_28.95,ACAATTCCACAAG
ebola-1741seqs_alignment_101202_F_GC_0.46_avg_30.1673_std_5.74794_Tm_32.10,TTGTACGAAGCTG
ebola-1741seqs_alignment_99497_F_GC_0.62_avg_30.1673_std_5.74794_Tm_38.41,CTAGACGAGGACG
ebola-1741seqs_alignment_97792_F_GC_0.46_avg_30.1673_std_5.74794_Tm_32.10,TGACAATTGGTGG
ebola-1741seqs_alignment_96087_F_GC_0.31_avg_30.1673_std_5.74794_Tm_25.79,ATCACTTTATTCG
ebola-1741seqs_alignment_94382_F_GC_0.54_avg_30.1673_std_5.74794_Tm_35.25,AAGGAACACGCAC
ebola-1741seqs_alignment_92678_F_GC_0.62_avg_30.1673_std_5.74794_Tm_38.41,TGTACCAGTGGCG
ebola-1741seqs_alignment_90974_F_GC_0.31_avg_30.1673_std_5.74794_Tm_25.79,GCAGTATTGAAAT
ebola-1741seqs_alignment_89270_F_GC_0.23_avg_30.1673_std_5.74794_Tm_22.64,GCAATGAATTTTT
ebola-1741seqs_alignment_87566_F_GC_0.46_avg_30.1673_std_5.74794_Tm_32.10,GGACGATACAATC
ebola-1741seqs_alignment_85862_F_GC_0.23_avg_30.1673_std_5.74794_Tm_22.64,TTTCATCTTTTCT
ebola-1741seqs_alignment_84159_F_GC_0.38_avg_30.1673_std_5.74794_Tm_28.95,TCCTCTAAAAGGA
ebola-1741seqs_alignment_82456_F_GC_0.46_avg_30.1673_std_5.74794_Tm_32.10,CACGTGTCATTCT
ebola-1741seqs_alignment_80753_F_GC_0.62_avg_30.1673_std_5.74794_Tm_38.41,CTGGCCAAGCTGA
ebola-1741seqs_alignment_79050_F_GC_0.38_avg_30.1673_std_5.74794_Tm_28.95,AAACAATCTCCTC
ebola-1741seqs_alignment_77347_F_GC_0.38_avg_30.1673_std_5.74794_Tm_28.95,ATCTAACATCTCC
ebola-1741seqs_alignment_75645_F_GC_0.46_avg_30.1673_std_5.74794_Tm_32.10,GGTGAGTTTTCAG
ebola-1741seqs_alignment_73943_F_GC_0.23_avg_30.1673_std_5.74794_Tm_22.64,TGACAAATGATAA
ebola-1741seqs_alignment_72241_F_GC_0.38_avg_30.1673_std_5.74794_Tm_28.95,AACAATCCAGGAT
ebola-1741seqs_alignment_70539_F_GC_0.46_avg_30.1673_std_5.74794_Tm_32.10,ATTCTCGTCCTCA
ebola-1741seqs_alignment_68837_F_GC_0.46_avg_30.1673_std_5.74794_Tm_32.10,GAGGCATTCTTCA
ebola-1741seqs_alignment_67136_F_GC_0.54_avg_30.1673_std_5.74794_Tm_35.25,GACACACCTAAGG
ebola-1741seqs_alignment_65435_F_GC_0.54_avg_30.1673_std_5.74794_Tm_35.25,CAATTGCACTCGG
ebola-1741seqs_alignment_63735_F_GC_0.15_avg_30.1673_std_5.74794_Tm_19.48,TTAAATATAACTG
ebola-1741seqs_alignment_62035_F_GC_0.38_avg_30.1673_std_5.74794_Tm_28.95,CATCAGCATTCAT
ebola-1741seqs_alignment_60335_F_GC_0.31_avg_30.1673_std_5.74794_Tm_25.79,AGTGACTTAAGTA
ebola-1741seqs_alignment_58635_F_GC_0.62_avg_30.1673_std_5.74794_Tm_38.41,ACATCCGCTCTCG
ebola-1741seqs_alignment_56935_F_GC_0.23_avg_30.1673_std_5.74794_Tm_22.64,CTTAACTTCATTT
ebola-1741seqs_alignment_55236_F_GC_0.62_avg_30.1673_std_5.74794_Tm_38.41,GGGGACATGCTCA
ebola-1741seqs_alignment_53537_F_GC_0.31_avg_30.1673_std_5.74794_Tm_25.79,TAAAAGCATTACG
ebola-1741seqs_alignment_51838_F_GC_0.54_avg_30.1673_std_5.74794_Tm_35.25,TGCAGTTACCTCG
ebola-1741seqs_alignment_50140_F_GC_0.46_avg_30.1673_std_5.74794_Tm_32.10,ATCTCGTATCGCT
ebola-1741seqs_alignment_46744_F_GC_0.38_avg_30.1673_std_5.74794_Tm_28.95,ACTAAAAGATGGG
ebola-1741seqs_alignment_45047_F_GC_0.46_avg_30.1673_std_5.74794_Tm_32.10,ACAGTGACAACAC
ebola-1741seqs_alignment_43350_F_GC_0.54_avg_30.1673_std_5.74794_Tm_35.25,CATGTTCGAGCAC
ebola-1741seqs_alignment_41653_F_GC_0.31_avg_30.1673_std_5.74794_Tm_25.79,TAGTGCATAAATC
ebola-1741seqs_alignment_39956_F_GC_0.62_avg_30.1673_std_5.74794_Tm_38.41,AGGAAGGGCCGAT
ebola-1741seqs_alignment_38260_F_GC_0.31_avg_30.1673_std_5.74794_Tm_25.79,GCTAACTCATATA
ebola-1741seqs_alignment_36564_F_GC_0.31_avg_30.1673_std_5.74794_Tm_25.79,GATATCAAAGTAC
ebola-1741seqs_alignment_34868_F_GC_0.23_avg_30.1673_std_5.74794_Tm_22.64,TGTAATAATCAGA
ebola-1741seqs_alignment_33172_F_GC_0.31_avg_30.1673_std_5.74794_Tm_25.79,GTCTTAATGCAAA
ebola-1741seqs_alignment_31477_F_GC_0.38_avg_30.1673_std_5.74794_Tm_28.95,GTTTAATCTGTGG
ebola-1741seqs_alignment_29784_F_GC_0.38_avg_30.1673_std_5.74794_Tm_28.95,GATTCCAAGACAA
ebola-1741seqs_alignment_28092_F_GC_0.46_avg_30.1673_std_5.74794_Tm_32.10,ATATATGGAGGCC
ebola-1741seqs_alignment_26401_F_GC_0.38_avg_30.1673_std_5.74794_Tm_28.95,TGATACACTTGTG
ebola-1741seqs_alignment_24710_F_GC_0.46_avg_30.1673_std_5.74794_Tm_32.10,ACATCAGTGGTCA
ebola-1741seqs_alignment_23020_F_GC_0.62_avg_30.1673_std_5.74794_Tm_38.41,TCCGGACAACAGC
ebola-1741seqs_alignment_21331_F_GC_0.31_avg_30.1673_std_5.74794_Tm_25.79,GATTGATTGATGA
ebola-1741seqs_alignment_19642_F_GC_0.46_avg_30.1673_std_5.74794_Tm_32.10,ATTGGAAACCAGG
ebola-1741seqs_alignment_17953_F_GC_0.31_avg_30.1673_std_5.74794_Tm_25.79,CGGAACATAAATT
ebola-1741seqs_alignment_16266_F_GC_0.31_avg_30.1673_std_5.74794_Tm_25.79,TTATCACATCACA
ebola-1741seqs_alignment_14579_F_GC_0.69_avg_30.1673_std_5.74794_Tm_41.56,AGGCTGACAGGGC
ebola-1741seqs_alignment_12893_F_GC_0.62_avg_30.1673_std_5.74794_Tm_38.41,AGGCAGACCCACT
ebola-1741seqs_alignment_11209_F_GC_0.46_avg_30.1673_std_5.74794_Tm_32.10,CTATTGCTGGAGT
ebola-1741seqs_alignment_9526_F_GC_0.38_avg_30.1673_std_5.74794_Tm_28.95,ACAATTCTTCGGA
ebola-1741seqs_alignment_6181_F_GC_0.62_avg_30.1673_std_5.74794_Tm_38.41,AAAATCGGGGCCC
ebola-1741seqs_alignment_4540_F_GC_0.38_avg_30.1673_std_5.74794_Tm_28.95,TTGTGTGCGAATA
ebola-1741seqs_alignment_3736_F_GC_0.46_avg_30.1673_std_5.74794_Tm_32.10,AGAACAACCTAGG
ebola-1741seqs_alignment_3340_F_GC_0.23_avg_30.1673_std_5.74794_Tm_22.64,TTGTTACTGTAAT
ebola-1741seqs_alignment_3138_F_GC_0.23_avg_30.1673_std_5.74794_Tm_22.64,TCTCATTGAAATT
ebola-1741seqs_alignment_3068_F_GC_0.54_avg_30.1673_std_5.74794_Tm_35.25,TCGGGACCCATTT
ebola-1741seqs_alignment_3009_F_GC_0.38_avg_30.1673_std_5.74794_Tm_28.95,TTCAGAGCCATAT
ebola-1741seqs_alignment_2971_F_GC_0.54_avg_30.1673_std_5.74794_Tm_35.25,CATCAGTGTGCTC
ebola-1741seqs_alignment_2937_F_GC_0.38_avg_30.1673_std_5.74794_Tm_28.95,GACACACAAAAAG
ebola-1741seqs_alignment_2911_F_GC_0.46_avg_30.1673_std_5.74794_Tm_32.10,AAAGTCGAACCCA
ebola-1741seqs_alignment_2885_F_GC_0.46_avg_30.1673_std_5.74794_Tm_32.10,ATGGCTAAAGCCA
ebola-1741seqs_alignment_2861_F_GC_0.46_avg_30.1673_std_5.74794_Tm_32.10,GTGAGAGTCATCT
ebola-1741seqs_alignment_2838_F_GC_0.23_avg_30.1673_std_5.74794_Tm_22.64,ATAGCAACATTAT
ebola-1741seqs_alignment_2815_F_GC_0.54_avg_30.1673_std_5.74794_Tm_35.25,ACCAGGCTTTCCT
ebola-1741seqs_alignment_2793_F_GC_0.54_avg_30.1673_std_5.74794_Tm_35.25,TGGAGTTGCCACA
ebola-1741seqs_alignment_2774_F_GC_0.46_avg_30.1673_std_5.74794_Tm_32.10,GAGGCTATTCAAG
ebola-1741seqs_alignment_2756_F_GC_0.23_avg_30.1673_std_5.74794_Tm_22.64,GATAATGATGATA
ebola-1741seqs_alignment_2740_F_GC_0.31_avg_30.1673_std_5.74794_Tm_25.79,AGTATCTACTGAT
ebola-1741seqs_alignment_2724_F_GC_0.69_avg_30.1673_std_5.74794_Tm_41.56,ACAGGCCCCACAC
ebola-1741seqs_alignment_2708_F_GC_0.54_avg_30.1673_std_5.74794_Tm_35.25,CTGGCTTCAACTG
ebola-1741seqs_alignment_2692_F_GC_0.46_avg_30.1673_std_5.74794_Tm_32.10,ACGAGACAGAAGA
ebola-1741seqs_alignment_2676_F_GC_0.46_avg_30.1673_std_5.74794_Tm_32.10,ATGCCTTAGTCTG
ebola-1741seqs_alignment_2660_F_GC_0.46_avg_30.1673_std_5.74794_Tm_32.10,TTAGCCTACTCCA
ebola-1741seqs_alignment_2644_F_GC_0.31_avg_30.1673_std_5.74794_Tm_25.79,TAACTTCAACAGT
ebola-1741seqs_alignment_2628_F_GC_0.62_avg_30.1673_std_5.74794_Tm_38.41,TCCTCACCGACCA
ebola-1741seqs_alignment_2596_F_GC_0.38_avg_30.1673_std_5.74794_Tm_28.95,TTATTCTCCACGA
ebola-1741seqs_alignment_2581_F_GC_0.46_avg_30.1673_std_5.74794_Tm_32.10,TCGTACAATGTGC
ebola-1741seqs_alignment_2566_F_GC_0.69_avg_30.1673_std_5.74794_Tm_41.56,GTGCCGACTGCAC
ebola-1741seqs_alignment_2551_F_GC_0.46_avg_30.1673_std_5.74794_Tm_32.10,CTCACTGATCAAG
ebola-1741seqs_alignment_2536_F_GC_0.38_avg_30.1673_std_5.74794_Tm_28.95,ACTTGCTTAGGAA
ebola-1741seqs_alignment_2521_F_GC_0.46_avg_30.1673_std_5.74794_Tm_32.10,GTTCCAAACCACA
ebola-1741seqs_alignment_2506_F_GC_0.46_avg_30.1673_std_5.74794_Tm_32.10,CAACAGTCTGAAG
ebola-1741seqs_alignment_2491_F_GC_0.23_avg_30.1673_std_5.74794_Tm_22.64,AGTATATACGATT
ebola-1741seqs_alignment_2476_F_GC_0.38_avg_30.1673_std_5.74794_Tm_28.95,TCTGTGCAAAACT
ebola-1741seqs_alignment_2461_F_GC_0.31_avg_30.1673_std_5.74794_Tm_25.79,CTAAGATTCAACT
ebola-1741seqs_alignment_2446_F_GC_0.23_avg_30.1673_std_5.74794_Tm_22.64,TTTTATTTGGGTA
ebola-1741seqs_alignment_2431_F_GC_0.62_avg_30.1673_std_5.74794_Tm_38.41,TGCAACTGCCCAC
ebola-1741seqs_alignment_2416_F_GC_0.31_avg_30.1673_std_5.74794_Tm_25.79,TTGATCTCTTCAA
ebola-1741seqs_alignment_2401_F_GC_0.54_avg_30.1673_std_5.74794_Tm_35.25,GCCAGTTGCTCTT
ebola-1741seqs_alignment_2386_F_GC_0.31_avg_30.1673_std_5.74794_Tm_25.79,AAATCATGCAACA
ebola-1741seqs_alignment_2371_F_GC_0.46_avg_30.1673_std_5.74794_Tm_32.10,TGGATCACAGGAT
ebola-1741seqs_alignment_2356_F_GC_0.38_avg_30.1673_std_5.74794_Tm_28.95,GACAAGATCCATT
ebola-1741seqs_alignment_2341_F_GC_0.46_avg_30.1673_std_5.74794_Tm_32.10,GGTCTTCTGATTG
ebola-1741seqs_alignment_2326_F_GC_0.31_avg_30.1673_std_5.74794_Tm_25.79,TTAATTACAAGGG
ebola-1741seqs_alignment_2311_F_GC_0.23_avg_30.1673_std_5.74794_Tm_22.64,TAGTCAATATGTT
ebola-1741seqs_alignment_2296_F_GC_0.69_avg_30.1673_std_5.74794_Tm_41.56,CCTCCTGCACCAG
ebola-1741seqs_alignment_2281_F_GC_0.54_avg_30.1673_std_5.74794_Tm_35.25,CCTCTCCTCCAAT
ebola-1741seqs_alignment_2266_F_GC_0.38_avg_30.1673_std_5.74794_Tm_28.95,TTGCTACTGAACA
ebola-1741seqs_alignment_2251_F_GC_0.23_avg_30.1673_std_5.74794_Tm_22.64,CTTAAGATATATG
ebola-1741seqs_alignment_2236_F_GC_0.54_avg_30.1673_std_5.74794_Tm_35.25,GTGGGTCGTATTG
ebola-1741seqs_alignment_2221_F_GC_0.15_avg_30.1673_std_5.74794_Tm_19.48,TAAGTATTAAGAA
ebola-1741seqs_alignment_2206_F_GC_0.38_avg_30.1673_std_5.74794_Tm_28.95,TTGAGCTTTGTTG
ebola-1741seqs_alignment_2191_F_GC_0.31_avg_30.1673_std_5.74794_Tm_25.79,TATACAGGAAGAA
ebola-1741seqs_alignment_2176_F_GC_0.31_avg_30.1673_std_5.74794_Tm_25.79,AGGTATGAATTCA
ebola-1741seqs_alignment_2161_F_GC_0.54_avg_30.1673_std_5.74794_Tm_35.25,ATGTCCCTGTAGC
ebola-1741seqs_alignment_2146_F_GC_0.38_avg_30.1673_std_5.74794_Tm_28.95,TGGATCAACTGAT
ebola-1741seqs_alignment_2131_F_GC_0.23_avg_30.1673_std_5.74794_Tm_22.64,ACTATAGGAAATA
ebola-1741seqs_alignment_2116_F_GC_0.38_avg_30.1673_std_5.74794_Tm_28.95,ACTGCAACTTATC
ebola-1741seqs_alignment_2101_F_GC_0.38_avg_30.1673_std_5.74794_Tm_28.95,TACCCAAACTTGT
ebola-1741seqs_alignment_2086_F_GC_0.46_avg_30.1673_std_5.74794_Tm_32.10,CTTGGACAATTGG
ebola-1741seqs_alignment_2071_F_GC_0.38_avg_30.1673_std_5.74794_Tm_28.95,TGACTCTTCCAAT
ebola-1741seqs_alignment_2056_F_GC_0.62_avg_30.1673_std_5.74794_Tm_38.41,CCTGGGTCACTCA
ebola-1741seqs_alignment_2041_F_GC_0.31_avg_30.1673_std_5.74794_Tm_25.79,GCAAGCAATTTTT
ebola-1741seqs_alignment_2026_F_GC_0.23_avg_30.1673_std_5.74794_Tm_22.64,TGTGTCAATTTAT
ebola-1741seqs_alignment_2011_F_GC_0.46_avg_30.1673_std_5.74794_Tm_32.10,CTAAGGGTTTACC
ebola-1741seqs_alignment_1996_F_GC_0.31_avg_30.1673_std_5.74794_Tm_25.79,GAGTATTTGTTTC
ebola-1741seqs_alignment_1981_F_GC_0.38_avg_30.1673_std_5.74794_Tm_28.95,CTCAATCACTCAA
ebola-1741seqs_alignment_1966_F_GC_0.31_avg_30.1673_std_5.74794_Tm_25.79,GCCAAAATATTTC
ebola-1741seqs_alignment_1951_F_GC_0.38_avg_30.1673_std_5.74794_Tm_28.95,AAAAGTAGGTCCA
ebola-1741seqs_alignment_1936_F_GC_0.46_avg_30.1673_std_5.74794_Tm_32.10,ACAGAGGTGTTTG
ebola-1741seqs_alignment_1921_F_GC_0.38_avg_30.1673_std_5.74794_Tm_28.95,GAACCAGAACTTT
ebola-1741seqs_alignment_1906_F_GC_0.54_avg_30.1673_std_5.74794_Tm_35.25,TGAAGAAAGCCGC
ebola-1741seqs_alignment_1891_F_GC_0.15_avg_30.1673_std_5.74794_Tm_19.48,ACTTTTATGTTTA
ebola-1741seqs_alignment_1876_F_GC_0.23_avg_30.1673_std_5.74794_Tm_22.64,CAAAAACAGATAT
ebola-1741seqs_alignment_1861_F_GC_0.62_avg_30.1673_std_5.74794_Tm_38.41,GGCCTCAGCATTC
ebola-1741seqs_alignment_1846_F_GC_0.38_avg_30.1673_std_5.74794_Tm_28.95,TACATGTGTAGTC
ebola-1741seqs_alignment_1831_F_GC_0.31_avg_30.1673_std_5.74794_Tm_25.79,ATGTTTCTGATCT
ebola-1741seqs_alignment_1816_F_GC_0.23_avg_30.1673_std_5.74794_Tm_22.64,CATAAGCTTATAA
ebola-1741seqs_alignment_1801_F_GC_0.46_avg_30.1673_std_5.74794_Tm_32.10,CTCTCCCAATCAA
ebola-1741seqs_alignment_1786_F_GC_0.62_avg_30.1673_std_5.74794_Tm_38.41,CCCTGAATCGCAG
ebola-1741seqs_alignment_1771_F_GC_0.31_avg_30.1673_std_5.74794_Tm_25.79,GGCAATTTAATTG
ebola-1741seqs_alignment_1756_F_GC_0.62_avg_30.1673_std_5.74794_Tm_38.41,CCGAAGCCATCAC
ebola-1741seqs_alignment_1742_F_GC_0.62_avg_30.1673_std_5.74794_Tm_38.41,CAATTGCCCCGTG
ebola-1741seqs_alignment_1729_F_GC_0.31_avg_30.1673_std_5.74794_Tm_25.79,CGGATTAAATGTT
ebola-1741seqs_alignment_1716_F_GC_0.38_avg_30.1673_std_5.74794_Tm_28.95,ATGAGTTTACAGC
ebola-1741seqs_alignment_1703_F_GC_0.54_avg_30.1673_std_5.74794_Tm_35.25,TTGTGGAGGAGGT
ebola-1741seqs_alignment_1690_F_GC_0.38_avg_30.1673_std_5.74794_Tm_28.95,TGTGCACAAATCT
ebola-1741seqs_alignment_1677_F_GC_0.38_avg_30.1673_std_5.74794_Tm_28.95,AGCTGCAACAATT
ebola-1741seqs_alignment_1666_F_GC_0.46_avg_30.1673_std_5.74794_Tm_32.10,AGGAAATCAAGCC
ebola-1741seqs_alignment_1655_F_GC_0.54_avg_30.1673_std_5.74794_Tm_35.25,GGACGAGCTTTTG
ebola-1741seqs_alignment_1644_F_GC_0.38_avg_30.1673_std_5.74794_Tm_28.95,TTTCTGCAATTGC
ebola-1741seqs_alignment_1633_F_GC_0.31_avg_30.1673_std_5.74794_Tm_25.79,TTCTTTTTGACCT
ebola-1741seqs_alignment_1622_F_GC_0.46_avg_30.1673_std_5.74794_Tm_32.10,AAGGGACTAGAAC
ebola-1741seqs_alignment_1611_F_GC_0.31_avg_30.1673_std_5.74794_Tm_25.79,TGCTCAAATTACA
ebola-1741seqs_alignment_1600_F_GC_0.31_avg_30.1673_std_5.74794_Tm_25.79,AACAAAAGACTCA
ebola-1741seqs_alignment_1589_F_GC_0.46_avg_30.1673_std_5.74794_Tm_32.10,GTTGTCGGAGAAA
ebola-1741seqs_alignment_1578_F_GC_0.38_avg_30.1673_std_5.74794_Tm_28.95,GAGAATTTTCAGG
ebola-1741seqs_alignment_1567_F_GC_0.38_avg_30.1673_std_5.74794_Tm_28.95,TAAAAGCATTGCG
ebola-1741seqs_alignment_1556_F_GC_0.31_avg_30.1673_std_5.74794_Tm_25.79,TAATGCACAATCA
ebola-1741seqs_alignment_1545_F_GC_0.38_avg_30.1673_std_5.74794_Tm_28.95,AGATAGCACAAGT
ebola-1741seqs_alignment_1535_F_GC_0.38_avg_30.1673_std_5.74794_Tm_28.95,CTATGCTCATTTC
ebola-1741seqs_alignment_1525_F_GC_0.69_avg_30.1673_std_5.74794_Tm_41.56,CAACCCCGTCGAC
ebola-1741seqs_alignment_1515_F_GC_0.54_avg_30.1673_std_5.74794_Tm_35.25,GCTCGCTTTTCAG
ebola-1741seqs_alignment_1505_F_GC_0.46_avg_30.1673_std_5.74794_Tm_32.10,CGTCATCCAATGA
ebola-1741seqs_alignment_1495_F_GC_0.62_avg_30.1673_std_5.74794_Tm_38.41,AGAGCCCAGGATC
ebola-1741seqs_alignment_1485_F_GC_0.38_avg_30.1673_std_5.74794_Tm_28.95,ATGGAGGAACAAA
ebola-1741seqs_alignment_1475_F_GC_0.54_avg_30.1673_std_5.74794_Tm_35.25,ACTCACCAACACC
ebola-1741seqs_alignment_1465_F_GC_0.38_avg_30.1673_std_5.74794_Tm_28.95,TTGACGATCATGA
ebola-1741seqs_alignment_1456_F_GC_0.46_avg_30.1673_std_5.74794_Tm_32.10,ATCCAAGACATGG
ebola-1741seqs_alignment_138685_R_GC_0.31_avg_29.5484_std_5.87522_Tm_25.79,CGTTTATTCTAGT
ebola-1741seqs_alignment_136486_R_GC_0.15_avg_29.5484_std_5.87522_Tm_19.48,TTTTTCTTAATCT
ebola-1741seqs_alignment_134702_R_GC_0.54_avg_29.5484_std_5.87522_Tm_35.25,GCTGGAAGCTGAT
ebola-1741seqs_alignment_132979_R_GC_0.54_avg_29.5484_std_5.87522_Tm_35.25,ACCATGTGCATCC
ebola-1741seqs_alignment_131264_R_GC_0.23_avg_29.5484_std_5.87522_Tm_22.64,AATCAGTTACAAA
ebola-1741seqs_alignment_129552_R_GC_0.54_avg_29.5484_std_5.87522_Tm_35.25,CTTCAAAGGCCTG
ebola-1741seqs_alignment_127840_R_GC_0.38_avg_29.5484_std_5.87522_Tm_28.95,TGGTAAAATTCCC
ebola-1741seqs_alignment_126129_R_GC_0.46_avg_29.5484_std_5.87522_Tm_32.10,CCATGCTCAAGAT
ebola-1741seqs_alignment_124419_R_GC_0.38_avg_29.5484_std_5.87522_Tm_28.95,TGGGATTTTGAGA
ebola-1741seqs_alignment_122710_R_GC_0.46_avg_29.5484_std_5.87522_Tm_32.10,CCCCAGTGTTTTT
ebola-1741seqs_alignment_121001_R_GC_0.23_avg_29.5484_std_5.87522_Tm_22.64,ATATAAGGTTTGA
ebola-1741seqs_alignment_119294_R_GC_0.15_avg_29.5484_std_5.87522_Tm_19.48,TTTGAAATAAATG
ebola-1741seqs_alignment_117587_R_GC_0.38_avg_29.5484_std_5.87522_Tm_28.95,CTTGGTATTTCTG
ebola-1741seqs_alignment_115881_R_GC_0.38_avg_29.5484_std_5.87522_Tm_28.95,AAGGACATTTTGG
ebola-1741seqs_alignment_114176_R_GC_0.38_avg_29.5484_std_5.87522_Tm_28.95,AGATGGTTTTGGT
ebola-1741seqs_alignment_112471_R_GC_0.46_avg_29.5484_std_5.87522_Tm_32.10,GTTCTTAACCCTG
ebola-1741seqs_alignment_110766_R_GC_0.54_avg_29.5484_std_5.87522_Tm_35.25,ATCGCGTTGCTGA
ebola-1741seqs_alignment_109061_R_GC_0.23_avg_29.5484_std_5.87522_Tm_22.64,AACTTGAGAATAT
ebola-1741seqs_alignment_107356_R_GC_0.62_avg_29.5484_std_5.87522_Tm_38.41,CTCTGTCACCTGC
ebola-1741seqs_alignment_105652_R_GC_0.54_avg_29.5484_std_5.87522_Tm_35.25,CGTGAGGATGTAC
ebola-1741seqs_alignment_103948_R_GC_0.54_avg_29.5484_std_5.87522_Tm_35.25,CTCGAATCTCTGC
ebola-1741seqs_alignment_102244_R_GC_0.54_avg_29.5484_std_5.87522_Tm_35.25,CCGTTTTCCGAGT
ebola-1741seqs_alignment_100540_R_GC_0.46_avg_29.5484_std_5.87522_Tm_32.10,CCCTAACACTTTG
ebola-1741seqs_alignment_98836_R_GC_0.46_avg_29.5484_std_5.87522_Tm_32.10,AGTTGCGTAGTTG
ebola-1741seqs_alignment_97132_R_GC_0.23_avg_29.5484_std_5.87522_Tm_22.64,TGTTTATATTCTC
ebola-1741seqs_alignment_95428_R_GC_0.15_avg_29.5484_std_5.87522_Tm_19.48,ATAATGTAAAGAA
ebola-1741seqs_alignment_93724_R_GC_0.54_avg_29.5484_std_5.87522_Tm_35.25,GTGTGGCTCCAAT
ebola-1741seqs_alignment_90317_R_GC_0.23_avg_29.5484_std_5.87522_Tm_22.64,TTTCATTGATTTG
ebola-1741seqs_alignment_88614_R_GC_0.23_avg_29.5484_std_5.87522_Tm_22.64,TGTCATAAATCAA
ebola-1741seqs_alignment_86911_R_GC_0.46_avg_29.5484_std_5.87522_Tm_32.10,TCGTAATGCGTTG
ebola-1741seqs_alignment_85209_R_GC_0.38_avg_29.5484_std_5.87522_Tm_28.95,CCTCTTTTTCAGT
ebola-1741seqs_alignment_83507_R_GC_0.31_avg_29.5484_std_5.87522_Tm_25.79,TTGGGATAAGTTA
ebola-1741seqs_alignment_80103_R_GC_0.46_avg_29.5484_std_5.87522_Tm_32.10,ACCTCCGCATTAA
ebola-1741seqs_alignment_78401_R_GC_0.46_avg_29.5484_std_5.87522_Tm_32.10,TCATTAGCTGCTC
ebola-1741seqs_alignment_76699_R_GC_0.46_avg_29.5484_std_5.87522_Tm_32.10,CATCAACACAGTC
ebola-1741seqs_alignment_74998_R_GC_0.31_avg_29.5484_std_5.87522_Tm_25.79,AAACTTTGCATTC
ebola-1741seqs_alignment_73297_R_GC_0.62_avg_29.5484_std_5.87522_Tm_38.41,CCGTTCAGTGCCA
ebola-1741seqs_alignment_71596_R_GC_0.54_avg_29.5484_std_5.87522_Tm_35.25,TTCCCAGGGTTCT
ebola-1741seqs_alignment_69895_R_GC_0.62_avg_29.5484_std_5.87522_Tm_38.41,GCATGGCAGCAAG
ebola-1741seqs_alignment_68195_R_GC_0.15_avg_29.5484_std_5.87522_Tm_19.48,AGTTTTTCTTAAT
ebola-1741seqs_alignment_66495_R_GC_0.38_avg_29.5484_std_5.87522_Tm_28.95,TTTGCAATCGCTT
ebola-1741seqs_alignment_64795_R_GC_0.46_avg_29.5484_std_5.87522_Tm_32.10,AGTCCTTCAATCC
ebola-1741seqs_alignment_63095_R_GC_0.38_avg_29.5484_std_5.87522_Tm_28.95,GGTAGTAGATACT
ebola-1741seqs_alignment_61395_R_GC_0.31_avg_29.5484_std_5.87522_Tm_25.79,TGATGATATTGCA
ebola-1741seqs_alignment_59695_R_GC_0.54_avg_29.5484_std_5.87522_Tm_35.25,GAATGCTGTCTGG
ebola-1741seqs_alignment_57996_R_GC_0.46_avg_29.5484_std_5.87522_Tm_32.10,GATGTGTACAGAC
ebola-1741seqs_alignment_56297_R_GC_0.54_avg_29.5484_std_5.87522_Tm_35.25,GTCTTGCTTGGTG
ebola-1741seqs_alignment_54598_R_GC_0.31_avg_29.5484_std_5.87522_Tm_25.79,AGTAATTCCCTAT
ebola-1741seqs_alignment_52899_R_GC_0.31_avg_29.5484_std_5.87522_Tm_25.79,TTTTTAGTTTCCC
ebola-1741seqs_alignment_51200_R_GC_0.46_avg_29.5484_std_5.87522_Tm_32.10,TCCAAGTCACACT
ebola-1741seqs_alignment_49502_R_GC_0.38_avg_29.5484_std_5.87522_Tm_28.95,GTAAAAGAATGGG
ebola-1741seqs_alignment_47804_R_GC_0.46_avg_29.5484_std_5.87522_Tm_32.10,AGCACAATGGTTC
ebola-1741seqs_alignment_46106_R_GC_0.31_avg_29.5484_std_5.87522_Tm_25.79,TTGTAGAATCAAG
ebola-1741seqs_alignment_44409_R_GC_0.46_avg_29.5484_std_5.87522_Tm_32.10,GAGATTCAGTCCA
ebola-1741seqs_alignment_42712_R_GC_0.15_avg_29.5484_std_5.87522_Tm_19.48,AATCACTTTTATT
ebola-1741seqs_alignment_41016_R_GC_0.38_avg_29.5484_std_5.87522_Tm_28.95,AATTAGGGCACAT
ebola-1741seqs_alignment_39320_R_GC_0.54_avg_29.5484_std_5.87522_Tm_35.25,ATGGTATCCAGGC
ebola-1741seqs_alignment_37624_R_GC_0.46_avg_29.5484_std_5.87522_Tm_32.10,CAACCTCGAACAA
ebola-1741seqs_alignment_35928_R_GC_0.31_avg_29.5484_std_5.87522_Tm_25.79,GAATGTACAAATG
ebola-1741seqs_alignment_34233_R_GC_0.31_avg_29.5484_std_5.87522_Tm_25.79,GATCAATTTTGTC
ebola-1741seqs_alignment_30845_R_GC_0.38_avg_29.5484_std_5.87522_Tm_28.95,AAGCACCTTTAGT
ebola-1741seqs_alignment_29153_R_GC_0.31_avg_29.5484_std_5.87522_Tm_25.79,TTCCTGATACTTT
ebola-1741seqs_alignment_27461_R_GC_0.46_avg_29.5484_std_5.87522_Tm_32.10,TTGTAAGGGTGTC
ebola-1741seqs_alignment_25770_R_GC_0.54_avg_29.5484_std_5.87522_Tm_35.25,TGTGGCAAGGGTT
ebola-1741seqs_alignment_24080_R_GC_0.38_avg_29.5484_std_5.87522_Tm_28.95,TGCTCAACGTTTA
ebola-1741seqs_alignment_22392_R_GC_0.46_avg_29.5484_std_5.87522_Tm_32.10,GGTGATGAGTGTT
ebola-1741seqs_alignment_20706_R_GC_0.31_avg_29.5484_std_5.87522_Tm_25.79,TTTCTTCTGTCAT
ebola-1741seqs_alignment_19021_R_GC_0.38_avg_29.5484_std_5.87522_Tm_28.95,TTAGGGTTGTTGA
ebola-1741seqs_alignment_17338_R_GC_0.54_avg_29.5484_std_5.87522_Tm_35.25,GGTCCTGATCTTG
ebola-1741seqs_alignment_15658_R_GC_0.54_avg_29.5484_std_5.87522_Tm_35.25,TCTTTCGGAGGGA
ebola-1741seqs_alignment_13982_R_GC_0.46_avg_29.5484_std_5.87522_Tm_32.10,CAACTTGAGTTGC
ebola-1741seqs_alignment_12317_R_GC_0.46_avg_29.5484_std_5.87522_Tm_32.10,GACTCCTTTCGTT
ebola-1741seqs_alignment_10655_R_GC_0.31_avg_29.5484_std_5.87522_Tm_25.79,CAATATCCTTCTA
ebola-1741seqs_alignment_8999_R_GC_0.23_avg_29.5484_std_5.87522_Tm_22.64,TTTTTCTTAACCT
ebola-1741seqs_alignment_7366_R_GC_0.38_avg_29.5484_std_5.87522_Tm_28.95,GTGTTATCAACCA
ebola-1741seqs_alignment_5741_R_GC_0.23_avg_29.5484_std_5.87522_Tm_22.64,TTACTAGACAAAA
ebola-1741seqs_alignment_4131_R_GC_0.23_avg_29.5484_std_5.87522_Tm_22.64,AAATTTTTGTGTG
ebola-1741seqs_alignment_3590_R_GC_0.15_avg_29.5484_std_5.87522_Tm_19.48,CTTAATTATCATT
ebola-1741seqs_alignment_3338_R_GC_0.31_avg_29.5484_std_5.87522_Tm_25.79,ATCCTTTTTGCAA
ebola-1741seqs_alignment_3244_R_GC_0.31_avg_29.5484_std_5.87522_Tm_25.79,TATCATACCTCTT
ebola-1741seqs_alignment_3172_R_GC_0.23_avg_29.5484_std_5.87522_Tm_22.64,TGAAGCTTATTTT
ebola-1741seqs_alignment_3123_R_GC_0.38_avg_29.5484_std_5.87522_Tm_28.95,GGACACACAAAAA
ebola-1741seqs_alignment_3075_R_GC_0.23_avg_29.5484_std_5.87522_Tm_22.64,TGTATTGTGAATT
ebola-1741seqs_alignment_3037_R_GC_0.46_avg_29.5484_std_5.87522_Tm_32.10,GTTTCAGCATCCA
ebola-1741seqs_alignment_3002_R_GC_0.38_avg_29.5484_std_5.87522_Tm_28.95,TATCTAGTCTGCT
ebola-1741seqs_alignment_2973_R_GC_0.23_avg_29.5484_std_5.87522_Tm_22.64,TTTTTATTTTCCC
ebola-1741seqs_alignment_2946_R_GC_0.46_avg_29.5484_std_5.87522_Tm_32.10,GACCAAGTCGATT
ebola-1741seqs_alignment_2923_R_GC_0.54_avg_29.5484_std_5.87522_Tm_35.25,GTCTCCTCTTCAG
ebola-1741seqs_alignment_2901_R_GC_0.31_avg_29.5484_std_5.87522_Tm_25.79,ACAAAGTCAATTG
ebola-1741seqs_alignment_2879_R_GC_0.15_avg_29.5484_std_5.87522_Tm_19.48,CTAAATAGTTATT
ebola-1741seqs_alignment_2858_R_GC_0.38_avg_29.5484_std_5.87522_Tm_28.95,TGTCCAATCATGT
ebola-1741seqs_alignment_2838_R_GC_0.38_avg_29.5484_std_5.87522_Tm_28.95,AGATTGGCTCAAA
ebola-1741seqs_alignment_2819_R_GC_0.38_avg_29.5484_std_5.87522_Tm_28.95,TGTTGAACTCCAT
ebola-1741seqs_alignment_2800_R_GC_0.38_avg_29.5484_std_5.87522_Tm_28.95,TTGACTCCAGAAA
ebola-1741seqs_alignment_2782_R_GC_0.31_avg_29.5484_std_5.87522_Tm_25.79,TCCGTTTTGTTAT
ebola-1741seqs_alignment_2764_R_GC_0.31_avg_29.5484_std_5.87522_Tm_25.79,AAGCAATGACAAT
ebola-1741seqs_alignment_2746_R_GC_0.46_avg_29.5484_std_5.87522_Tm_32.10,TACCAGTCAGTTG
ebola-1741seqs_alignment_2728_R_GC_0.62_avg_29.5484_std_5.87522_Tm_38.41,GGATGCCCCCAAT
ebola-1741seqs_alignment_2711_R_GC_0.38_avg_29.5484_std_5.87522_Tm_28.95,TGATAGAATTCCC
ebola-1741seqs_alignment_2694_R_GC_0.54_avg_29.5484_std_5.87522_Tm_35.25,CCTGAGTGTACGA
ebola-1741seqs_alignment_2678_R_GC_0.46_avg_29.5484_std_5.87522_Tm_32.10,AACCGCTGTTGTT
ebola-1741seqs_alignment_2662_R_GC_0.46_avg_29.5484_std_5.87522_Tm_32.10,TTCCTTGGGCTTT
ebola-1741seqs_alignment_2646_R_GC_0.54_avg_29.5484_std_5.87522_Tm_35.25,AGTACGGGATCCA
ebola-1741seqs_alignment_2630_R_GC_0.38_avg_29.5484_std_5.87522_Tm_28.95,GAGCACCAAAATT
ebola-1741seqs_alignment_2614_R_GC_0.46_avg_29.5484_std_5.87522_Tm_32.10,CTGTCGAATTCTG
ebola-1741seqs_alignment_2598_R_GC_0.54_avg_29.5484_std_5.87522_Tm_35.25,TCAGCTGGTCAGT
ebola-1741seqs_alignment_2582_R_GC_0.54_avg_29.5484_std_5.87522_Tm_35.25,TGGTGGAGATCTG
ebola-1741seqs_alignment_2566_R_GC_0.46_avg_29.5484_std_5.87522_Tm_32.10,GGTGATGATGTTG
ebola-1741seqs_alignment_2550_R_GC_0.31_avg_29.5484_std_5.87522_Tm_25.79,TCAATGCCTTAAT
ebola-1741seqs_alignment_2534_R_GC_0.23_avg_29.5484_std_5.87522_Tm_22.64,ATATGTTTTGGTA
ebola-1741seqs_alignment_2518_R_GC_0.46_avg_29.5484_std_5.87522_Tm_32.10,GGAACCTTCTCAT
ebola-1741seqs_alignment_2488_R_GC_0.38_avg_29.5484_std_5.87522_Tm_28.95,GTGGATGAAGATT
ebola-1741seqs_alignment_2473_R_GC_0.38_avg_29.5484_std_5.87522_Tm_28.95,TTGAACAAGTGTG
ebola-1741seqs_alignment_2443_R_GC_0.46_avg_29.5484_std_5.87522_Tm_32.10,ATCCTCGTAGTCA
ebola-1741seqs_alignment_2428_R_GC_0.46_avg_29.5484_std_5.87522_Tm_32.10,TATGAACTAGGGC
ebola-1741seqs_alignment_2398_R_GC_0.54_avg_29.5484_std_5.87522_Tm_35.25,GAAGTAGAACGGG
ebola-1741seqs_alignment_2383_R_GC_0.38_avg_29.5484_std_5.87522_Tm_28.95,GATTTTGTGGACT
ebola-1741seqs_alignment_2368_R_GC_0.31_avg_29.5484_std_5.87522_Tm_25.79,ATCTAGATTTAGC
ebola-1741seqs_alignment_2353_R_GC_0.62_avg_29.5484_std_5.87522_Tm_38.41,TCACCTGCAGTCC
ebola-1741seqs_alignment_2338_R_GC_0.23_avg_29.5484_std_5.87522_Tm_22.64,GATTATTTTGTAC
ebola-1741seqs_alignment_2323_R_GC_0.23_avg_29.5484_std_5.87522_Tm_22.64,GAGCTTATTTATA
ebola-1741seqs_alignment_2308_R_GC_0.38_avg_29.5484_std_5.87522_Tm_28.95,AGATTTGAAGAGC
ebola-1741seqs_alignment_2293_R_GC_0.54_avg_29.5484_std_5.87522_Tm_35.25,GAAGCCCCTCAAT
ebola-1741seqs_alignment_2278_R_GC_0.38_avg_29.5484_std_5.87522_Tm_28.95,GTCTGTGACAAAA
ebola-1741seqs_alignment_2263_R_GC_0.23_avg_29.5484_std_5.87522_Tm_22.64,TGTTTTGATTTCT
ebola-1741seqs_alignment_2248_R_GC_0.54_avg_29.5484_std_5.87522_Tm_35.25,GATTCTGGGGCAA
ebola-1741seqs_alignment_2233_R_GC_0.31_avg_29.5484_std_5.87522_Tm_25.79,TTATGACCATAGT
ebola-1741seqs_alignment_2218_R_GC_0.23_avg_29.5484_std_5.87522_Tm_22.64,TTGTAATCTTTTC
ebola-1741seqs_alignment_2203_R_GC_0.46_avg_29.5484_std_5.87522_Tm_32.10,GTTGCTGTGTTAC
ebola-1741seqs_alignment_2188_R_GC_0.38_avg_29.5484_std_5.87522_Tm_28.95,CCCTATTAACTGT
ebola-1741seqs_alignment_2173_R_GC_0.46_avg_29.5484_std_5.87522_Tm_32.10,TGCTGAGTAGTTC
ebola-1741seqs_alignment_2158_R_GC_0.38_avg_29.5484_std_5.87522_Tm_28.95,ACCAGATAACGAT
ebola-1741seqs_alignment_2143_R_GC_0.38_avg_29.5484_std_5.87522_Tm_28.95,ATCGCAAAATGAG
ebola-1741seqs_alignment_2128_R_GC_0.23_avg_29.5484_std_5.87522_Tm_22.64,AATTGCAATTTAG
ebola-1741seqs_alignment_2113_R_GC_0.46_avg_29.5484_std_5.87522_Tm_32.10,GAATTTCCGCACT
ebola-1741seqs_alignment_2098_R_GC_0.54_avg_29.5484_std_5.87522_Tm_35.25,GGCTTAATAGCGG
ebola-1741seqs_alignment_2083_R_GC_0.54_avg_29.5484_std_5.87522_Tm_35.25,CTTCTTAACGCCG
ebola-1741seqs_alignment_2068_R_GC_0.23_avg_29.5484_std_5.87522_Tm_22.64,GATTATAATCAGT
ebola-1741seqs_alignment_2053_R_GC_0.46_avg_29.5484_std_5.87522_Tm_32.10,TTACTCCTTCCTG
ebola-1741seqs_alignment_2038_R_GC_0.46_avg_29.5484_std_5.87522_Tm_32.10,GCCTGATATCACT
ebola-1741seqs_alignment_2023_R_GC_0.38_avg_29.5484_std_5.87522_Tm_28.95,TTTCAGAACCTTG
ebola-1741seqs_alignment_2008_R_GC_0.54_avg_29.5484_std_5.87522_Tm_35.25,CAGAAAACCAGCC
ebola-1741seqs_alignment_1993_R_GC_0.38_avg_29.5484_std_5.87522_Tm_28.95,TAAGAAGTGGGTT
ebola-1741seqs_alignment_1978_R_GC_0.46_avg_29.5484_std_5.87522_Tm_32.10,ATTGCCTTGTGGT
ebola-1741seqs_alignment_1963_R_GC_0.38_avg_29.5484_std_5.87522_Tm_28.95,ATGGAATCTTAGG
ebola-1741seqs_alignment_1948_R_GC_0.46_avg_29.5484_std_5.87522_Tm_32.10,CCTTGGACTATCT
ebola-1741seqs_alignment_1933_R_GC_0.38_avg_29.5484_std_5.87522_Tm_28.95,TTACAGGGATACT
ebola-1741seqs_alignment_1918_R_GC_0.31_avg_29.5484_std_5.87522_Tm_25.79,TCCCATAGTATAT
ebola-1741seqs_alignment_1903_R_GC_0.15_avg_29.5484_std_5.87522_Tm_19.48,ATCTTAAAAACAA
ebola-1741seqs_alignment_1873_R_GC_0.31_avg_29.5484_std_5.87522_Tm_25.79,CTTGCATATTGTT
ebola-1741seqs_alignment_1858_R_GC_0.38_avg_29.5484_std_5.87522_Tm_28.95,AGATATGTTTCGG
ebola-1741seqs_alignment_1843_R_GC_0.62_avg_29.5484_std_5.87522_Tm_38.41,TCCCGTTCGGATC
ebola-1741seqs_alignment_1828_R_GC_0.54_avg_29.5484_std_5.87522_Tm_35.25,TTAAGCTGGCCTC
ebola-1741seqs_alignment_1813_R_GC_0.31_avg_29.5484_std_5.87522_Tm_25.79,TTAATTTTCCTGG
ebola-1741seqs_alignment_1798_R_GC_0.23_avg_29.5484_std_5.87522_Tm_22.64,TAGAAATGTATCA
ebola-1741seqs_alignment_1783_R_GC_0.38_avg_29.5484_std_5.87522_Tm_28.95,AGATGAAGGTAAG
ebola-1741seqs_alignment_1768_R_GC_0.38_avg_29.5484_std_5.87522_Tm_28.95,ATTTGAGAAGGAG
ebola-1741seqs_alignment_1754_R_GC_0.46_avg_29.5484_std_5.87522_Tm_32.10,GTCTCATCTGGTT
ebola-1741seqs_alignment_1742_R_GC_0.46_avg_29.5484_std_5.87522_Tm_32.10,GCTACCATATGCA
ebola-1741seqs_alignment_1730_R_GC_0.46_avg_29.5484_std_5.87522_Tm_32.10,GCACTATTCCATC
ebola-1741seqs_alignment_1718_R_GC_0.38_avg_29.5484_std_5.87522_Tm_28.95,TGCGGAGTTTATT
ebola-1741seqs_alignment_1706_R_GC_0.54_avg_29.5484_std_5.87522_Tm_35.25,GTATGTGTGCCCA
ebola-1741seqs_alignment_1695_R_GC_0.46_avg_29.5484_std_5.87522_Tm_32.10,GATACCAGTCCTT
ebola-1741seqs_alignment_1684_R_GC_0.23_avg_29.5484_std_5.87522_Tm_22.64,AATGTTTGCATTT
ebola-1741seqs_alignment_1673_R_GC_0.54_avg_29.5484_std_5.87522_Tm_35.25,GCTGCCCAATCTT
ebola-1741seqs_alignment_1662_R_GC_0.46_avg_29.5484_std_5.87522_Tm_32.10,CATGATGACTGTG
ebola-1741seqs_alignment_1651_R_GC_0.46_avg_29.5484_std_5.87522_Tm_32.10,AGACCTCTACTGT
ebola-1741seqs_alignment_1640_R_GC_0.23_avg_29.5484_std_5.87522_Tm_22.64,CAATTATGCATAT
ebola-1741seqs_alignment_1629_R_GC_0.38_avg_29.5484_std_5.87522_Tm_28.95,ACACCTAATCTCT
ebola-1741seqs_alignment_1607_R_GC_0.31_avg_29.5484_std_5.87522_Tm_25.79,TATAACCTTCTGA
ebola-1741seqs_alignment_1596_R_GC_0.23_avg_29.5484_std_5.87522_Tm_22.64,GACAATGTAAAAA
ebola-1741seqs_alignment_1585_R_GC_0.31_avg_29.5484_std_5.87522_Tm_25.79,CTGAAATAACAAC
ebola-1741seqs_alignment_1574_R_GC_0.46_avg_29.5484_std_5.87522_Tm_32.10,TGCCTCTAACAGT
ebola-1741seqs_alignment_1563_R_GC_0.54_avg_29.5484_std_5.87522_Tm_35.25,ACCTGTAGAGACC
ebola-1741seqs_alignment_1553_R_GC_0.62_avg_29.5484_std_5.87522_Tm_38.41,CCCTTAGGATGGG
ebola-1741seqs_alignment_1543_R_GC_0.15_avg_29.5484_std_5.87522_Tm_19.48,AGTGTATAATATA
ebola-1741seqs_alignment_1533_R_GC_0.46_avg_29.5484_std_5.87522_Tm_32.10,TTCTGCGAGTAGA
ebola-1741seqs_alignment_1523_R_GC_0.31_avg_29.5484_std_5.87522_Tm_25.79,TTGTCAGTAATGT
ebola-1741seqs_alignment_1513_R_GC_0.46_avg_29.5484_std_5.87522_Tm_32.10,CTTTGTGGAAAGC
ebola-1741seqs_alignment_1503_R_GC_0.62_avg_29.5484_std_5.87522_Tm_38.41,GGTGTGCGGTGTT
ebola-1741seqs_alignment_1493_R_GC_0.46_avg_29.5484_std_5.87522_Tm_32.10,TTGAACCAGGAAC
ebola-1741seqs_alignment_1483_R_GC_0.31_avg_29.5484_std_5.87522_Tm_25.79,CCTTCTAGATTAA
ebola-1741seqs_alignment_1473_R_GC_0.54_avg_29.5484_std_5.87522_Tm_35.25,ATTCCCTCTGCTG
ebola-1741seqs_alignment_1463_R_GC_0.23_avg_29.5484_std_5.87522_Tm_22.64,AAACAGAAAGTTA
ebola-1741seqs_alignment_1453_R_GC_0.38_avg_29.5484_std_5.87522_Tm_28.95,ATGTCAATTGGGT
ebola-1741seqs_alignment_1443_R_GC_0.23_avg_29.5484_std_5.87522_Tm_22.64,GAGAAAGAAAAAT
ebola-1741seqs_alignment_1433_R_GC_0.62_avg_29.5484_std_5.87522_Tm_38.41,CATCTTGCGGGAG
ebola-1741seqs_alignment_1423_R_GC_0.23_avg_29.5484_std_5.87522_Tm_22.64,GTTAAACTTTCTA
ebola-1741seqs_alignment_1413_R_GC_0.46_avg_29.5484_std_5.87522_Tm_32.10,ATGGAATCCATGC
ebola-1741seqs_alignment_1403_R_GC_0.23_avg_29.5484_std_5.87522_Tm_22.64,CCTTTATTAAATC
ebola-1741seqs_alignment_1393_R_GC_0.31_avg_29.5484_std_5.87522_Tm_25.79,AATTTTTCCTGAC
ebola-1741seqs_alignment_1384_R_GC_0.38_avg_29.5484_std_5.87522_Tm_28.95,TAAGTCTCGTATC
