HEV-314seqs_alignment_9689_F_GC_0.77_avg_35.1168_std_6.1742_Tm_44.72,GCCATGGAGGCCC
HEV-314seqs_alignment_9207_F_GC_0.54_avg_35.1168_std_6.1742_Tm_35.25,CAACCAACCCCTT
HEV-314seqs_alignment_8935_F_GC_0.54_avg_35.1168_std_6.1742_Tm_35.25,TGATTTCGTCGGC
HEV-314seqs_alignment_8700_F_GC_0.69_avg_35.1168_std_6.1742_Tm_41.56,CATCGCCCATGGG
HEV-314seqs_alignment_8584_F_GC_0.31_avg_35.1168_std_6.1742_Tm_25.79,CTGTTGATATGAA
HEV-314seqs_alignment_8477_F_GC_0.62_avg_35.1168_std_6.1742_Tm_38.41,AGAGGCTTGAGGC
HEV-314seqs_alignment_8375_F_GC_0.38_avg_35.1168_std_6.1742_Tm_28.95,ACTGTTTTGATGG
HEV-314seqs_alignment_8189_F_GC_0.69_avg_35.1168_std_6.1742_Tm_41.56,CATGCGCTCTCGG
HEV-314seqs_alignment_8100_F_GC_0.38_avg_35.1168_std_6.1742_Tm_28.95,AGTTTGATAGCAC
HEV-314seqs_alignment_8013_F_GC_0.77_avg_35.1168_std_6.1742_Tm_44.72,GGGAGGCTGGCAC
HEV-314seqs_alignment_7930_F_GC_0.69_avg_35.1168_std_6.1742_Tm_41.56,GGGCAGGAGTGCA
HEV-314seqs_alignment_7851_F_GC_0.54_avg_35.1168_std_6.1742_Tm_35.25,TCCCTGCCATTGA
HEV-314seqs_alignment_7773_F_GC_0.62_avg_35.1168_std_6.1742_Tm_38.41,AACCCTGGTGCGA
HEV-314seqs_alignment_7696_F_GC_0.46_avg_35.1168_std_6.1742_Tm_32.10,ACATTTCATGCCG
HEV-314seqs_alignment_7619_F_GC_0.46_avg_35.1168_std_6.1742_Tm_32.10,AGGGTGATGATTC
HEV-314seqs_alignment_7545_F_GC_0.38_avg_35.1168_std_6.1742_Tm_28.95,TGCGAAAGTTAAC
HEV-314seqs_alignment_7475_F_GC_0.46_avg_35.1168_std_6.1742_Tm_32.10,GGGAACACTAACA
HEV-314seqs_alignment_7407_F_GC_0.54_avg_35.1168_std_6.1742_Tm_35.25,TGGAGGTTGAGCA
HEV-314seqs_alignment_7339_F_GC_0.46_avg_35.1168_std_6.1742_Tm_32.10,GCTGAGTATGATC
HEV-314seqs_alignment_7272_F_GC_0.54_avg_35.1168_std_6.1742_Tm_35.25,TGGAGCTTGAGCA
HEV-314seqs_alignment_7209_F_GC_0.69_avg_35.1168_std_6.1742_Tm_41.56,CTGAGCAGCTGCG
HEV-314seqs_alignment_7147_F_GC_0.31_avg_35.1168_std_6.1742_Tm_25.79,TATAACCATGATG
HEV-314seqs_alignment_7086_F_GC_0.69_avg_35.1168_std_6.1742_Tm_41.56,CTGAGGACACGGC
HEV-314seqs_alignment_7027_F_GC_0.38_avg_35.1168_std_6.1742_Tm_28.95,TGTTTGAGTCAGA
HEV-314seqs_alignment_6968_F_GC_0.54_avg_35.1168_std_6.1742_Tm_35.25,CCTCTGTGATACC
HEV-314seqs_alignment_6909_F_GC_0.38_avg_35.1168_std_6.1742_Tm_28.95,TTTGGAATCATCC
HEV-314seqs_alignment_6850_F_GC_0.69_avg_35.1168_std_6.1742_Tm_41.56,GGGAGGCTGGTAC
HEV-314seqs_alignment_6792_F_GC_0.69_avg_35.1168_std_6.1742_Tm_41.56,CCGTGCGTAAGCC
HEV-314seqs_alignment_6737_F_GC_0.62_avg_35.1168_std_6.1742_Tm_38.41,TTACTGCCGGGGT
HEV-314seqs_alignment_6683_F_GC_0.69_avg_35.1168_std_6.1742_Tm_41.56,CGTATGGCGGCAC
HEV-314seqs_alignment_6631_F_GC_0.46_avg_35.1168_std_6.1742_Tm_32.10,GTTATGAGTTCCG
HEV-314seqs_alignment_6579_F_GC_0.69_avg_35.1168_std_6.1742_Tm_41.56,CCTGGATCCGCAC
HEV-314seqs_alignment_6527_F_GC_0.54_avg_35.1168_std_6.1742_Tm_35.25,CATATCTGGGACC
HEV-314seqs_alignment_6476_F_GC_0.54_avg_35.1168_std_6.1742_Tm_35.25,CTGCCGAGTATGA
HEV-314seqs_alignment_6425_F_GC_0.69_avg_35.1168_std_6.1742_Tm_41.56,AGCGGAAGGCCGT
HEV-314seqs_alignment_6375_F_GC_0.46_avg_35.1168_std_6.1742_Tm_32.10,ATTTGACACCTGG
HEV-314seqs_alignment_6325_F_GC_0.62_avg_35.1168_std_6.1742_Tm_38.41,AGGCTCCTGGCAT
HEV-314seqs_alignment_6275_F_GC_0.46_avg_35.1168_std_6.1742_Tm_32.10,ACAACAGGTGAGA
HEV-314seqs_alignment_6227_F_GC_0.62_avg_35.1168_std_6.1742_Tm_38.41,CTTCATGCGGTGG
HEV-314seqs_alignment_6179_F_GC_0.31_avg_35.1168_std_6.1742_Tm_25.79,TTTCTGAGTTTGA
HEV-314seqs_alignment_6131_F_GC_0.38_avg_35.1168_std_6.1742_Tm_28.95,CTGATGTTAGGAT
HEV-314seqs_alignment_6038_F_GC_0.54_avg_35.1168_std_6.1742_Tm_35.25,ATTTGACACCCGG
HEV-314seqs_alignment_5992_F_GC_0.62_avg_35.1168_std_6.1742_Tm_38.41,TGCTTCGACGGGT
HEV-314seqs_alignment_5947_F_GC_0.38_avg_35.1168_std_6.1742_Tm_28.95,TATCAACATCTCC
HEV-314seqs_alignment_5903_F_GC_0.54_avg_35.1168_std_6.1742_Tm_35.25,TGGAACCACCCAA
HEV-314seqs_alignment_5859_F_GC_0.62_avg_35.1168_std_6.1742_Tm_38.41,TCCCCGCTTACGT
HEV-314seqs_alignment_5816_F_GC_0.62_avg_35.1168_std_6.1742_Tm_38.41,ATGCTGTCCCGGT
HEV-314seqs_alignment_5773_F_GC_0.77_avg_35.1168_std_6.1742_Tm_44.72,ACCTGCTCCCGCC
HEV-314seqs_alignment_5731_F_GC_0.54_avg_35.1168_std_6.1742_Tm_35.25,ACCCTGGTGCAAT
HEV-314seqs_alignment_5690_F_GC_0.69_avg_35.1168_std_6.1742_Tm_41.56,AGAGGCTCGAGGC
HEV-314seqs_alignment_5650_F_GC_0.38_avg_35.1168_std_6.1742_Tm_28.95,TTATGAAGTGGCT
HEV-314seqs_alignment_5610_F_GC_0.46_avg_35.1168_std_6.1742_Tm_32.10,TTTAAGGGGGATG
HEV-314seqs_alignment_5570_F_GC_0.31_avg_35.1168_std_6.1742_Tm_25.79,CGACAGAATTAAT
HEV-314seqs_alignment_5531_F_GC_0.62_avg_35.1168_std_6.1742_Tm_38.41,ATCCCCGCCATTG
HEV-314seqs_alignment_5492_F_GC_0.54_avg_35.1168_std_6.1742_Tm_35.25,GAGTACGACCAGA
HEV-314seqs_alignment_5453_F_GC_0.54_avg_35.1168_std_6.1742_Tm_35.25,TGTGGAATCACCC
HEV-314seqs_alignment_5414_F_GC_0.31_avg_35.1168_std_6.1742_Tm_25.79,TTTTTGAGTCTGA
HEV-314seqs_alignment_5375_F_GC_0.69_avg_35.1168_std_6.1742_Tm_41.56,GCACGGCCAACCT
HEV-314seqs_alignment_5337_F_GC_0.38_avg_35.1168_std_6.1742_Tm_28.95,TGAATTCCATCAC
HEV-314seqs_alignment_5299_F_GC_0.46_avg_35.1168_std_6.1742_Tm_32.10,ACAACCATGACGT
HEV-314seqs_alignment_5261_F_GC_0.38_avg_35.1168_std_6.1742_Tm_28.95,GAGTTTGACAGTA
HEV-314seqs_alignment_5224_F_GC_0.38_avg_35.1168_std_6.1742_Tm_28.95,ATTACCAGTTCAC
HEV-314seqs_alignment_5188_F_GC_0.31_avg_35.1168_std_6.1742_Tm_25.79,CAGAAAGATTGTA
HEV-314seqs_alignment_5153_F_GC_0.31_avg_35.1168_std_6.1742_Tm_25.79,CAGAACAATTTCT
HEV-314seqs_alignment_5118_F_GC_0.54_avg_35.1168_std_6.1742_Tm_35.25,CTCACGTCATCTG
HEV-314seqs_alignment_5083_F_GC_0.54_avg_35.1168_std_6.1742_Tm_35.25,AATGAGCTGGAGC
HEV-314seqs_alignment_5048_F_GC_0.69_avg_35.1168_std_6.1742_Tm_41.56,TTTGGGAGGCCGG
HEV-314seqs_alignment_5014_F_GC_0.38_avg_35.1168_std_6.1742_Tm_28.95,ATAACCACGATGT
HEV-314seqs_alignment_4980_F_GC_0.31_avg_35.1168_std_6.1742_Tm_25.79,TTTGTGATTTCCT
HEV-314seqs_alignment_4946_F_GC_0.62_avg_35.1168_std_6.1742_Tm_38.41,AGCCAGCGAAAGG
HEV-314seqs_alignment_4912_F_GC_0.46_avg_35.1168_std_6.1742_Tm_32.10,AGTATGACCAGAC
HEV-314seqs_alignment_4878_F_GC_0.69_avg_35.1168_std_6.1742_Tm_41.56,TGCCGGGCTTGAC
HEV-314seqs_alignment_4845_F_GC_0.77_avg_35.1168_std_6.1742_Tm_44.72,CACCGCCCGTCAG
HEV-314seqs_alignment_4812_F_GC_0.54_avg_35.1168_std_6.1742_Tm_35.25,GCTGCTTTATGCG
HEV-314seqs_alignment_4780_F_GC_0.31_avg_35.1168_std_6.1742_Tm_25.79,GAGTTTGATAGTA
HEV-314seqs_alignment_4748_F_GC_0.38_avg_35.1168_std_6.1742_Tm_28.95,CTATAACTGAGGA
HEV-314seqs_alignment_4716_F_GC_0.62_avg_35.1168_std_6.1742_Tm_38.41,ACAGTCCACGAGG
HEV-314seqs_alignment_4652_F_GC_0.69_avg_35.1168_std_6.1742_Tm_41.56,AGCAGCTCCGCCT
HEV-314seqs_alignment_4620_F_GC_0.54_avg_35.1168_std_6.1742_Tm_35.25,ACCAGTTTACCGC
HEV-314seqs_alignment_4589_F_GC_0.31_avg_35.1168_std_6.1742_Tm_25.79,AAAGGTGATGATT
HEV-314seqs_alignment_4527_F_GC_0.46_avg_35.1168_std_6.1742_Tm_32.10,CATATTTGGGACC
HEV-314seqs_alignment_4497_F_GC_0.54_avg_35.1168_std_6.1742_Tm_35.25,GGGCTGTTCTGTT
HEV-314seqs_alignment_4467_F_GC_0.69_avg_35.1168_std_6.1742_Tm_41.56,GCCCTCGGCCTAT
HEV-314seqs_alignment_4437_F_GC_0.77_avg_35.1168_std_6.1742_Tm_44.72,GCCAGCGCAAGGC
HEV-314seqs_alignment_4407_F_GC_0.62_avg_35.1168_std_6.1742_Tm_38.41,TGGGAAGCTGGCA
HEV-314seqs_alignment_4377_F_GC_0.77_avg_35.1168_std_6.1742_Tm_44.72,TTGCCGCCCGAGC
HEV-314seqs_alignment_4347_F_GC_0.69_avg_35.1168_std_6.1742_Tm_41.56,CCGGACTCGACTG
HEV-314seqs_alignment_4317_F_GC_0.77_avg_35.1168_std_6.1742_Tm_44.72,GGCGACCCCAACC
HEV-314seqs_alignment_4257_F_GC_0.69_avg_35.1168_std_6.1742_Tm_41.56,GGGAGACGTGCTC
HEV-314seqs_alignment_4227_F_GC_0.54_avg_35.1168_std_6.1742_Tm_35.25,ACCGCCACAGTAA
HEV-314seqs_alignment_4169_F_GC_0.38_avg_35.1168_std_6.1742_Tm_28.95,ACATTCTTCCAGA
HEV-314seqs_alignment_4140_F_GC_0.54_avg_35.1168_std_6.1742_Tm_35.25,TTGAGCATGCCCA
HEV-314seqs_alignment_4111_F_GC_0.69_avg_35.1168_std_6.1742_Tm_41.56,CTTGGCGACCCGA
HEV-314seqs_alignment_4083_F_GC_0.38_avg_35.1168_std_6.1742_Tm_28.95,ATCATGATGTGTC
HEV-314seqs_alignment_4055_F_GC_0.31_avg_35.1168_std_6.1742_Tm_25.79,TATTGTTTTGACG
HEV-314seqs_alignment_4027_F_GC_0.54_avg_35.1168_std_6.1742_Tm_35.25,ACTGTTGAGCTCG
HEV-314seqs_alignment_3999_F_GC_0.46_avg_35.1168_std_6.1742_Tm_32.10,CCATCAGTCATAC
HEV-314seqs_alignment_3971_F_GC_0.54_avg_35.1168_std_6.1742_Tm_35.25,CCATAACCCACCA
HEV-314seqs_alignment_3943_F_GC_0.69_avg_35.1168_std_6.1742_Tm_41.56,CCGGCTCGCTGTT
HEV-314seqs_alignment_3916_F_GC_0.38_avg_35.1168_std_6.1742_Tm_28.95,TTTAAAGGGGATG
HEV-314seqs_alignment_3889_F_GC_0.46_avg_35.1168_std_6.1742_Tm_32.10,TCTGGAATCATCC
HEV-314seqs_alignment_3863_F_GC_0.69_avg_35.1168_std_6.1742_Tm_41.56,GTCCATGAGGCCC
HEV-314seqs_alignment_3838_F_GC_0.46_avg_35.1168_std_6.1742_Tm_32.10,CTGAGTACGATCA
HEV-314seqs_alignment_3813_F_GC_0.62_avg_35.1168_std_6.1742_Tm_38.41,GTCCATGAAGCCC
HEV-314seqs_alignment_3763_F_GC_0.38_avg_35.1168_std_6.1742_Tm_28.95,CAGAAAGACTGTA
HEV-314seqs_alignment_3738_F_GC_0.69_avg_35.1168_std_6.1742_Tm_41.56,GCAACCCCCGATG
HEV-314seqs_alignment_3714_F_GC_0.46_avg_35.1168_std_6.1742_Tm_32.10,GTTTTATGCGGTG
HEV-314seqs_alignment_3690_F_GC_0.46_avg_35.1168_std_6.1742_Tm_32.10,CATCTGTTGCTTC
HEV-314seqs_alignment_3666_F_GC_0.46_avg_35.1168_std_6.1742_Tm_32.10,TGTTTGAGTCGGA
HEV-314seqs_alignment_3642_F_GC_0.54_avg_35.1168_std_6.1742_Tm_35.25,ACCGTTGAGCTTG
HEV-314seqs_alignment_3618_F_GC_0.69_avg_35.1168_std_6.1742_Tm_41.56,CGTATGGCTGCCC
HEV-314seqs_alignment_3594_F_GC_0.54_avg_35.1168_std_6.1742_Tm_35.25,TCTTTCTGGGAGG
HEV-314seqs_alignment_3571_F_GC_0.46_avg_35.1168_std_6.1742_Tm_32.10,GACCCAAATCAGA
HEV-314seqs_alignment_3548_F_GC_0.54_avg_35.1168_std_6.1742_Tm_35.25,GTCCCTGTGCATA
HEV-314seqs_alignment_3525_F_GC_0.46_avg_35.1168_std_6.1742_Tm_32.10,TCTAAAGGCATGC
HEV-314seqs_alignment_3502_F_GC_0.31_avg_35.1168_std_6.1742_Tm_25.79,ACATCTACTATTG
HEV-314seqs_alignment_3479_F_GC_0.62_avg_35.1168_std_6.1742_Tm_38.41,TTGGTCGCATCCG
HEV-314seqs_alignment_3456_F_GC_0.77_avg_35.1168_std_6.1742_Tm_44.72,GAGCCTGGCGTCG
HEV-314seqs_alignment_3433_F_GC_0.54_avg_35.1168_std_6.1742_Tm_35.25,TGTCTCAGCCACA
HEV-314seqs_alignment_3411_F_GC_0.62_avg_35.1168_std_6.1742_Tm_38.41,CCCGTACAGCCAA
HEV-314seqs_alignment_3389_F_GC_0.69_avg_35.1168_std_6.1742_Tm_41.56,TTGCCGCCGAGAC
HEV-314seqs_alignment_3367_F_GC_0.31_avg_35.1168_std_6.1742_Tm_25.79,TATTGCTTTGATG
HEV-314seqs_alignment_3345_F_GC_0.54_avg_35.1168_std_6.1742_Tm_35.25,TTCATGAGGCCCA
HEV-314seqs_alignment_3323_F_GC_0.46_avg_35.1168_std_6.1742_Tm_32.10,CTTGAGCTTGAGT
HEV-314seqs_alignment_3301_F_GC_0.38_avg_35.1168_std_6.1742_Tm_28.95,TACAACCATGATG
HEV-314seqs_alignment_3259_F_GC_0.54_avg_35.1168_std_6.1742_Tm_35.25,AGTCAGCGTAAGG
HEV-314seqs_alignment_3238_F_GC_0.62_avg_35.1168_std_6.1742_Tm_38.41,GCGCCCATCTGTT
HEV-314seqs_alignment_3217_F_GC_0.62_avg_35.1168_std_6.1742_Tm_38.41,ACCAGATCCCTGC
HEV-314seqs_alignment_3196_F_GC_0.46_avg_35.1168_std_6.1742_Tm_32.10,GCTGAATATGACC
HEV-314seqs_alignment_3175_F_GC_0.54_avg_35.1168_std_6.1742_Tm_35.25,GCTACCGTTGAAG
HEV-314seqs_alignment_3135_F_GC_0.69_avg_35.1168_std_6.1742_Tm_41.56,TCACTGCCGGGGT
HEV-314seqs_alignment_3115_F_GC_0.54_avg_35.1168_std_6.1742_Tm_35.25,AGCTCGAGTTTCG
HEV-314seqs_alignment_3095_F_GC_0.31_avg_35.1168_std_6.1742_Tm_25.79,ATTGTTTTGATGG
HEV-314seqs_alignment_3076_F_GC_0.46_avg_35.1168_std_6.1742_Tm_32.10,ACCCAGGCTATAT
HEV-314seqs_alignment_3057_F_GC_0.38_avg_35.1168_std_6.1742_Tm_28.95,TCTTTCAGAAGGA
HEV-314seqs_alignment_3038_F_GC_0.46_avg_35.1168_std_6.1742_Tm_32.10,TAACGGCTACTGT
HEV-314seqs_alignment_3019_F_GC_0.62_avg_35.1168_std_6.1742_Tm_38.41,GCCGGGCTTGATT
HEV-314seqs_alignment_3001_F_GC_0.46_avg_35.1168_std_6.1742_Tm_32.10,TGTTCGAGTCAGA
HEV-314seqs_alignment_2983_F_GC_0.46_avg_35.1168_std_6.1742_Tm_32.10,TGGTTCAGCAGTT
HEV-314seqs_alignment_2947_F_GC_0.31_avg_35.1168_std_6.1742_Tm_25.79,TGTTTGAATCAGA
HEV-314seqs_alignment_2929_F_GC_0.31_avg_35.1168_std_6.1742_Tm_25.79,GACATGAATTCTA
HEV-314seqs_alignment_2911_F_GC_0.54_avg_35.1168_std_6.1742_Tm_35.25,GAGTCCGAGTGTA
HEV-314seqs_alignment_2894_F_GC_0.46_avg_35.1168_std_6.1742_Tm_32.10,TTTGGAATCACCC
HEV-314seqs_alignment_2877_F_GC_0.46_avg_35.1168_std_6.1742_Tm_32.10,AGTTTGACAGCAC
HEV-314seqs_alignment_2860_F_GC_0.62_avg_35.1168_std_6.1742_Tm_38.41,ACCAACACCCGTG
HEV-314seqs_alignment_2843_F_GC_0.54_avg_35.1168_std_6.1742_Tm_35.25,GCTATGAGTTCCG
HEV-314seqs_alignment_2826_F_GC_0.77_avg_35.1168_std_6.1742_Tm_44.72,GCCACCATCGCCC
HEV-314seqs_alignment_2809_F_GC_0.38_avg_35.1168_std_6.1742_Tm_28.95,TGTTTGAGTCTGA
HEV-314seqs_alignment_2793_F_GC_0.38_avg_35.1168_std_6.1742_Tm_28.95,ATGAATTCCGTGA
HEV-314seqs_alignment_2777_F_GC_0.54_avg_35.1168_std_6.1742_Tm_35.25,ACCTCCACTGATG
HEV-314seqs_alignment_2761_F_GC_0.62_avg_35.1168_std_6.1742_Tm_38.41,ATGGAGGCCCATC
HEV-314seqs_alignment_2729_F_GC_0.77_avg_35.1168_std_6.1742_Tm_44.72,GTATGGCCGCCCC
HEV-314seqs_alignment_2713_F_GC_0.46_avg_35.1168_std_6.1742_Tm_32.10,AACCCTGATCAGA
HEV-314seqs_alignment_2697_F_GC_0.69_avg_35.1168_std_6.1742_Tm_41.56,CCTTCTGGGAGGC
HEV-314seqs_alignment_2681_F_GC_0.46_avg_35.1168_std_6.1742_Tm_32.10,TGGAGCTTGAACA
HEV-314seqs_alignment_2649_F_GC_0.77_avg_35.1168_std_6.1742_Tm_44.72,CACCCCCTGTGCC
HEV-314seqs_alignment_2633_F_GC_0.77_avg_35.1168_std_6.1742_Tm_44.72,GGTGCCCCTAGCG
HEV-314seqs_alignment_2603_F_GC_0.38_avg_35.1168_std_6.1742_Tm_28.95,ACTATTACTGAGG
HEV-314seqs_alignment_2588_F_GC_0.38_avg_35.1168_std_6.1742_Tm_28.95,TACCAGTTTACTG
HEV-314seqs_alignment_2573_F_GC_0.77_avg_35.1168_std_6.1742_Tm_44.72,TCCCGCTGCGCCT
HEV-314seqs_alignment_2559_F_GC_0.62_avg_35.1168_std_6.1742_Tm_38.41,GATGTGGTGTGGG
HEV-314seqs_alignment_2545_F_GC_0.77_avg_35.1168_std_6.1742_Tm_44.72,TGCCCCCACTCGG
HEV-314seqs_alignment_2531_F_GC_0.46_avg_35.1168_std_6.1742_Tm_32.10,TTGAGTTCCGCAA
HEV-314seqs_alignment_2517_F_GC_0.62_avg_35.1168_std_6.1742_Tm_38.41,AAGCGGCTTGAGG
HEV-314seqs_alignment_2503_F_GC_0.54_avg_35.1168_std_6.1742_Tm_35.25,TGACGGCTACTGT
HEV-314seqs_alignment_2489_F_GC_0.31_avg_35.1168_std_6.1742_Tm_25.79,ACTATCAGTTTAC
HEV-314seqs_alignment_2475_F_GC_0.46_avg_35.1168_std_6.1742_Tm_32.10,ATATCTGGGATCG
HEV-314seqs_alignment_2462_F_GC_0.62_avg_35.1168_std_6.1742_Tm_38.41,TATGCTGGCTCCC
HEV-314seqs_alignment_2449_F_GC_0.46_avg_35.1168_std_6.1742_Tm_32.10,ACTGGCACTAATC
HEV-314seqs_alignment_2436_F_GC_0.62_avg_35.1168_std_6.1742_Tm_38.41,GTCCCTCAGTCCT
HEV-314seqs_alignment_2423_F_GC_0.62_avg_35.1168_std_6.1742_Tm_38.41,CAGTGACGGTCCA
HEV-314seqs_alignment_2410_F_GC_0.54_avg_35.1168_std_6.1742_Tm_35.25,CACCTTCTTGGTG
HEV-314seqs_alignment_2397_F_GC_0.69_avg_35.1168_std_6.1742_Tm_41.56,ACCCTGGCGCGAT
HEV-314seqs_alignment_2384_F_GC_0.77_avg_35.1168_std_6.1742_Tm_44.72,GCCACCATGCGCC
HEV-314seqs_alignment_2372_F_GC_0.54_avg_35.1168_std_6.1742_Tm_35.25,GAGTATCGCAACC
HEV-314seqs_alignment_2360_F_GC_0.38_avg_35.1168_std_6.1742_Tm_28.95,AGTATGACCAAAC
HEV-314seqs_alignment_2348_F_GC_0.38_avg_35.1168_std_6.1742_Tm_28.95,CTGTTTGTGACTT
HEV-314seqs_alignment_2336_F_GC_0.54_avg_35.1168_std_6.1742_Tm_35.25,CCTCAGGCACTAA
HEV-314seqs_alignment_2324_F_GC_0.46_avg_35.1168_std_6.1742_Tm_32.10,TTCATGAAGTGGC
HEV-314seqs_alignment_2312_F_GC_0.38_avg_35.1168_std_6.1742_Tm_28.95,GCTATGAATTTCG
HEV-314seqs_alignment_2300_F_GC_0.62_avg_35.1168_std_6.1742_Tm_38.41,GCACGGCTAACCT
HEV-314seqs_alignment_2289_F_GC_0.54_avg_35.1168_std_6.1742_Tm_35.25,TCTGGAATCACCC
HEV-314seqs_alignment_2278_F_GC_0.38_avg_35.1168_std_6.1742_Tm_28.95,TTGTTCTCTTGCT
HEV-314seqs_alignment_2267_F_GC_0.54_avg_35.1168_std_6.1742_Tm_35.25,GGAACCACCCTAT
HEV-314seqs_alignment_2256_F_GC_0.46_avg_35.1168_std_6.1742_Tm_32.10,AATGGCCTAGACT
HEV-314seqs_alignment_2245_F_GC_0.69_avg_35.1168_std_6.1742_Tm_41.56,AGTTCACCGCCGG
HEV-314seqs_alignment_2234_F_GC_0.62_avg_35.1168_std_6.1742_Tm_38.41,GTACGGCGAACCT
HEV-314seqs_alignment_2223_F_GC_0.62_avg_35.1168_std_6.1742_Tm_38.41,GGGAAGCTGGTAC
HEV-314seqs_alignment_2212_F_GC_0.38_avg_35.1168_std_6.1742_Tm_28.95,GCTGAATATGATC
HEV-314seqs_alignment_2201_F_GC_0.46_avg_35.1168_std_6.1742_Tm_32.10,ACTACTAAAGCCG
HEV-314seqs_alignment_2190_F_GC_0.46_avg_35.1168_std_6.1742_Tm_32.10,ACAACCACGATGT
HEV-314seqs_alignment_2179_F_GC_0.62_avg_35.1168_std_6.1742_Tm_38.41,AGACTTGCTCCCG
HEV-314seqs_alignment_2168_F_GC_0.46_avg_35.1168_std_6.1742_Tm_32.10,AACCAAATCCCTG
HEV-314seqs_alignment_2135_F_GC_0.31_avg_35.1168_std_6.1742_Tm_25.79,CATATTTGGGATA
HEV-314seqs_alignment_2124_F_GC_0.38_avg_35.1168_std_6.1742_Tm_28.95,GCTACAATCATGA
HEV-314seqs_alignment_2113_F_GC_0.62_avg_35.1168_std_6.1742_Tm_38.41,TGACGGCCACTGT
HEV-314seqs_alignment_2102_F_GC_0.31_avg_35.1168_std_6.1742_Tm_25.79,TCTGCTGTTTTAT
HEV-314seqs_alignment_2091_F_GC_0.46_avg_35.1168_std_6.1742_Tm_32.10,TTTGGAACCATCC
HEV-314seqs_alignment_2080_F_GC_0.62_avg_35.1168_std_6.1742_Tm_38.41,GCATGACCCCATG
HEV-314seqs_alignment_2070_F_GC_0.69_avg_35.1168_std_6.1742_Tm_41.56,GTTCACGAGGCCC
HEV-314seqs_alignment_2060_F_GC_0.62_avg_35.1168_std_6.1742_Tm_38.41,ACATCTGGGACCG
HEV-314seqs_alignment_2050_F_GC_0.46_avg_35.1168_std_6.1742_Tm_32.10,GGGAACACCAATA
HEV-314seqs_alignment_2040_F_GC_0.46_avg_35.1168_std_6.1742_Tm_32.10,GCAGGTTACAATC
HEV-314seqs_alignment_2030_F_GC_0.62_avg_35.1168_std_6.1742_Tm_38.41,CCACTGTCGAGCT
HEV-314seqs_alignment_2020_F_GC_0.38_avg_35.1168_std_6.1742_Tm_28.95,GCTATATCTAAGG
HEV-314seqs_alignment_2010_F_GC_0.54_avg_35.1168_std_6.1742_Tm_35.25,AGGACCTTGAGCA
HEV-314seqs_alignment_2000_F_GC_0.77_avg_35.1168_std_6.1742_Tm_44.72,CGTATGGCGGCGC
HEV-314seqs_alignment_1990_F_GC_0.46_avg_35.1168_std_6.1742_Tm_32.10,ACTATAACCGAGG
HEV-314seqs_alignment_1980_F_GC_0.77_avg_35.1168_std_6.1742_Tm_44.72,GCCATCACCGCCC
HEV-314seqs_alignment_1970_F_GC_0.62_avg_35.1168_std_6.1742_Tm_38.41,AGACCTGTTCCCG
HEV-314seqs_alignment_1961_F_GC_0.46_avg_35.1168_std_6.1742_Tm_32.10,CAGGGCATTTCTA
HEV-314seqs_alignment_1952_F_GC_0.46_avg_35.1168_std_6.1742_Tm_32.10,TCCTTGCGAAGAT
HEV-314seqs_alignment_1943_F_GC_0.46_avg_35.1168_std_6.1742_Tm_32.10,CTAAAGGTATGCG
HEV-314seqs_alignment_1934_F_GC_0.38_avg_35.1168_std_6.1742_Tm_28.95,CATCGTAAAGAGT
HEV-314seqs_alignment_1925_F_GC_0.54_avg_35.1168_std_6.1742_Tm_35.25,AAGTGTATGCCGG
HEV-314seqs_alignment_1916_F_GC_0.54_avg_35.1168_std_6.1742_Tm_35.25,CTTCTGGCACCAA
HEV-314seqs_alignment_1907_F_GC_0.54_avg_35.1168_std_6.1742_Tm_35.25,GCCTCTGGAACTA
HEV-314seqs_alignment_1898_F_GC_0.62_avg_35.1168_std_6.1742_Tm_38.41,TCGTGCTCGTGCT
HEV-314seqs_alignment_1889_F_GC_0.54_avg_35.1168_std_6.1742_Tm_35.25,GTTATACCGCGTG
HEV-314seqs_alignment_1880_F_GC_0.54_avg_35.1168_std_6.1742_Tm_35.25,GCTGTCTGTGACT
HEV-314seqs_alignment_1871_F_GC_0.46_avg_35.1168_std_6.1742_Tm_32.10,TACAGCTAGACAC
HEV-314seqs_alignment_1862_F_GC_0.77_avg_35.1168_std_6.1742_Tm_44.72,GGCTGAGGAGGCC
HEV-314seqs_alignment_1853_F_GC_0.62_avg_35.1168_std_6.1742_Tm_38.41,TTGCTGCTCGTGC
HEV-314seqs_alignment_1844_F_GC_0.62_avg_35.1168_std_6.1742_Tm_38.41,GGAGGGCAGATGT
HEV-314seqs_alignment_1835_F_GC_0.38_avg_35.1168_std_6.1742_Tm_28.95,GTTGACATGAACT
HEV-314seqs_alignment_1826_F_GC_0.54_avg_35.1168_std_6.1742_Tm_35.25,GCTAATCCTGGTG
HEV-314seqs_alignment_1808_F_GC_0.38_avg_35.1168_std_6.1742_Tm_28.95,TTTTCCAGAAGGA
HEV-314seqs_alignment_1799_F_GC_0.62_avg_35.1168_std_6.1742_Tm_38.41,GCTACGAGTTCCG
HEV-314seqs_alignment_1790_F_GC_0.31_avg_35.1168_std_6.1742_Tm_25.79,GAATTTGATAGCA
HEV-314seqs_alignment_1781_F_GC_0.62_avg_35.1168_std_6.1742_Tm_38.41,GTTTCACCCCGGT
HEV-314seqs_alignment_1772_F_GC_0.54_avg_35.1168_std_6.1742_Tm_35.25,GTTCATGAAGCCC
HEV-314seqs_alignment_1764_F_GC_0.62_avg_35.1168_std_6.1742_Tm_38.41,GTGACCCCAACCA
HEV-314seqs_alignment_1756_F_GC_0.62_avg_35.1168_std_6.1742_Tm_38.41,TGGACTGTACCGC
HEV-314seqs_alignment_1748_F_GC_0.69_avg_35.1168_std_6.1742_Tm_41.56,ATACCCCGCGGCA
HEV-314seqs_alignment_1740_F_GC_0.62_avg_35.1168_std_6.1742_Tm_38.41,CTTGCAAGTCCCG
HEV-314seqs_alignment_1732_F_GC_0.69_avg_35.1168_std_6.1742_Tm_41.56,TTGCTGCCCGAGC
HEV-314seqs_alignment_1724_F_GC_0.62_avg_35.1168_std_6.1742_Tm_38.41,GCAACATTCCCCC
HEV-314seqs_alignment_1716_F_GC_0.62_avg_35.1168_std_6.1742_Tm_38.41,CCGAACAGTTGCG
HEV-314seqs_alignment_1708_F_GC_0.69_avg_35.1168_std_6.1742_Tm_41.56,GCCAGCGGAAAGC
HEV-314seqs_alignment_1700_F_GC_0.54_avg_35.1168_std_6.1742_Tm_35.25,ACCCGAACCAGAT
HEV-314seqs_alignment_1692_F_GC_0.69_avg_35.1168_std_6.1742_Tm_41.56,GTGTCCCTGGCTC
HEV-314seqs_alignment_1684_F_GC_0.54_avg_35.1168_std_6.1742_Tm_35.25,TTTCATGCGGTGG
HEV-314seqs_alignment_1676_F_GC_0.69_avg_35.1168_std_6.1742_Tm_41.56,TCCCCGCTCACGT
HEV-314seqs_alignment_1668_F_GC_0.31_avg_35.1168_std_6.1742_Tm_25.79,TTATGAAATGGCT
HEV-314seqs_alignment_1660_F_GC_0.46_avg_35.1168_std_6.1742_Tm_32.10,GAGGTTTCTGATG
HEV-314seqs_alignment_1652_F_GC_0.54_avg_35.1168_std_6.1742_Tm_35.25,GATGTGCTTTGGC
HEV-314seqs_alignment_1644_F_GC_0.62_avg_35.1168_std_6.1742_Tm_38.41,CATAAGCCACCGG
HEV-314seqs_alignment_1636_F_GC_0.77_avg_35.1168_std_6.1742_Tm_44.72,GGTGGCGCCCCTA
HEV-314seqs_alignment_1629_F_GC_0.46_avg_35.1168_std_6.1742_Tm_32.10,AGGGGATGAAAAG
HEV-314seqs_alignment_1622_F_GC_0.69_avg_35.1168_std_6.1742_Tm_41.56,CCACCAGCACCAG
HEV-314seqs_alignment_1615_F_GC_0.38_avg_35.1168_std_6.1742_Tm_28.95,CCGTTGATATGAA
HEV-314seqs_alignment_1608_F_GC_0.62_avg_35.1168_std_6.1742_Tm_38.41,GCTACTGTCGAGC
HEV-314seqs_alignment_1601_F_GC_0.46_avg_35.1168_std_6.1742_Tm_32.10,GCTATGAGTTTCG
HEV-314seqs_alignment_1594_F_GC_0.62_avg_35.1168_std_6.1742_Tm_38.41,TGTCCACGTCTCC
HEV-314seqs_alignment_1587_F_GC_0.69_avg_35.1168_std_6.1742_Tm_41.56,GGGCCTGTGAGGT
HEV-314seqs_alignment_1580_F_GC_0.46_avg_35.1168_std_6.1742_Tm_32.10,ACCATTACTGAGG
HEV-314seqs_alignment_1573_F_GC_0.77_avg_35.1168_std_6.1742_Tm_44.72,TTGCGGCCCGTGC
HEV-314seqs_alignment_1566_F_GC_0.62_avg_35.1168_std_6.1742_Tm_38.41,TGGAACCACCCGA
HEV-314seqs_alignment_1559_F_GC_0.62_avg_35.1168_std_6.1742_Tm_38.41,CTGTGCGTAAGCC
HEV-314seqs_alignment_1552_F_GC_0.62_avg_35.1168_std_6.1742_Tm_38.41,CCACCGTTGAGGT
HEV-314seqs_alignment_1545_F_GC_0.69_avg_35.1168_std_6.1742_Tm_41.56,GACGGCGCTAAGG
HEV-314seqs_alignment_1538_F_GC_0.54_avg_35.1168_std_6.1742_Tm_35.25,ACCAACACTCGTG
HEV-314seqs_alignment_1531_F_GC_0.38_avg_35.1168_std_6.1742_Tm_28.95,CTAAAGGGATGAA
HEV-314seqs_alignment_1524_F_GC_0.54_avg_35.1168_std_6.1742_Tm_35.25,ACTGCAAGGCTGT
HEV-314seqs_alignment_1517_F_GC_0.46_avg_35.1168_std_6.1742_Tm_32.10,TCCAGAAAGACTG
HEV-314seqs_alignment_1510_F_GC_0.62_avg_35.1168_std_6.1742_Tm_38.41,AGTCCGAGTGCAC
HEV-314seqs_alignment_1503_F_GC_0.54_avg_35.1168_std_6.1742_Tm_35.25,CCAACCAATCCCT
HEV-314seqs_alignment_1496_F_GC_0.69_avg_35.1168_std_6.1742_Tm_41.56,CAGCGCAAAGCGG
HEV-314seqs_alignment_1489_F_GC_0.46_avg_35.1168_std_6.1742_Tm_32.10,ACTGCTTTGATGG
HEV-314seqs_alignment_1482_F_GC_0.69_avg_35.1168_std_6.1742_Tm_41.56,GGCAGTCTTCCCC
HEV-314seqs_alignment_1468_F_GC_0.69_avg_35.1168_std_6.1742_Tm_41.56,CCCGTACGGCCAA
HEV-314seqs_alignment_1461_F_GC_0.54_avg_35.1168_std_6.1742_Tm_35.25,CTCGAGCTTGAGT
HEV-314seqs_alignment_1454_F_GC_0.54_avg_35.1168_std_6.1742_Tm_35.25,TGCTTTGACGGGT
HEV-314seqs_alignment_1447_F_GC_0.46_avg_35.1168_std_6.1742_Tm_32.10,GTTCATAAGCCAC
HEV-314seqs_alignment_1440_F_GC_0.69_avg_35.1168_std_6.1742_Tm_41.56,CATGCGCCCTAGG
HEV-314seqs_alignment_1433_F_GC_0.54_avg_35.1168_std_6.1742_Tm_35.25,CTTCGTGGTAAGC
HEV-314seqs_alignment_1426_F_GC_0.54_avg_35.1168_std_6.1742_Tm_35.25,TTGTGTGGGTGAC
HEV-314seqs_alignment_1420_F_GC_0.69_avg_35.1168_std_6.1742_Tm_41.56,CTTCCGTGGCCAC
HEV-314seqs_alignment_1414_F_GC_0.69_avg_35.1168_std_6.1742_Tm_41.56,CGCATGGCTGCTC
HEV-314seqs_alignment_1408_F_GC_0.62_avg_35.1168_std_6.1742_Tm_38.41,TGGAACCACCCCA
HEV-314seqs_alignment_1402_F_GC_0.31_avg_35.1168_std_6.1742_Tm_25.79,AGCTTGAATTTAG
HEV-314seqs_alignment_1396_F_GC_0.69_avg_35.1168_std_6.1742_Tm_41.56,GTGAGAAGGCCCG
HEV-314seqs_alignment_1390_F_GC_0.46_avg_35.1168_std_6.1742_Tm_32.10,GATGATTTCTGCC
HEV-314seqs_alignment_1384_F_GC_0.62_avg_35.1168_std_6.1742_Tm_38.41,CCGTCGGTCATAC
HEV-314seqs_alignment_1378_F_GC_0.38_avg_35.1168_std_6.1742_Tm_28.95,GCTTAGATTGTAC
HEV-314seqs_alignment_1372_F_GC_0.46_avg_35.1168_std_6.1742_Tm_32.10,TTCGAGTCGGATT
HEV-314seqs_alignment_1366_F_GC_0.31_avg_35.1168_std_6.1742_Tm_25.79,AATCAAATTCCTG
HEV-314seqs_alignment_1354_F_GC_0.46_avg_35.1168_std_6.1742_Tm_32.10,AATCAGATCCCTG
HEV-314seqs_alignment_1348_F_GC_0.69_avg_35.1168_std_6.1742_Tm_41.56,GTGTTCCCGGGTC
HEV-314seqs_alignment_1342_F_GC_0.62_avg_35.1168_std_6.1742_Tm_38.41,TGCAGCCCGTAAC
HEV-314seqs_alignment_1336_F_GC_0.46_avg_35.1168_std_6.1742_Tm_32.10,ATTATGCCGAGGT
HEV-314seqs_alignment_1330_F_GC_0.62_avg_35.1168_std_6.1742_Tm_38.41,CGTACCGTGAGAC
HEV-314seqs_alignment_1324_F_GC_0.46_avg_35.1168_std_6.1742_Tm_32.10,CACTACCAGTTCA
HEV-314seqs_alignment_1319_F_GC_0.38_avg_35.1168_std_6.1742_Tm_28.95,ATAGTCCTTGACA
HEV-314seqs_alignment_1314_F_GC_0.62_avg_35.1168_std_6.1742_Tm_38.41,AGACATGCTCCCG
HEV-314seqs_alignment_1309_F_GC_0.62_avg_35.1168_std_6.1742_Tm_38.41,AGCTCGAGTTCCG
HEV-314seqs_alignment_1304_F_GC_0.31_avg_35.1168_std_6.1742_Tm_25.79,AATTTGACAGTAC
HEV-314seqs_alignment_1299_F_GC_0.38_avg_35.1168_std_6.1742_Tm_28.95,ATTAGCTTTTGGG
HEV-314seqs_alignment_1294_F_GC_0.46_avg_35.1168_std_6.1742_Tm_32.10,CTGTTTAGCCAGA
HEV-314seqs_alignment_1289_F_GC_0.69_avg_35.1168_std_6.1742_Tm_41.56,GGGGTGTCAAGGG
HEV-314seqs_alignment_1284_F_GC_0.54_avg_35.1168_std_6.1742_Tm_35.25,CCGTAGAAAAGGC
HEV-314seqs_alignment_1279_F_GC_0.38_avg_35.1168_std_6.1742_Tm_28.95,TCTGAGTTCGATA
HEV-314seqs_alignment_1274_F_GC_0.62_avg_35.1168_std_6.1742_Tm_38.41,TGGGCATCAAGCG
HEV-314seqs_alignment_1264_F_GC_0.54_avg_35.1168_std_6.1742_Tm_35.25,TGCGCGACTTTGT
HEV-314seqs_alignment_1259_F_GC_0.38_avg_35.1168_std_6.1742_Tm_28.95,TGTTGCTTTATGC
HEV-314seqs_alignment_1254_F_GC_0.62_avg_35.1168_std_6.1742_Tm_38.41,GAGGTCGAGCATG
HEV-314seqs_alignment_1249_F_GC_0.54_avg_35.1168_std_6.1742_Tm_35.25,ATGGGGATCAAGC
HEV-314seqs_alignment_1244_F_GC_0.77_avg_35.1168_std_6.1742_Tm_44.72,GGCGCACCCTGTG
HEV-314seqs_alignment_1239_F_GC_0.46_avg_35.1168_std_6.1742_Tm_32.10,AGTAAGCCAGCTA
HEV-314seqs_alignment_1234_F_GC_0.54_avg_35.1168_std_6.1742_Tm_35.25,GCCCGTCTGTTAT
HEV-314seqs_alignment_1229_F_GC_0.54_avg_35.1168_std_6.1742_Tm_35.25,GTCAACGTAAGGC
HEV-314seqs_alignment_1224_F_GC_0.62_avg_35.1168_std_6.1742_Tm_38.41,TGTCCACATCCCC
HEV-314seqs_alignment_1219_F_GC_0.46_avg_35.1168_std_6.1742_Tm_32.10,AACCAGATTCCTG
HEV-314seqs_alignment_1214_F_GC_0.54_avg_35.1168_std_6.1742_Tm_35.25,ATGTGCACAAGCG
HEV-314seqs_alignment_1209_F_GC_0.46_avg_35.1168_std_6.1742_Tm_32.10,CTTGACTGTAAGG
HEV-314seqs_alignment_1204_F_GC_0.77_avg_35.1168_std_6.1742_Tm_44.72,CCGCAAGGGCTGC
HEV-314seqs_alignment_1199_F_GC_0.46_avg_35.1168_std_6.1742_Tm_32.10,CCCGCTATTGATT
HEV-314seqs_alignment_1194_F_GC_0.54_avg_35.1168_std_6.1742_Tm_35.25,TTTTACTCCCGCC
HEV-314seqs_alignment_1189_F_GC_0.54_avg_35.1168_std_6.1742_Tm_35.25,GTCCATGAAGCTC
HEV-314seqs_alignment_1184_F_GC_0.69_avg_35.1168_std_6.1742_Tm_41.56,ACCCTGTGCCCAG
HEV-314seqs_alignment_1179_F_GC_0.69_avg_35.1168_std_6.1742_Tm_41.56,CAGGTGGCCAAGC
HEV-314seqs_alignment_1174_F_GC_0.62_avg_35.1168_std_6.1742_Tm_38.41,ATCCGATCCAGCG
HEV-314seqs_alignment_1169_F_GC_0.38_avg_35.1168_std_6.1742_Tm_28.95,ATGCAGTATGTGA
HEV-314seqs_alignment_1164_F_GC_0.46_avg_35.1168_std_6.1742_Tm_32.10,CCGTTCTTTCAAC
HEV-314seqs_alignment_1159_F_GC_0.54_avg_35.1168_std_6.1742_Tm_35.25,GTGCAGCCTGTAA
HEV-314seqs_alignment_1154_F_GC_0.62_avg_35.1168_std_6.1742_Tm_38.41,GGAAGCGCATCAG
HEV-314seqs_alignment_1150_F_GC_0.69_avg_35.1168_std_6.1742_Tm_41.56,CAGCATCGCCCGT
HEV-314seqs_alignment_9396_R_GC_0.54_avg_34.5579_std_6.71774_Tm_35.25,TCACCCCAGAAAC
HEV-314seqs_alignment_9117_R_GC_0.23_avg_34.5579_std_6.71774_Tm_22.64,ACATGTTATTCAT
HEV-314seqs_alignment_8841_R_GC_0.54_avg_34.5579_std_6.71774_Tm_35.25,ACTCCCGGGTTTT
HEV-314seqs_alignment_8654_R_GC_0.31_avg_34.5579_std_6.71774_Tm_25.79,TTAGAATACTGCT
HEV-314seqs_alignment_8541_R_GC_0.54_avg_34.5579_std_6.71774_Tm_35.25,GCCATGTTCCAGA
HEV-314seqs_alignment_8430_R_GC_0.69_avg_34.5579_std_6.71774_Tm_41.56,CCCGCTGCATGTG
HEV-314seqs_alignment_8320_R_GC_0.31_avg_34.5579_std_6.71774_Tm_25.79,TCAGCAAGATTAA
HEV-314seqs_alignment_8217_R_GC_0.38_avg_34.5579_std_6.71774_Tm_28.95,GAATCAACATCAG
HEV-314seqs_alignment_8124_R_GC_0.62_avg_34.5579_std_6.71774_Tm_38.41,GGGCCCCAATTCT
HEV-314seqs_alignment_8035_R_GC_0.54_avg_34.5579_std_6.71774_Tm_35.25,TTCTGCTCAACCC
HEV-314seqs_alignment_7949_R_GC_0.69_avg_34.5579_std_6.71774_Tm_41.56,GGGCCCCAGTTCT
HEV-314seqs_alignment_7863_R_GC_0.38_avg_34.5579_std_6.71774_Tm_28.95,TAAAGTGTGCTCT
HEV-314seqs_alignment_7778_R_GC_0.69_avg_34.5579_std_6.71774_Tm_41.56,GGAGGTAGCGCTG
HEV-314seqs_alignment_7694_R_GC_0.23_avg_34.5579_std_6.71774_Tm_22.64,AGGAAAAAGTTAT
HEV-314seqs_alignment_7612_R_GC_0.31_avg_34.5579_std_6.71774_Tm_25.79,TAAGGTGTATTAG
HEV-314seqs_alignment_7532_R_GC_0.62_avg_34.5579_std_6.71774_Tm_38.41,AGAAGGGGTTGGC
HEV-314seqs_alignment_7456_R_GC_0.31_avg_34.5579_std_6.71774_Tm_25.79,CATTCTCAAAAAC
HEV-314seqs_alignment_7380_R_GC_0.31_avg_34.5579_std_6.71774_Tm_25.79,CATCAAAAACAAG
HEV-314seqs_alignment_7308_R_GC_0.54_avg_34.5579_std_6.71774_Tm_35.25,GAGTACTGCTGGA
HEV-314seqs_alignment_7237_R_GC_0.46_avg_34.5579_std_6.71774_Tm_32.10,CTATGATCGCCAT
HEV-314seqs_alignment_7166_R_GC_0.62_avg_34.5579_std_6.71774_Tm_38.41,GTCTGGGGCCAAA
HEV-314seqs_alignment_7096_R_GC_0.46_avg_34.5579_std_6.71774_Tm_32.10,AGAAGCGTATCAG
HEV-314seqs_alignment_7027_R_GC_0.62_avg_34.5579_std_6.71774_Tm_38.41,GCCCGCTGCATAT
HEV-314seqs_alignment_6961_R_GC_0.54_avg_34.5579_std_6.71774_Tm_35.25,CACTATCGGACAC
HEV-314seqs_alignment_6898_R_GC_0.54_avg_34.5579_std_6.71774_Tm_35.25,AAGGGGTTAGCAG
HEV-314seqs_alignment_6836_R_GC_0.46_avg_34.5579_std_6.71774_Tm_32.10,TTAGCCTCAAACC
HEV-314seqs_alignment_6775_R_GC_0.54_avg_34.5579_std_6.71774_Tm_35.25,CCAGGGCCAAATA
HEV-314seqs_alignment_6714_R_GC_0.54_avg_34.5579_std_6.71774_Tm_35.25,GTCACAACAGCAC
HEV-314seqs_alignment_6654_R_GC_0.46_avg_34.5579_std_6.71774_Tm_32.10,AGTCAACATCAGG
HEV-314seqs_alignment_6595_R_GC_0.69_avg_34.5579_std_6.71774_Tm_41.56,ACGGCAGAGCCGT
HEV-314seqs_alignment_6537_R_GC_0.38_avg_34.5579_std_6.71774_Tm_28.95,CCACAAAAAGGAT
HEV-314seqs_alignment_6479_R_GC_0.54_avg_34.5579_std_6.71774_Tm_35.25,GCAGCATCGATCT
HEV-314seqs_alignment_6422_R_GC_0.62_avg_34.5579_std_6.71774_Tm_38.41,CATCACGGCTGCA
HEV-314seqs_alignment_6366_R_GC_0.46_avg_34.5579_std_6.71774_Tm_32.10,CTCCCGAGTTTTA
HEV-314seqs_alignment_6310_R_GC_0.46_avg_34.5579_std_6.71774_Tm_32.10,CCCAGTTTTTCTC
HEV-314seqs_alignment_6254_R_GC_0.23_avg_34.5579_std_6.71774_Tm_22.64,CATTTTCAAATAC
HEV-314seqs_alignment_6199_R_GC_0.69_avg_34.5579_std_6.71774_Tm_41.56,ACACCGACCGCAG
HEV-314seqs_alignment_6144_R_GC_0.38_avg_34.5579_std_6.71774_Tm_28.95,ACAGCATGGATAA
HEV-314seqs_alignment_6089_R_GC_0.54_avg_34.5579_std_6.71774_Tm_35.25,GTGTCAGCAAGGT
HEV-314seqs_alignment_6035_R_GC_0.46_avg_34.5579_std_6.71774_Tm_32.10,CACACTATCAGAC
HEV-314seqs_alignment_5981_R_GC_0.38_avg_34.5579_std_6.71774_Tm_28.95,CATCAAAAACGAG
HEV-314seqs_alignment_5928_R_GC_0.54_avg_34.5579_std_6.71774_Tm_35.25,CCCCCTCATATGT
HEV-314seqs_alignment_5875_R_GC_0.54_avg_34.5579_std_6.71774_Tm_35.25,GGCTCATTCCAGA
HEV-314seqs_alignment_5824_R_GC_0.69_avg_34.5579_std_6.71774_Tm_41.56,GGGCCTCAAGCTG
HEV-314seqs_alignment_5773_R_GC_0.46_avg_34.5579_std_6.71774_Tm_32.10,GCCATATTCCAGA
HEV-314seqs_alignment_5723_R_GC_0.54_avg_34.5579_std_6.71774_Tm_35.25,TGGCCTCAAACCA
HEV-314seqs_alignment_5673_R_GC_0.46_avg_34.5579_std_6.71774_Tm_32.10,GCAGTAATCACAG
HEV-314seqs_alignment_5623_R_GC_0.46_avg_34.5579_std_6.71774_Tm_32.10,ACTATGTCCGTGA
HEV-314seqs_alignment_5574_R_GC_0.46_avg_34.5579_std_6.71774_Tm_32.10,ATCCTAACCTGCA
HEV-314seqs_alignment_5526_R_GC_0.54_avg_34.5579_std_6.71774_Tm_35.25,GGCCAGAAAGAGA
HEV-314seqs_alignment_5478_R_GC_0.62_avg_34.5579_std_6.71774_Tm_38.41,AGGACACCGACAG
HEV-314seqs_alignment_5430_R_GC_0.69_avg_34.5579_std_6.71774_Tm_41.56,CGGCGGCAGTTAG
HEV-314seqs_alignment_5384_R_GC_0.69_avg_34.5579_std_6.71774_Tm_41.56,ACCGGCGGCAGTT
HEV-314seqs_alignment_5340_R_GC_0.38_avg_34.5579_std_6.71774_Tm_28.95,AGGGTGTATTAGT
HEV-314seqs_alignment_5296_R_GC_0.46_avg_34.5579_std_6.71774_Tm_32.10,CCATGTTCCAAAC
HEV-314seqs_alignment_5252_R_GC_0.38_avg_34.5579_std_6.71774_Tm_28.95,GCCAGAAAGAAAT
HEV-314seqs_alignment_5208_R_GC_0.38_avg_34.5579_std_6.71774_Tm_28.95,TAGCTTCAAACCA
HEV-314seqs_alignment_5165_R_GC_0.54_avg_34.5579_std_6.71774_Tm_35.25,TAGCCTCGAACCA
HEV-314seqs_alignment_5123_R_GC_0.46_avg_34.5579_std_6.71774_Tm_32.10,GCACCAGTATAAG
HEV-314seqs_alignment_5082_R_GC_0.62_avg_34.5579_std_6.71774_Tm_38.41,TATACTGGCGGCG
HEV-314seqs_alignment_5041_R_GC_0.62_avg_34.5579_std_6.71774_Tm_38.41,GTAGCTGGCTACC
HEV-314seqs_alignment_5001_R_GC_0.62_avg_34.5579_std_6.71774_Tm_38.41,AAAGGGCGAGAGG
HEV-314seqs_alignment_4962_R_GC_0.38_avg_34.5579_std_6.71774_Tm_28.95,CATTCTCAAACAC
HEV-314seqs_alignment_4924_R_GC_0.85_avg_34.5579_std_6.71774_Tm_47.87,ACGGGGAGCCGCC
HEV-314seqs_alignment_4886_R_GC_0.54_avg_34.5579_std_6.71774_Tm_35.25,CCCCAGTTCTTCT
HEV-314seqs_alignment_4848_R_GC_0.54_avg_34.5579_std_6.71774_Tm_35.25,CAGAAGGGATTGG
HEV-314seqs_alignment_4811_R_GC_0.69_avg_34.5579_std_6.71774_Tm_41.56,CCGACCTCAGTGG
HEV-314seqs_alignment_4774_R_GC_0.31_avg_34.5579_std_6.71774_Tm_25.79,AAGTTGTTGACAA
HEV-314seqs_alignment_4737_R_GC_0.85_avg_34.5579_std_6.71774_Tm_47.87,GGACGGCGGAGCC
HEV-314seqs_alignment_4701_R_GC_0.46_avg_34.5579_std_6.71774_Tm_32.10,GGCTCATTCCAAA
HEV-314seqs_alignment_4665_R_GC_0.54_avg_34.5579_std_6.71774_Tm_35.25,CCGTCGTGAATCA
HEV-314seqs_alignment_4630_R_GC_0.46_avg_34.5579_std_6.71774_Tm_32.10,CGTTCTCAAAGAC
HEV-314seqs_alignment_4596_R_GC_0.31_avg_34.5579_std_6.71774_Tm_25.79,TGAACACTAGTTT
HEV-314seqs_alignment_4562_R_GC_0.54_avg_34.5579_std_6.71774_Tm_35.25,CTCGCTGCATATG
HEV-314seqs_alignment_4528_R_GC_0.46_avg_34.5579_std_6.71774_Tm_32.10,AAAGGGTTAGCAG
HEV-314seqs_alignment_4494_R_GC_0.46_avg_34.5579_std_6.71774_Tm_32.10,CCAAAAATGGACC
HEV-314seqs_alignment_4461_R_GC_0.54_avg_34.5579_std_6.71774_Tm_35.25,TCAAGAAGCCCCA
HEV-314seqs_alignment_4428_R_GC_0.69_avg_34.5579_std_6.71774_Tm_41.56,GCACCTCAAGGCC
HEV-314seqs_alignment_4395_R_GC_0.54_avg_34.5579_std_6.71774_Tm_35.25,GGGTGAGCTCATA
HEV-314seqs_alignment_4363_R_GC_0.46_avg_34.5579_std_6.71774_Tm_32.10,GAGGCCAAAAAGA
HEV-314seqs_alignment_4331_R_GC_0.54_avg_34.5579_std_6.71774_Tm_35.25,CGGCAATTAGCAG
HEV-314seqs_alignment_4299_R_GC_0.62_avg_34.5579_std_6.71774_Tm_38.41,AGAAGGGGGCACA
HEV-314seqs_alignment_4268_R_GC_0.46_avg_34.5579_std_6.71774_Tm_32.10,AGGTACCTCTGAT
HEV-314seqs_alignment_4237_R_GC_0.46_avg_34.5579_std_6.71774_Tm_32.10,GGGTTATGTTCCA
HEV-314seqs_alignment_4207_R_GC_0.46_avg_34.5579_std_6.71774_Tm_32.10,GAAAAAGGACGAG
HEV-314seqs_alignment_4177_R_GC_0.54_avg_34.5579_std_6.71774_Tm_35.25,GGCACTGACTCAT
HEV-314seqs_alignment_4148_R_GC_0.46_avg_34.5579_std_6.71774_Tm_32.10,GTATCACCCTCAT
HEV-314seqs_alignment_4119_R_GC_0.62_avg_34.5579_std_6.71774_Tm_38.41,CCAACTTCTGGCC
HEV-314seqs_alignment_4091_R_GC_0.85_avg_34.5579_std_6.71774_Tm_47.87,AGGCCCGGCCGAC
HEV-314seqs_alignment_4063_R_GC_0.54_avg_34.5579_std_6.71774_Tm_35.25,CCCTCTGCATATG
HEV-314seqs_alignment_4035_R_GC_0.54_avg_34.5579_std_6.71774_Tm_35.25,CCACAAAACGGGT
HEV-314seqs_alignment_4007_R_GC_0.54_avg_34.5579_std_6.71774_Tm_35.25,CTATCACAGGTGG
HEV-314seqs_alignment_3979_R_GC_0.77_avg_34.5579_std_6.71774_Tm_44.72,CAGGGGGCCGACT
HEV-314seqs_alignment_3951_R_GC_0.77_avg_34.5579_std_6.71774_Tm_44.72,CCTCCAGCCCAGC
HEV-314seqs_alignment_3924_R_GC_0.46_avg_34.5579_std_6.71774_Tm_32.10,GAAGTGTATCAGC
HEV-314seqs_alignment_3897_R_GC_0.77_avg_34.5579_std_6.71774_Tm_44.72,CCTCGAGCTGGCG
HEV-314seqs_alignment_3870_R_GC_0.54_avg_34.5579_std_6.71774_Tm_35.25,ACATCACGGCTAC
HEV-314seqs_alignment_3844_R_GC_0.38_avg_34.5579_std_6.71774_Tm_28.95,CACAAAATGGGTT
HEV-314seqs_alignment_3818_R_GC_0.31_avg_34.5579_std_6.71774_Tm_25.79,CATGAATAATAGG
HEV-314seqs_alignment_3792_R_GC_0.46_avg_34.5579_std_6.71774_Tm_32.10,TCTCACCGCAAAA
HEV-314seqs_alignment_3741_R_GC_0.46_avg_34.5579_std_6.71774_Tm_32.10,GAGTACTGCTGAA
HEV-314seqs_alignment_3716_R_GC_0.54_avg_34.5579_std_6.71774_Tm_35.25,CGCTGATGGCAAA
HEV-314seqs_alignment_3691_R_GC_0.69_avg_34.5579_std_6.71774_Tm_41.56,GGTGCGAGGACAC
HEV-314seqs_alignment_3667_R_GC_0.31_avg_34.5579_std_6.71774_Tm_25.79,TCATCAAAGACAA
HEV-314seqs_alignment_3643_R_GC_0.77_avg_34.5579_std_6.71774_Tm_44.72,GTCGGGGTGGTGG
HEV-314seqs_alignment_3619_R_GC_0.46_avg_34.5579_std_6.71774_Tm_32.10,AGGCAGATGGAAA
HEV-314seqs_alignment_3596_R_GC_0.62_avg_34.5579_std_6.71774_Tm_38.41,CGCTGGTGGCAAA
HEV-314seqs_alignment_3573_R_GC_0.38_avg_34.5579_std_6.71774_Tm_28.95,ACAAGTTCATACG
HEV-314seqs_alignment_3550_R_GC_0.77_avg_34.5579_std_6.71774_Tm_44.72,TACCACCCGGGCC
HEV-314seqs_alignment_3527_R_GC_0.54_avg_34.5579_std_6.71774_Tm_35.25,CCTGGTAAAGAGG
HEV-314seqs_alignment_3504_R_GC_0.62_avg_34.5579_std_6.71774_Tm_38.41,ACACGACAGCCAG
HEV-314seqs_alignment_3481_R_GC_0.46_avg_34.5579_std_6.71774_Tm_32.10,CAACCGCAGAAAT
HEV-314seqs_alignment_3458_R_GC_0.46_avg_34.5579_std_6.71774_Tm_32.10,CATAAGTCACGAC
HEV-314seqs_alignment_3436_R_GC_0.69_avg_34.5579_std_6.71774_Tm_41.56,CCCCAGAACAGGG
HEV-314seqs_alignment_3414_R_GC_0.62_avg_34.5579_std_6.71774_Tm_38.41,TTGGCCTCGAACC
HEV-314seqs_alignment_3392_R_GC_0.85_avg_34.5579_std_6.71774_Tm_47.87,CGGAGCGGCGGCA
HEV-314seqs_alignment_3370_R_GC_0.77_avg_34.5579_std_6.71774_Tm_44.72,GCAGAACGGCGGC
HEV-314seqs_alignment_3349_R_GC_0.62_avg_34.5579_std_6.71774_Tm_38.41,CGACATCAGGCAC
HEV-314seqs_alignment_3328_R_GC_0.54_avg_34.5579_std_6.71774_Tm_35.25,TATACTGGCGACG
HEV-314seqs_alignment_3307_R_GC_0.46_avg_34.5579_std_6.71774_Tm_32.10,TTAGCTTCGAACC
HEV-314seqs_alignment_3286_R_GC_0.38_avg_34.5579_std_6.71774_Tm_28.95,GCCATATTCCAAA
HEV-314seqs_alignment_3265_R_GC_0.77_avg_34.5579_std_6.71774_Tm_44.72,GACGGGGTAGGCC
HEV-314seqs_alignment_3244_R_GC_0.54_avg_34.5579_std_6.71774_Tm_35.25,GTGTCACCCTCAT
HEV-314seqs_alignment_3204_R_GC_0.38_avg_34.5579_std_6.71774_Tm_28.95,CCCAAAACAAAGA
HEV-314seqs_alignment_3184_R_GC_0.38_avg_34.5579_std_6.71774_Tm_28.95,CATTCTCAAAGAC
HEV-314seqs_alignment_3164_R_GC_0.46_avg_34.5579_std_6.71774_Tm_32.10,TCAAGCACAGCTA
HEV-314seqs_alignment_3144_R_GC_0.69_avg_34.5579_std_6.71774_Tm_41.56,GAAGGGGTGGGAC
HEV-314seqs_alignment_3125_R_GC_0.69_avg_34.5579_std_6.71774_Tm_41.56,GCACAAGCACGGC
HEV-314seqs_alignment_3106_R_GC_0.62_avg_34.5579_std_6.71774_Tm_38.41,CCCTATAGTCGGG
HEV-314seqs_alignment_3087_R_GC_0.77_avg_34.5579_std_6.71774_Tm_44.72,CAGGGAGCGCGGA
HEV-314seqs_alignment_3068_R_GC_0.62_avg_34.5579_std_6.71774_Tm_38.41,CCAGGGCCGAATA
HEV-314seqs_alignment_3032_R_GC_0.31_avg_34.5579_std_6.71774_Tm_25.79,TTTTCAAACACCA
HEV-314seqs_alignment_3014_R_GC_0.62_avg_34.5579_std_6.71774_Tm_38.41,TCCCCCTCGTATG
HEV-314seqs_alignment_2996_R_GC_0.62_avg_34.5579_std_6.71774_Tm_38.41,GTCTGAGGCCAGA
HEV-314seqs_alignment_2960_R_GC_0.62_avg_34.5579_std_6.71774_Tm_38.41,CCCCAGTATAGGG
HEV-314seqs_alignment_2942_R_GC_0.54_avg_34.5579_std_6.71774_Tm_35.25,CACTGTCCGATGT
HEV-314seqs_alignment_2924_R_GC_0.69_avg_34.5579_std_6.71774_Tm_41.56,CGGCAGTTGGCAG
HEV-314seqs_alignment_2906_R_GC_0.85_avg_34.5579_std_6.71774_Tm_47.87,CGCGACGGGGCTG
HEV-314seqs_alignment_2888_R_GC_0.62_avg_34.5579_std_6.71774_Tm_38.41,GGTGGCAGATGGT
HEV-314seqs_alignment_2870_R_GC_0.38_avg_34.5579_std_6.71774_Tm_28.95,AATACTGCTGGAT
HEV-314seqs_alignment_2852_R_GC_0.46_avg_34.5579_std_6.71774_Tm_32.10,AATGGATTAGCCG
HEV-314seqs_alignment_2834_R_GC_0.69_avg_34.5579_std_6.71774_Tm_41.56,CCCGCAGGTGTCA
HEV-314seqs_alignment_2817_R_GC_0.46_avg_34.5579_std_6.71774_Tm_32.10,GGATATTAAGCGC
HEV-314seqs_alignment_2800_R_GC_0.46_avg_34.5579_std_6.71774_Tm_32.10,TATGTTCAACCCG
HEV-314seqs_alignment_2783_R_GC_0.23_avg_34.5579_std_6.71774_Tm_22.64,AGTTGTTAACAAT
HEV-314seqs_alignment_2749_R_GC_0.69_avg_34.5579_std_6.71774_Tm_41.56,GCAAGGGCCGAGT
HEV-314seqs_alignment_2733_R_GC_0.77_avg_34.5579_std_6.71774_Tm_44.72,GCGGTTGGAGGGC
HEV-314seqs_alignment_2717_R_GC_0.62_avg_34.5579_std_6.71774_Tm_38.41,CGCGAGACATCAC
HEV-314seqs_alignment_2701_R_GC_0.69_avg_34.5579_std_6.71774_Tm_41.56,AGGGGGCAGGTGA
HEV-314seqs_alignment_2685_R_GC_0.38_avg_34.5579_std_6.71774_Tm_28.95,CAGCAAGATTGAA
HEV-314seqs_alignment_2669_R_GC_0.54_avg_34.5579_std_6.71774_Tm_35.25,ACACCAACTGCAG
HEV-314seqs_alignment_2653_R_GC_0.46_avg_34.5579_std_6.71774_Tm_32.10,CCCAGTTCTTTTC
HEV-314seqs_alignment_2638_R_GC_0.46_avg_34.5579_std_6.71774_Tm_32.10,TGAGAATGCAACG
HEV-314seqs_alignment_2623_R_GC_0.77_avg_34.5579_std_6.71774_Tm_44.72,CACGGAGGGCCGA
HEV-314seqs_alignment_2608_R_GC_0.85_avg_34.5579_std_6.71774_Tm_47.87,CCGGCGCAGGCAC
HEV-314seqs_alignment_2593_R_GC_0.62_avg_34.5579_std_6.71774_Tm_38.41,TCAAGGAGCCCCA
HEV-314seqs_alignment_2578_R_GC_0.46_avg_34.5579_std_6.71774_Tm_32.10,AGTGCCCTATAGA
HEV-314seqs_alignment_2564_R_GC_0.62_avg_34.5579_std_6.71774_Tm_38.41,CCGCAAAACGGGT
HEV-314seqs_alignment_2550_R_GC_0.31_avg_34.5579_std_6.71774_Tm_25.79,CATTCTCAAATAC
HEV-314seqs_alignment_2536_R_GC_0.62_avg_34.5579_std_6.71774_Tm_38.41,CAACAGCACCCAC
HEV-314seqs_alignment_2522_R_GC_0.46_avg_34.5579_std_6.71774_Tm_32.10,CCAGGACCAAATA
HEV-314seqs_alignment_2508_R_GC_0.38_avg_34.5579_std_6.71774_Tm_28.95,CAGTGGACTATAT
HEV-314seqs_alignment_2494_R_GC_0.46_avg_34.5579_std_6.71774_Tm_32.10,CAGAAAGGATTGG
HEV-314seqs_alignment_2480_R_GC_0.54_avg_34.5579_std_6.71774_Tm_35.25,GGCGCAATATAGC
HEV-314seqs_alignment_2467_R_GC_0.54_avg_34.5579_std_6.71774_Tm_35.25,GAGGCCAAAAGGA
HEV-314seqs_alignment_2454_R_GC_0.85_avg_34.5579_std_6.71774_Tm_47.87,GAGGGCGAGCCGC
HEV-314seqs_alignment_2441_R_GC_0.54_avg_34.5579_std_6.71774_Tm_35.25,GACACATCACGGT
HEV-314seqs_alignment_2428_R_GC_0.62_avg_34.5579_std_6.71774_Tm_38.41,CCTCGGTAGCAGA
HEV-314seqs_alignment_2415_R_GC_0.85_avg_34.5579_std_6.71774_Tm_47.87,GCTCCGGCAGCGG
HEV-314seqs_alignment_2402_R_GC_0.38_avg_34.5579_std_6.71774_Tm_28.95,CGTTCTCAAAAAC
HEV-314seqs_alignment_2389_R_GC_0.69_avg_34.5579_std_6.71774_Tm_41.56,CAGGTGGAAGCCC
HEV-314seqs_alignment_2376_R_GC_0.23_avg_34.5579_std_6.71774_Tm_22.64,GATGAAATCTTAA
HEV-314seqs_alignment_2364_R_GC_0.54_avg_34.5579_std_6.71774_Tm_35.25,CCTCAAACCAAGC
HEV-314seqs_alignment_2352_R_GC_0.46_avg_34.5579_std_6.71774_Tm_32.10,TGAGCACACTATC
HEV-314seqs_alignment_2340_R_GC_0.31_avg_34.5579_std_6.71774_Tm_25.79,TCATTTTAAGACG
HEV-314seqs_alignment_2328_R_GC_0.62_avg_34.5579_std_6.71774_Tm_38.41,AGGCCTGCAGATG
HEV-314seqs_alignment_2316_R_GC_0.69_avg_34.5579_std_6.71774_Tm_41.56,ACACGGCAGCCAG
HEV-314seqs_alignment_2304_R_GC_0.31_avg_34.5579_std_6.71774_Tm_25.79,CAATGGACTATAT
HEV-314seqs_alignment_2292_R_GC_0.54_avg_34.5579_std_6.71774_Tm_35.25,CGCAAAAGGGGTT
HEV-314seqs_alignment_2280_R_GC_0.62_avg_34.5579_std_6.71774_Tm_38.41,CACGATCGCCATC
HEV-314seqs_alignment_2268_R_GC_0.69_avg_34.5579_std_6.71774_Tm_41.56,GAGCGCGAAACGC
HEV-314seqs_alignment_2256_R_GC_0.23_avg_34.5579_std_6.71774_Tm_22.64,AGTTATTGACAAT
HEV-314seqs_alignment_2244_R_GC_0.54_avg_34.5579_std_6.71774_Tm_35.25,ACACCAACAGCAG
HEV-314seqs_alignment_2232_R_GC_0.54_avg_34.5579_std_6.71774_Tm_35.25,ACAAGCTTCTGGC
HEV-314seqs_alignment_2220_R_GC_0.46_avg_34.5579_std_6.71774_Tm_32.10,GCATGAATGATCG
HEV-314seqs_alignment_2208_R_GC_0.54_avg_34.5579_std_6.71774_Tm_35.25,AAACAGCAACCGC
HEV-314seqs_alignment_2196_R_GC_0.38_avg_34.5579_std_6.71774_Tm_28.95,AGTGTTATTCCCT
HEV-314seqs_alignment_2184_R_GC_0.54_avg_34.5579_std_6.71774_Tm_35.25,TCACACCACCAAG
HEV-314seqs_alignment_2173_R_GC_0.62_avg_34.5579_std_6.71774_Tm_38.41,CATCTGGGACAGG
HEV-314seqs_alignment_2162_R_GC_0.31_avg_34.5579_std_6.71774_Tm_25.79,ATAACTAGACATC
HEV-314seqs_alignment_2151_R_GC_0.54_avg_34.5579_std_6.71774_Tm_35.25,TCCAATTGGGCCT
HEV-314seqs_alignment_2140_R_GC_0.54_avg_34.5579_std_6.71774_Tm_35.25,CGGAGGACAGAAA
HEV-314seqs_alignment_2129_R_GC_0.54_avg_34.5579_std_6.71774_Tm_35.25,TGCTTGGTAGAGG
HEV-314seqs_alignment_2118_R_GC_0.54_avg_34.5579_std_6.71774_Tm_35.25,CAGAGGTCAAGCT
HEV-314seqs_alignment_2107_R_GC_0.77_avg_34.5579_std_6.71774_Tm_44.72,GGCGAAGGCGTCG
HEV-314seqs_alignment_2096_R_GC_0.46_avg_34.5579_std_6.71774_Tm_32.10,TATAGTCAGGAGC
HEV-314seqs_alignment_2085_R_GC_0.46_avg_34.5579_std_6.71774_Tm_32.10,CTCGAATACCATG
HEV-314seqs_alignment_2074_R_GC_0.85_avg_34.5579_std_6.71774_Tm_47.87,GCAGGTGGGGCGG
HEV-314seqs_alignment_2063_R_GC_0.77_avg_34.5579_std_6.71774_Tm_44.72,GGTCGACAGGGGG
HEV-314seqs_alignment_2052_R_GC_0.46_avg_34.5579_std_6.71774_Tm_32.10,TGGTGACAAATGG
HEV-314seqs_alignment_2041_R_GC_0.46_avg_34.5579_std_6.71774_Tm_32.10,GACATACTCATGG
HEV-314seqs_alignment_2030_R_GC_0.23_avg_34.5579_std_6.71774_Tm_22.64,AATTGTTGACAAT
HEV-314seqs_alignment_2020_R_GC_0.54_avg_34.5579_std_6.71774_Tm_35.25,CCACAGAAAGGGT
HEV-314seqs_alignment_2010_R_GC_0.46_avg_34.5579_std_6.71774_Tm_32.10,GATGGTATGCCAA
HEV-314seqs_alignment_2000_R_GC_0.23_avg_34.5579_std_6.71774_Tm_22.64,AGGATTTCATAAA
HEV-314seqs_alignment_1990_R_GC_0.69_avg_34.5579_std_6.71774_Tm_41.56,CCCCGGTATAGGG
HEV-314seqs_alignment_1980_R_GC_0.46_avg_34.5579_std_6.71774_Tm_32.10,CACAAAAGGGGTT
HEV-314seqs_alignment_1970_R_GC_0.62_avg_34.5579_std_6.71774_Tm_38.41,AGGCCACCAAGCA
HEV-314seqs_alignment_1960_R_GC_0.46_avg_34.5579_std_6.71774_Tm_32.10,GCTGATGGAAACA
HEV-314seqs_alignment_1950_R_GC_0.31_avg_34.5579_std_6.71774_Tm_25.79,GTGTTAGTATAAG
HEV-314seqs_alignment_1940_R_GC_0.46_avg_34.5579_std_6.71774_Tm_32.10,GCTCGTTCCAAAA
HEV-314seqs_alignment_1930_R_GC_0.54_avg_34.5579_std_6.71774_Tm_35.25,TCGAGCTCAAGCA
HEV-314seqs_alignment_1920_R_GC_0.85_avg_34.5579_std_6.71774_Tm_47.87,GCGGAGCGGCGAC
HEV-314seqs_alignment_1910_R_GC_0.54_avg_34.5579_std_6.71774_Tm_35.25,GCTGATGGCAGAT
HEV-314seqs_alignment_1900_R_GC_0.77_avg_34.5579_std_6.71774_Tm_44.72,GAAGGGGTGGGCC
HEV-314seqs_alignment_1890_R_GC_0.54_avg_34.5579_std_6.71774_Tm_35.25,TAGAGTGCTGCTG
HEV-314seqs_alignment_1881_R_GC_0.54_avg_34.5579_std_6.71774_Tm_35.25,ACTGAATCTCGGC
HEV-314seqs_alignment_1872_R_GC_0.54_avg_34.5579_std_6.71774_Tm_35.25,GATCAAGCAACCC
HEV-314seqs_alignment_1863_R_GC_0.54_avg_34.5579_std_6.71774_Tm_35.25,GCCAGAAGGAGAT
HEV-314seqs_alignment_1854_R_GC_0.54_avg_34.5579_std_6.71774_Tm_35.25,GGTGGTCCAATTG
HEV-314seqs_alignment_1845_R_GC_0.69_avg_34.5579_std_6.71774_Tm_41.56,CCCTTCAGCCTCC
HEV-314seqs_alignment_1836_R_GC_0.62_avg_34.5579_std_6.71774_Tm_38.41,CACGCCAAAACCC
HEV-314seqs_alignment_1827_R_GC_0.46_avg_34.5579_std_6.71774_Tm_32.10,GAGAGTCGTAATC
HEV-314seqs_alignment_1818_R_GC_0.23_avg_34.5579_std_6.71774_Tm_22.64,TCATCAAATACAA
HEV-314seqs_alignment_1809_R_GC_0.54_avg_34.5579_std_6.71774_Tm_35.25,TGCATAGGCTGCA
HEV-314seqs_alignment_1800_R_GC_0.62_avg_34.5579_std_6.71774_Tm_38.41,CCTCAGTAGCGGA
HEV-314seqs_alignment_1791_R_GC_0.38_avg_34.5579_std_6.71774_Tm_28.95,CATCGAAAACAAG
HEV-314seqs_alignment_1782_R_GC_0.46_avg_34.5579_std_6.71774_Tm_32.10,CAAAGGTCAAGCT
HEV-314seqs_alignment_1773_R_GC_0.46_avg_34.5579_std_6.71774_Tm_32.10,TTTGGGGCCAAAA
HEV-314seqs_alignment_1764_R_GC_0.46_avg_34.5579_std_6.71774_Tm_32.10,TGGCTTCAAACCA
HEV-314seqs_alignment_1755_R_GC_0.77_avg_34.5579_std_6.71774_Tm_44.72,GGTACGCCTGCCG
HEV-314seqs_alignment_1746_R_GC_0.31_avg_34.5579_std_6.71774_Tm_25.79,GTGAACACTAATT
HEV-314seqs_alignment_1737_R_GC_0.54_avg_34.5579_std_6.71774_Tm_35.25,AGAATGCAACGGC
HEV-314seqs_alignment_1729_R_GC_0.77_avg_34.5579_std_6.71774_Tm_44.72,CCTCCCCACCAGC
HEV-314seqs_alignment_1721_R_GC_0.31_avg_34.5579_std_6.71774_Tm_25.79,AATACTGCTGAAT
HEV-314seqs_alignment_1713_R_GC_0.62_avg_34.5579_std_6.71774_Tm_38.41,CGATAGCCGGTTC
HEV-314seqs_alignment_1705_R_GC_0.62_avg_34.5579_std_6.71774_Tm_38.41,GGGACACATCACG
HEV-314seqs_alignment_1697_R_GC_0.62_avg_34.5579_std_6.71774_Tm_38.41,CAGGAGTGAGCTC
HEV-314seqs_alignment_1689_R_GC_0.38_avg_34.5579_std_6.71774_Tm_28.95,AAGGGGTATTAGT
HEV-314seqs_alignment_1681_R_GC_0.46_avg_34.5579_std_6.71774_Tm_32.10,CCACAAAAAGGGT
HEV-314seqs_alignment_1673_R_GC_0.54_avg_34.5579_std_6.71774_Tm_35.25,GCAGTGATCACAG
HEV-314seqs_alignment_1665_R_GC_0.54_avg_34.5579_std_6.71774_Tm_35.25,ACCATACTGGAGC
HEV-314seqs_alignment_1657_R_GC_0.62_avg_34.5579_std_6.71774_Tm_38.41,GGCTCAGTCAGGT
HEV-314seqs_alignment_1649_R_GC_0.54_avg_34.5579_std_6.71774_Tm_35.25,TGCGGAACGTTGA
HEV-314seqs_alignment_1641_R_GC_0.77_avg_34.5579_std_6.71774_Tm_44.72,GCCGGCACAAGCG
HEV-314seqs_alignment_1634_R_GC_0.54_avg_34.5579_std_6.71774_Tm_35.25,CCATGTTCCACAC
HEV-314seqs_alignment_1627_R_GC_0.69_avg_34.5579_std_6.71774_Tm_41.56,CATCGCGGCTGCA
HEV-314seqs_alignment_1620_R_GC_0.62_avg_34.5579_std_6.71774_Tm_38.41,TAGTACAGCCGGC
HEV-314seqs_alignment_1613_R_GC_0.46_avg_34.5579_std_6.71774_Tm_32.10,ACACATCACGACT
HEV-314seqs_alignment_1606_R_GC_0.54_avg_34.5579_std_6.71774_Tm_35.25,CCGACTGCAGAAA
HEV-314seqs_alignment_1599_R_GC_0.23_avg_34.5579_std_6.71774_Tm_22.64,AGTTATTGACTAT
HEV-314seqs_alignment_1592_R_GC_0.38_avg_34.5579_std_6.71774_Tm_28.95,CCCCAATTCTTTT
HEV-314seqs_alignment_1585_R_GC_0.85_avg_34.5579_std_6.71774_Tm_47.87,GGGACCCGCCTGC
HEV-314seqs_alignment_1578_R_GC_0.54_avg_34.5579_std_6.71774_Tm_35.25,CCAAAGATGGACC
HEV-314seqs_alignment_1564_R_GC_0.46_avg_34.5579_std_6.71774_Tm_32.10,CTCGTCAAAGACA
HEV-314seqs_alignment_1557_R_GC_0.46_avg_34.5579_std_6.71774_Tm_32.10,GAAGAACCGAGAA
HEV-314seqs_alignment_1550_R_GC_0.62_avg_34.5579_std_6.71774_Tm_38.41,TCAGTGGCGGAGT
HEV-314seqs_alignment_1543_R_GC_0.54_avg_34.5579_std_6.71774_Tm_35.25,TTAGCAGACTCCC
HEV-314seqs_alignment_1536_R_GC_0.77_avg_34.5579_std_6.71774_Tm_44.72,CACACGCACGGCC
HEV-314seqs_alignment_1529_R_GC_0.62_avg_34.5579_std_6.71774_Tm_38.41,GAGCCTCAAGCTG
HEV-314seqs_alignment_1522_R_GC_0.38_avg_34.5579_std_6.71774_Tm_28.95,AACACTAGCTTCT
HEV-314seqs_alignment_1515_R_GC_0.46_avg_34.5579_std_6.71774_Tm_32.10,GCAAGAACACCAA
HEV-314seqs_alignment_1508_R_GC_0.62_avg_34.5579_std_6.71774_Tm_38.41,GTATCGCCCTCGT
HEV-314seqs_alignment_1501_R_GC_0.31_avg_34.5579_std_6.71774_Tm_25.79,TTCCTATCTGTAA
HEV-314seqs_alignment_1494_R_GC_0.54_avg_34.5579_std_6.71774_Tm_35.25,CTATAATCGGGGG
HEV-314seqs_alignment_1487_R_GC_0.38_avg_34.5579_std_6.71774_Tm_28.95,TGATGACAAATGG
HEV-314seqs_alignment_1473_R_GC_0.62_avg_34.5579_std_6.71774_Tm_38.41,CCGTCGTGGATCA
HEV-314seqs_alignment_1466_R_GC_0.38_avg_34.5579_std_6.71774_Tm_28.95,AGAATACTGTTGG
HEV-314seqs_alignment_1460_R_GC_0.54_avg_34.5579_std_6.71774_Tm_35.25,TCTTCCCCTCCAA
HEV-314seqs_alignment_1454_R_GC_0.46_avg_34.5579_std_6.71774_Tm_32.10,GAGGTTGGGAATA
HEV-314seqs_alignment_1448_R_GC_0.38_avg_34.5579_std_6.71774_Tm_28.95,TGGCATATTGTCA
HEV-314seqs_alignment_1442_R_GC_0.31_avg_34.5579_std_6.71774_Tm_25.79,TTCCAAAATAGAG
HEV-314seqs_alignment_1436_R_GC_0.69_avg_34.5579_std_6.71774_Tm_41.56,GGGCCGATAGCTC
HEV-314seqs_alignment_1430_R_GC_0.46_avg_34.5579_std_6.71774_Tm_32.10,CTCGAAAACCTTG
HEV-314seqs_alignment_1424_R_GC_0.62_avg_34.5579_std_6.71774_Tm_38.41,TCCCGGGTCTTAC
HEV-314seqs_alignment_1412_R_GC_0.54_avg_34.5579_std_6.71774_Tm_35.25,AGAAGGGGTTAGC
HEV-314seqs_alignment_1406_R_GC_0.62_avg_34.5579_std_6.71774_Tm_38.41,CCCCAGAACAGAG
HEV-314seqs_alignment_1400_R_GC_0.54_avg_34.5579_std_6.71774_Tm_35.25,TAGACACTGTCGG
HEV-314seqs_alignment_1394_R_GC_0.54_avg_34.5579_std_6.71774_Tm_35.25,GAATCCAACGCTG
HEV-314seqs_alignment_1388_R_GC_0.62_avg_34.5579_std_6.71774_Tm_38.41,CACGCTGCATGTG
HEV-314seqs_alignment_1376_R_GC_0.69_avg_34.5579_std_6.71774_Tm_41.56,CAATCTGGCCGCC
HEV-314seqs_alignment_1370_R_GC_0.77_avg_34.5579_std_6.71774_Tm_44.72,GCTGGCGCCCATG
HEV-314seqs_alignment_1364_R_GC_0.46_avg_34.5579_std_6.71774_Tm_32.10,GCCAGAATGACAT
HEV-314seqs_alignment_1358_R_GC_0.77_avg_34.5579_std_6.71774_Tm_44.72,CCTGCAAGCCGGC
HEV-314seqs_alignment_1352_R_GC_0.54_avg_34.5579_std_6.71774_Tm_35.25,GCCCGTTGCATAT
HEV-314seqs_alignment_1346_R_GC_0.38_avg_34.5579_std_6.71774_Tm_28.95,CAAAGAAGGTCTT
HEV-314seqs_alignment_1340_R_GC_0.38_avg_34.5579_std_6.71774_Tm_28.95,AGTGCACTATATC
HEV-314seqs_alignment_1334_R_GC_0.54_avg_34.5579_std_6.71774_Tm_35.25,AAAAGGGGCGAGA
HEV-314seqs_alignment_1328_R_GC_0.54_avg_34.5579_std_6.71774_Tm_35.25,AGATGGAGATGGC
HEV-314seqs_alignment_1322_R_GC_0.54_avg_34.5579_std_6.71774_Tm_35.25,GAAAAAGGGCGAG
HEV-314seqs_alignment_1316_R_GC_0.38_avg_34.5579_std_6.71774_Tm_28.95,ACACTATCAGACA
HEV-314seqs_alignment_1304_R_GC_0.54_avg_34.5579_std_6.71774_Tm_35.25,GCTGGATGGTAGT
HEV-314seqs_alignment_1298_R_GC_0.69_avg_34.5579_std_6.71774_Tm_41.56,TTGGGGCCGACAG
HEV-314seqs_alignment_1292_R_GC_0.69_avg_34.5579_std_6.71774_Tm_41.56,CATCGGGGACAGG
HEV-314seqs_alignment_1286_R_GC_0.46_avg_34.5579_std_6.71774_Tm_32.10,TGCGGGATGTTAA
HEV-314seqs_alignment_1280_R_GC_0.54_avg_34.5579_std_6.71774_Tm_35.25,GTGTTGGTGTAGG
HEV-314seqs_alignment_1274_R_GC_0.62_avg_34.5579_std_6.71774_Tm_38.41,AGCAGATGGGGTG
HEV-314seqs_alignment_1269_R_GC_0.77_avg_34.5579_std_6.71774_Tm_44.72,CGCCGGGGCCAAA
HEV-314seqs_alignment_1264_R_GC_0.69_avg_34.5579_std_6.71774_Tm_41.56,GACCGCCGGCAAT
HEV-314seqs_alignment_1259_R_GC_0.31_avg_34.5579_std_6.71774_Tm_25.79,AGAATGTTATTCC
HEV-314seqs_alignment_1254_R_GC_0.62_avg_34.5579_std_6.71774_Tm_38.41,ACCTCATCACGCC
HEV-314seqs_alignment_1249_R_GC_0.69_avg_34.5579_std_6.71774_Tm_41.56,CGCCAACCGCAGA
HEV-314seqs_alignment_1244_R_GC_0.54_avg_34.5579_std_6.71774_Tm_35.25,ATCTGGTACCGTG
HEV-314seqs_alignment_1239_R_GC_0.31_avg_34.5579_std_6.71774_Tm_25.79,TGTAACTAAGACT
HEV-314seqs_alignment_1234_R_GC_0.31_avg_34.5579_std_6.71774_Tm_25.79,CAAAATCAACCAT
HEV-314seqs_alignment_1229_R_GC_0.38_avg_34.5579_std_6.71774_Tm_28.95,TCTCAAACACCAT
HEV-314seqs_alignment_1224_R_GC_0.62_avg_34.5579_std_6.71774_Tm_38.41,GCAGTGCACAGAC
HEV-314seqs_alignment_1219_R_GC_0.46_avg_34.5579_std_6.71774_Tm_32.10,CGTCAAAAACGAG
HEV-314seqs_alignment_1214_R_GC_0.23_avg_34.5579_std_6.71774_Tm_22.64,CATTTTCAAAAAC
HEV-314seqs_alignment_1209_R_GC_0.69_avg_34.5579_std_6.71774_Tm_41.56,GGGGCCACAGCAT
HEV-314seqs_alignment_1204_R_GC_0.77_avg_34.5579_std_6.71774_Tm_44.72,CGCGAGACGTCGC
HEV-314seqs_alignment_1199_R_GC_0.62_avg_34.5579_std_6.71774_Tm_38.41,AACCGGCACAAGC
HEV-314seqs_alignment_1194_R_GC_0.46_avg_34.5579_std_6.71774_Tm_32.10,CCCAATTCTTCTC
HEV-314seqs_alignment_1189_R_GC_0.46_avg_34.5579_std_6.71774_Tm_32.10,CATAGGGGCAATT
HEV-314seqs_alignment_1184_R_GC_0.31_avg_34.5579_std_6.71774_Tm_25.79,TCATCAAACACAA
HEV-314seqs_alignment_1179_R_GC_0.54_avg_34.5579_std_6.71774_Tm_35.25,AATCACTGCACGG
HEV-314seqs_alignment_1174_R_GC_0.38_avg_34.5579_std_6.71774_Tm_28.95,ACAAGCTGCATTT
HEV-314seqs_alignment_1169_R_GC_0.46_avg_34.5579_std_6.71774_Tm_32.10,CCCAAAACAGAGA
HEV-314seqs_alignment_1164_R_GC_0.77_avg_34.5579_std_6.71774_Tm_44.72,CGAGGGCACCGGT
HEV-314seqs_alignment_1159_R_GC_0.62_avg_34.5579_std_6.71774_Tm_38.41,GCTCGCTGCATGT
HEV-314seqs_alignment_1154_R_GC_0.38_avg_34.5579_std_6.71774_Tm_28.95,CATGAGCAACAAT
HEV-314seqs_alignment_1149_R_GC_0.23_avg_34.5579_std_6.71774_Tm_22.64,TGTTATTTGTTCA
HEV-314seqs_alignment_1144_R_GC_0.38_avg_34.5579_std_6.71774_Tm_28.95,TGAACTATATCCG
HEV-314seqs_alignment_1139_R_GC_0.54_avg_34.5579_std_6.71774_Tm_35.25,ACAAGGCCGGAAT
HEV-314seqs_alignment_1134_R_GC_0.38_avg_34.5579_std_6.71774_Tm_28.95,CCATCATGAATCA
HEV-314seqs_alignment_1129_R_GC_0.62_avg_34.5579_std_6.71774_Tm_38.41,AGTCAGGGGCAAC
HEV-314seqs_alignment_1124_R_GC_0.54_avg_34.5579_std_6.71774_Tm_35.25,ACCCACAGCAGAA
HEV-314seqs_alignment_1119_R_GC_0.23_avg_34.5579_std_6.71774_Tm_22.64,TATAACTAAGACT
HEV-314seqs_alignment_1114_R_GC_0.54_avg_34.5579_std_6.71774_Tm_35.25,CTCTGGTGGCAAA
HEV-314seqs_alignment_1109_R_GC_0.62_avg_34.5579_std_6.71774_Tm_38.41,CTGACGGGAAGAG
HEV-314seqs_alignment_1104_R_GC_0.23_avg_34.5579_std_6.71774_Tm_22.64,TAAAAATTGTGCA
HEV-314seqs_alignment_1099_R_GC_0.54_avg_34.5579_std_6.71774_Tm_35.25,ACATCAGGGACAG
HEV-314seqs_alignment_1094_R_GC_0.38_avg_34.5579_std_6.71774_Tm_28.95,GGCATAACTAAGA
HEV-314seqs_alignment_1089_R_GC_0.77_avg_34.5579_std_6.71774_Tm_44.72,CCGACCTCGGTGG
HEV-314seqs_alignment_1084_R_GC_0.62_avg_34.5579_std_6.71774_Tm_38.41,TTGGTCCGTTGGG
HEV-314seqs_alignment_1079_R_GC_0.77_avg_34.5579_std_6.71774_Tm_44.72,AGCGGCTGGAGGG
HEV-314seqs_alignment_1074_R_GC_0.54_avg_34.5579_std_6.71774_Tm_35.25,GCACGAAGAACTG
HEV-314seqs_alignment_1069_R_GC_0.46_avg_34.5579_std_6.71774_Tm_32.10,CCGTCATGAATCA
HEV-314seqs_alignment_1064_R_GC_0.38_avg_34.5579_std_6.71774_Tm_28.95,ACAAACTTGCCAA
HEV-314seqs_alignment_1060_R_GC_0.38_avg_34.5579_std_6.71774_Tm_28.95,ACGGCATGTATTA
