lassa-Lsegment-214seqs_alignment_nospace_1004_R_GC_0.54_avg_30.9832_std_5.495_Tm_35.25,AACAGGCGATGAG
lassa-Lsegment-214seqs_alignment_nospace_1006_F_GC_0.46_avg_28.8913_std_4.93959_Tm_32.10,TGGCACATGTAAG
lassa-Lsegment-214seqs_alignment_nospace_1016_R_GC_0.69_avg_30.9832_std_5.495_Tm_41.56,CCTCCAGGGTCTG
lassa-Lsegment-214seqs_alignment_nospace_1021_F_GC_0.38_avg_28.8913_std_4.93959_Tm_28.95,GATCTTGATCTTG
lassa-Lsegment-214seqs_alignment_nospace_1028_R_GC_0.31_avg_30.9832_std_5.495_Tm_25.79,TTGAAGAAGAGTA
lassa-Lsegment-214seqs_alignment_nospace_1036_F_GC_0.23_avg_28.8913_std_4.93959_Tm_22.64,TTTTTGTTGATTC
lassa-Lsegment-214seqs_alignment_nospace_1040_R_GC_0.38_avg_30.9832_std_5.495_Tm_28.95,ACAAAGGAAACAC
lassa-Lsegment-214seqs_alignment_nospace_1052_F_GC_0.54_avg_28.8913_std_4.93959_Tm_35.25,TGGACTTCAGTGG
lassa-Lsegment-214seqs_alignment_nospace_1052_R_GC_0.31_avg_30.9832_std_5.495_Tm_25.79,ATAAGGAACAAGT
lassa-Lsegment-214seqs_alignment_nospace_1064_R_GC_0.46_avg_30.9832_std_5.495_Tm_32.10,GTTGTCCCTACAA
lassa-Lsegment-214seqs_alignment_nospace_1068_F_GC_0.31_avg_28.8913_std_4.93959_Tm_25.79,AATCAACCTCAAT
lassa-Lsegment-214seqs_alignment_nospace_1076_R_GC_0.38_avg_30.9832_std_5.495_Tm_28.95,AGAATTCTCCATG
lassa-Lsegment-214seqs_alignment_nospace_1085_F_GC_0.31_avg_28.8913_std_4.93959_Tm_25.79,TCACTCATGTAAT
lassa-Lsegment-214seqs_alignment_nospace_1088_R_GC_0.54_avg_30.9832_std_5.495_Tm_35.25,AGTTTGTGAGCCC
lassa-Lsegment-214seqs_alignment_nospace_1101_R_GC_0.38_avg_30.9832_std_5.495_Tm_28.95,TGGTGGAAGAAAA
lassa-Lsegment-214seqs_alignment_nospace_1102_F_GC_0.62_avg_28.8913_std_4.93959_Tm_38.41,TCAGGTCCCACTG
lassa-Lsegment-214seqs_alignment_nospace_1114_R_GC_0.46_avg_30.9832_std_5.495_Tm_32.10,CAACAGGCAATGA
lassa-Lsegment-214seqs_alignment_nospace_1119_F_GC_0.38_avg_28.8913_std_4.93959_Tm_28.95,TTAGTGAAGAGAG
lassa-Lsegment-214seqs_alignment_nospace_1127_R_GC_0.38_avg_30.9832_std_5.495_Tm_28.95,TCCAAAACCTTAG
lassa-Lsegment-214seqs_alignment_nospace_1137_F_GC_0.38_avg_28.8913_std_4.93959_Tm_28.95,TGGTTCGAAAACA
lassa-Lsegment-214seqs_alignment_nospace_1140_R_GC_0.46_avg_30.9832_std_5.495_Tm_32.10,GCACTTTCACTTG
lassa-Lsegment-214seqs_alignment_nospace_1153_R_GC_0.54_avg_30.9832_std_5.495_Tm_35.25,GTCTGATGCTGTC
lassa-Lsegment-214seqs_alignment_nospace_1155_F_GC_0.23_avg_28.8913_std_4.93959_Tm_22.64,TATCATTAACACT
lassa-Lsegment-214seqs_alignment_nospace_1166_R_GC_0.38_avg_30.9832_std_5.495_Tm_28.95,TTGATATGGGACA
lassa-Lsegment-214seqs_alignment_nospace_1173_F_GC_0.38_avg_28.8913_std_4.93959_Tm_28.95,TTACTGTGATCCA
lassa-Lsegment-214seqs_alignment_nospace_1179_R_GC_0.38_avg_30.9832_std_5.495_Tm_28.95,GAGATTGGTGATA
lassa-Lsegment-214seqs_alignment_nospace_1192_F_GC_0.38_avg_28.8913_std_4.93959_Tm_28.95,ATTTGCCTTTACG
lassa-Lsegment-214seqs_alignment_nospace_1192_R_GC_0.62_avg_30.9832_std_5.495_Tm_38.41,CGGTGGATGGACA
lassa-Lsegment-214seqs_alignment_nospace_1206_R_GC_0.23_avg_30.9832_std_5.495_Tm_22.64,TTAAAGAAAAGGA
lassa-Lsegment-214seqs_alignment_nospace_1212_F_GC_0.31_avg_28.8913_std_4.93959_Tm_25.79,AATGCAGATTTGT
lassa-Lsegment-214seqs_alignment_nospace_1220_R_GC_0.54_avg_30.9832_std_5.495_Tm_35.25,TTGGAGCATGGGT
lassa-Lsegment-214seqs_alignment_nospace_1233_F_GC_0.31_avg_28.8913_std_4.93959_Tm_25.79,AAACTAGACACAA
lassa-Lsegment-214seqs_alignment_nospace_1234_R_GC_0.46_avg_30.9832_std_5.495_Tm_32.10,AGACTGAAGGGAA
lassa-Lsegment-214seqs_alignment_nospace_1248_R_GC_0.54_avg_30.9832_std_5.495_Tm_35.25,ATGGAGGAGGACA
lassa-Lsegment-214seqs_alignment_nospace_1255_F_GC_0.38_avg_28.8913_std_4.93959_Tm_28.95,ACTTAAAGCACTG
lassa-Lsegment-214seqs_alignment_nospace_1263_R_GC_0.46_avg_30.9832_std_5.495_Tm_32.10,TGCAATGTTGGAG
lassa-Lsegment-214seqs_alignment_nospace_1278_F_GC_0.31_avg_28.8913_std_4.93959_Tm_25.79,TCTTGACAATATG
lassa-Lsegment-214seqs_alignment_nospace_1278_R_GC_0.46_avg_30.9832_std_5.495_Tm_32.10,TCACACCCACTAT
lassa-Lsegment-214seqs_alignment_nospace_1293_R_GC_0.54_avg_30.9832_std_5.495_Tm_35.25,GCCTGGTTTGTTG
lassa-Lsegment-214seqs_alignment_nospace_1301_F_GC_0.15_avg_28.8913_std_4.93959_Tm_19.48,AAAACTAAAATCA
lassa-Lsegment-214seqs_alignment_nospace_1308_R_GC_0.31_avg_30.9832_std_5.495_Tm_25.79,ATCTTACTTTCTG
lassa-Lsegment-214seqs_alignment_nospace_1323_R_GC_0.38_avg_30.9832_std_5.495_Tm_28.95,AGAACATTGGGTA
lassa-Lsegment-214seqs_alignment_nospace_1324_F_GC_0.23_avg_28.8913_std_4.93959_Tm_22.64,AATCAATCTCAAT
lassa-Lsegment-214seqs_alignment_nospace_1338_R_GC_0.38_avg_30.9832_std_5.495_Tm_28.95,TCTCACATCAGTT
lassa-Lsegment-214seqs_alignment_nospace_1348_F_GC_0.38_avg_28.8913_std_4.93959_Tm_28.95,AAGTCTTCAGTCA
lassa-Lsegment-214seqs_alignment_nospace_1353_R_GC_0.23_avg_30.9832_std_5.495_Tm_22.64,CATATAAAGAACA
lassa-Lsegment-214seqs_alignment_nospace_1369_R_GC_0.62_avg_30.9832_std_5.495_Tm_38.41,TACGGTGGAGGTG
lassa-Lsegment-214seqs_alignment_nospace_1373_F_GC_0.62_avg_28.8913_std_4.93959_Tm_38.41,CATCATTGGGCCC
lassa-Lsegment-214seqs_alignment_nospace_1385_R_GC_0.38_avg_30.9832_std_5.495_Tm_28.95,TGATCATGAATGC
lassa-Lsegment-214seqs_alignment_nospace_1399_F_GC_0.46_avg_28.8913_std_4.93959_Tm_32.10,TAGTGAATCCCTG
lassa-Lsegment-214seqs_alignment_nospace_1401_R_GC_0.38_avg_30.9832_std_5.495_Tm_28.95,TTAATTGAGGAGG
lassa-Lsegment-214seqs_alignment_nospace_1418_R_GC_0.62_avg_30.9832_std_5.495_Tm_38.41,CTGACCCACAAGC
lassa-Lsegment-214seqs_alignment_nospace_1426_F_GC_0.23_avg_28.8913_std_4.93959_Tm_22.64,TTTGAGCAATAAT
lassa-Lsegment-214seqs_alignment_nospace_1438_R_GC_0.62_avg_30.9832_std_5.495_Tm_38.41,TTGAGCGGAGGCA
lassa-Lsegment-214seqs_alignment_nospace_1453_F_GC_0.38_avg_28.8913_std_4.93959_Tm_28.95,AGATAAGGCTATG
lassa-Lsegment-214seqs_alignment_nospace_1458_R_GC_0.38_avg_30.9832_std_5.495_Tm_28.95,TGATGAATGGGAA
lassa-Lsegment-214seqs_alignment_nospace_1478_R_GC_0.46_avg_30.9832_std_5.495_Tm_32.10,AGTGAACTGTTGC
lassa-Lsegment-214seqs_alignment_nospace_1480_F_GC_0.31_avg_28.8913_std_4.93959_Tm_25.79,AGAAACTTAATCC
lassa-Lsegment-214seqs_alignment_nospace_1499_R_GC_0.31_avg_30.9832_std_5.495_Tm_25.79,ATTGTCTCTCATT
lassa-Lsegment-214seqs_alignment_nospace_1507_F_GC_0.38_avg_28.8913_std_4.93959_Tm_28.95,AGCGTTACATAGT
lassa-Lsegment-214seqs_alignment_nospace_1521_R_GC_0.38_avg_30.9832_std_5.495_Tm_28.95,AGATTTGTTGCAG
lassa-Lsegment-214seqs_alignment_nospace_1534_F_GC_0.38_avg_28.8913_std_4.93959_Tm_28.95,TCTTGTAGTGACA
lassa-Lsegment-214seqs_alignment_nospace_1545_R_GC_0.54_avg_30.9832_std_5.495_Tm_35.25,CCCATTGACCCAT
lassa-Lsegment-214seqs_alignment_nospace_1561_F_GC_0.38_avg_28.8913_std_4.93959_Tm_28.95,AAGAAGACGTCAT
lassa-Lsegment-214seqs_alignment_nospace_1571_R_GC_0.62_avg_30.9832_std_5.495_Tm_38.41,AAGAGGGAGGCTG
lassa-Lsegment-214seqs_alignment_nospace_1588_F_GC_0.46_avg_28.8913_std_4.93959_Tm_32.10,TTCAAGCAGCTCA
lassa-Lsegment-214seqs_alignment_nospace_1598_R_GC_0.38_avg_30.9832_std_5.495_Tm_28.95,GAGATTGTATCAG
lassa-Lsegment-214seqs_alignment_nospace_1615_F_GC_0.23_avg_28.8913_std_4.93959_Tm_22.64,AAGTATTCAAAGA
lassa-Lsegment-214seqs_alignment_nospace_1625_R_GC_0.23_avg_30.9832_std_5.495_Tm_22.64,AAATATTTGTGAC
lassa-Lsegment-214seqs_alignment_nospace_1642_F_GC_0.46_avg_28.8913_std_4.93959_Tm_32.10,TCTCCTGACAAGT
lassa-Lsegment-214seqs_alignment_nospace_1652_R_GC_0.54_avg_30.9832_std_5.495_Tm_35.25,CACCCTCTCAGAA
lassa-Lsegment-214seqs_alignment_nospace_1669_F_GC_0.31_avg_28.8913_std_4.93959_Tm_25.79,AATTCTAGAATGG
lassa-Lsegment-214seqs_alignment_nospace_1679_R_GC_0.38_avg_30.9832_std_5.495_Tm_28.95,TTCAGCCAACAAT
lassa-Lsegment-214seqs_alignment_nospace_1696_F_GC_0.46_avg_28.8913_std_4.93959_Tm_32.10,ACTCTGAAAGGCA
lassa-Lsegment-214seqs_alignment_nospace_1706_R_GC_0.54_avg_30.9832_std_5.495_Tm_35.25,TCTGTGCCTGGAT
lassa-Lsegment-214seqs_alignment_nospace_1723_F_GC_0.54_avg_28.8913_std_4.93959_Tm_35.25,GCGCTGTTACCAT
lassa-Lsegment-214seqs_alignment_nospace_1733_R_GC_0.38_avg_30.9832_std_5.495_Tm_28.95,AAGACCTTTCTGT
lassa-Lsegment-214seqs_alignment_nospace_1750_F_GC_0.23_avg_28.8913_std_4.93959_Tm_22.64,TAAAGCTTTGATT
lassa-Lsegment-214seqs_alignment_nospace_1760_R_GC_0.31_avg_30.9832_std_5.495_Tm_25.79,ACCTTAAAAAGTG
lassa-Lsegment-214seqs_alignment_nospace_1777_F_GC_0.54_avg_28.8913_std_4.93959_Tm_35.25,CTCGTAACTGTCC
lassa-Lsegment-214seqs_alignment_nospace_1787_R_GC_0.46_avg_30.9832_std_5.495_Tm_32.10,TGAACCCTAGCAA
lassa-Lsegment-214seqs_alignment_nospace_1804_F_GC_0.38_avg_28.8913_std_4.93959_Tm_28.95,TGGTTTCCCTTTT
lassa-Lsegment-214seqs_alignment_nospace_1814_R_GC_0.54_avg_30.9832_std_5.495_Tm_35.25,GGGTTGTGCAGAA
lassa-Lsegment-214seqs_alignment_nospace_1831_F_GC_0.46_avg_28.8913_std_4.93959_Tm_32.10,AAGGACTTCTCCT
lassa-Lsegment-214seqs_alignment_nospace_1841_R_GC_0.38_avg_30.9832_std_5.495_Tm_28.95,TCATTCCGAAATC
lassa-Lsegment-214seqs_alignment_nospace_1858_F_GC_0.54_avg_28.8913_std_4.93959_Tm_35.25,GATCCTGGTCATG
lassa-Lsegment-214seqs_alignment_nospace_1868_R_GC_0.54_avg_30.9832_std_5.495_Tm_35.25,GTTCCTGGGTGTT
lassa-Lsegment-214seqs_alignment_nospace_1887_F_GC_0.31_avg_28.8913_std_4.93959_Tm_25.79,TTGTTATTGATGC
lassa-Lsegment-214seqs_alignment_nospace_1895_R_GC_0.54_avg_30.9832_std_5.495_Tm_35.25,GGAAATTGGCTGG
lassa-Lsegment-214seqs_alignment_nospace_1916_F_GC_0.46_avg_28.8913_std_4.93959_Tm_32.10,GACTTGAAGCACT
lassa-Lsegment-214seqs_alignment_nospace_1922_R_GC_0.62_avg_30.9832_std_5.495_Tm_38.41,GGCCAATGAGAGG
lassa-Lsegment-214seqs_alignment_nospace_1946_F_GC_0.38_avg_28.8913_std_4.93959_Tm_28.95,GATTCTTGACTGT
lassa-Lsegment-214seqs_alignment_nospace_1949_R_GC_0.62_avg_30.9832_std_5.495_Tm_38.41,GCGATGGGAGACA
lassa-Lsegment-214seqs_alignment_nospace_1976_F_GC_0.46_avg_28.8913_std_4.93959_Tm_32.10,TACTGTAGCAGAG
lassa-Lsegment-214seqs_alignment_nospace_1976_R_GC_0.62_avg_30.9832_std_5.495_Tm_38.41,AGTGTTGGGAGCG
lassa-Lsegment-214seqs_alignment_nospace_2003_R_GC_0.54_avg_30.9832_std_5.495_Tm_35.25,CAGACTGATCCAG
lassa-Lsegment-214seqs_alignment_nospace_2006_F_GC_0.23_avg_28.8913_std_4.93959_Tm_22.64,TTGTATTCATAGT
lassa-Lsegment-214seqs_alignment_nospace_2030_R_GC_0.46_avg_30.9832_std_5.495_Tm_32.10,TGACCTTGTTGTG
lassa-Lsegment-214seqs_alignment_nospace_2036_F_GC_0.54_avg_28.8913_std_4.93959_Tm_35.25,CTGCCGTCTATCA
lassa-Lsegment-214seqs_alignment_nospace_2058_R_GC_0.54_avg_30.9832_std_5.495_Tm_35.25,CAGGTGAATGCTC
lassa-Lsegment-214seqs_alignment_nospace_2070_F_GC_0.62_avg_28.8913_std_4.93959_Tm_38.41,CTCCAGCAGTCTG
lassa-Lsegment-214seqs_alignment_nospace_2087_R_GC_0.46_avg_30.9832_std_5.495_Tm_32.10,ATCCCATTGATCC
lassa-Lsegment-214seqs_alignment_nospace_2106_F_GC_0.62_avg_28.8913_std_4.93959_Tm_38.41,CCCCACTTGCTGT
lassa-Lsegment-214seqs_alignment_nospace_2116_R_GC_0.38_avg_30.9832_std_5.495_Tm_28.95,ATCAGAAAACAGG
lassa-Lsegment-214seqs_alignment_nospace_2144_F_GC_0.31_avg_28.8913_std_4.93959_Tm_25.79,AATGACACATGTA
lassa-Lsegment-214seqs_alignment_nospace_2145_R_GC_0.38_avg_30.9832_std_5.495_Tm_28.95,TGGTTTCCACATA
lassa-Lsegment-214seqs_alignment_nospace_2174_R_GC_0.46_avg_30.9832_std_5.495_Tm_32.10,ACAATGGCTCTCT
lassa-Lsegment-214seqs_alignment_nospace_2186_F_GC_0.46_avg_28.8913_std_4.93959_Tm_32.10,CATTTGCGTTGCA
lassa-Lsegment-214seqs_alignment_nospace_2203_R_GC_0.62_avg_30.9832_std_5.495_Tm_38.41,ACATGGGGCAAGG
lassa-Lsegment-214seqs_alignment_nospace_2231_F_GC_0.31_avg_28.8913_std_4.93959_Tm_25.79,ACTTCTTTGAAAC
lassa-Lsegment-214seqs_alignment_nospace_2236_R_GC_0.31_avg_30.9832_std_5.495_Tm_25.79,TACAAAGAACAAG
lassa-Lsegment-214seqs_alignment_nospace_2274_R_GC_0.54_avg_30.9832_std_5.495_Tm_35.25,GATGGAGGAGTTG
lassa-Lsegment-214seqs_alignment_nospace_2278_F_GC_0.46_avg_28.8913_std_4.93959_Tm_32.10,GATGCAATGGAAC
lassa-Lsegment-214seqs_alignment_nospace_2312_R_GC_0.69_avg_30.9832_std_5.495_Tm_41.56,CAGAGGGTGAGGG
lassa-Lsegment-214seqs_alignment_nospace_2328_F_GC_0.38_avg_28.8913_std_4.93959_Tm_28.95,CTTCTTTGCATCT
lassa-Lsegment-214seqs_alignment_nospace_2352_R_GC_0.54_avg_30.9832_std_5.495_Tm_35.25,CTTTTGTGGGGCA
lassa-Lsegment-214seqs_alignment_nospace_2379_F_GC_0.54_avg_28.8913_std_4.93959_Tm_35.25,ATTGTGGCGACTC
lassa-Lsegment-214seqs_alignment_nospace_2396_R_GC_0.46_avg_30.9832_std_5.495_Tm_32.10,AGTCCAAAGAGTG
lassa-Lsegment-214seqs_alignment_nospace_2431_F_GC_0.23_avg_28.8913_std_4.93959_Tm_22.64,ACTTACTATAACA
lassa-Lsegment-214seqs_alignment_nospace_2443_R_GC_0.23_avg_30.9832_std_5.495_Tm_22.64,CCATTTTTATTCT
lassa-Lsegment-214seqs_alignment_nospace_2483_F_GC_0.38_avg_28.8913_std_4.93959_Tm_28.95,CACATGTAGGAAA
lassa-Lsegment-214seqs_alignment_nospace_2491_R_GC_0.62_avg_30.9832_std_5.495_Tm_38.41,AGGGACTGTAGGG
lassa-Lsegment-214seqs_alignment_nospace_2536_F_GC_0.38_avg_28.8913_std_4.93959_Tm_28.95,AGACTTAAGGTTC
lassa-Lsegment-214seqs_alignment_nospace_2539_R_GC_0.31_avg_30.9832_std_5.495_Tm_25.79,ACAATCAGTTATC
lassa-Lsegment-214seqs_alignment_nospace_2589_F_GC_0.38_avg_28.8913_std_4.93959_Tm_28.95,ATCACCTCCATAT
lassa-Lsegment-214seqs_alignment_nospace_2590_R_GC_0.38_avg_30.9832_std_5.495_Tm_28.95,AAAGAACAAGTGG
lassa-Lsegment-214seqs_alignment_nospace_2642_F_GC_0.54_avg_28.8913_std_4.93959_Tm_35.25,GGTGCTCACTAGA
lassa-Lsegment-214seqs_alignment_nospace_2643_R_GC_0.54_avg_30.9832_std_5.495_Tm_35.25,CAGCAGGCAATGA
lassa-Lsegment-214seqs_alignment_nospace_2696_F_GC_0.38_avg_28.8913_std_4.93959_Tm_28.95,TGTATAACAGGTG
lassa-Lsegment-214seqs_alignment_nospace_2696_R_GC_0.38_avg_30.9832_std_5.495_Tm_28.95,AGAAATGGGTTGA
lassa-Lsegment-214seqs_alignment_nospace_2750_F_GC_0.46_avg_28.8913_std_4.93959_Tm_32.10,AGTCCTGCTTGTT
lassa-Lsegment-214seqs_alignment_nospace_2751_R_GC_0.54_avg_30.9832_std_5.495_Tm_35.25,GTCAGACAGTGAG
lassa-Lsegment-214seqs_alignment_nospace_2805_F_GC_0.31_avg_28.8913_std_4.93959_Tm_25.79,TTTTTGTTGACTC
lassa-Lsegment-214seqs_alignment_nospace_2806_R_GC_0.38_avg_30.9832_std_5.495_Tm_28.95,TCCTCCAAAATCT
lassa-Lsegment-214seqs_alignment_nospace_2862_F_GC_0.31_avg_28.8913_std_4.93959_Tm_25.79,GCATACAAAAATC
lassa-Lsegment-214seqs_alignment_nospace_2862_R_GC_0.38_avg_30.9832_std_5.495_Tm_28.95,GATGTTAACTGTG
lassa-Lsegment-214seqs_alignment_nospace_2919_R_GC_0.46_avg_30.9832_std_5.495_Tm_32.10,TGCAGATCGAAGA
lassa-Lsegment-214seqs_alignment_nospace_2922_F_GC_0.38_avg_28.8913_std_4.93959_Tm_28.95,TATTCTTGGTCCA
lassa-Lsegment-214seqs_alignment_nospace_2976_R_GC_0.46_avg_30.9832_std_5.495_Tm_32.10,AAATGTGTTCGGG
lassa-Lsegment-214seqs_alignment_nospace_2982_F_GC_0.31_avg_28.8913_std_4.93959_Tm_25.79,TCAAAGAAATCCT
lassa-Lsegment-214seqs_alignment_nospace_3033_R_GC_0.38_avg_30.9832_std_5.495_Tm_28.95,AGGTACACTCATT
lassa-Lsegment-214seqs_alignment_nospace_3042_F_GC_0.62_avg_28.8913_std_4.93959_Tm_38.41,CCTTGGTGGCATG
lassa-Lsegment-214seqs_alignment_nospace_3103_F_GC_0.23_avg_28.8913_std_4.93959_Tm_22.64,TCATTTATTGATG
lassa-Lsegment-214seqs_alignment_nospace_3149_R_GC_0.62_avg_30.9832_std_5.495_Tm_38.41,GGTGGAGGTGTTG
lassa-Lsegment-214seqs_alignment_nospace_3165_F_GC_0.54_avg_28.8913_std_4.93959_Tm_35.25,GTCTCCAACAGTC
lassa-Lsegment-214seqs_alignment_nospace_3209_R_GC_0.54_avg_30.9832_std_5.495_Tm_35.25,GTTGGGGACACTT
lassa-Lsegment-214seqs_alignment_nospace_3227_F_GC_0.31_avg_28.8913_std_4.93959_Tm_25.79,TCTATAAGTGGTA
lassa-Lsegment-214seqs_alignment_nospace_3269_R_GC_0.38_avg_30.9832_std_5.495_Tm_28.95,CATGGTATGTTGA
lassa-Lsegment-214seqs_alignment_nospace_3290_F_GC_0.31_avg_28.8913_std_4.93959_Tm_25.79,AAGAAATCTTCTG
lassa-Lsegment-214seqs_alignment_nospace_3329_R_GC_0.38_avg_30.9832_std_5.495_Tm_28.95,CTATTGACCCATT
lassa-Lsegment-214seqs_alignment_nospace_3356_F_GC_0.31_avg_28.8913_std_4.93959_Tm_25.79,ATCATCTTTGTCA
lassa-Lsegment-214seqs_alignment_nospace_3389_R_GC_0.46_avg_30.9832_std_5.495_Tm_32.10,TACTTGACATGGG
lassa-Lsegment-214seqs_alignment_nospace_3422_F_GC_0.31_avg_28.8913_std_4.93959_Tm_25.79,ACTTAAAACACTG
lassa-Lsegment-214seqs_alignment_nospace_3449_R_GC_0.38_avg_30.9832_std_5.495_Tm_28.95,AGGACAAATCTGT
lassa-Lsegment-214seqs_alignment_nospace_3489_F_GC_0.31_avg_28.8913_std_4.93959_Tm_25.79,TGATCAATTGTTC
lassa-Lsegment-214seqs_alignment_nospace_3514_R_GC_0.31_avg_30.9832_std_5.495_Tm_25.79,ATGGTTCACTATT
lassa-Lsegment-214seqs_alignment_nospace_3558_F_GC_0.31_avg_28.8913_std_4.93959_Tm_25.79,TGATCACTCATAT
lassa-Lsegment-214seqs_alignment_nospace_3579_R_GC_0.46_avg_30.9832_std_5.495_Tm_32.10,AATGCTGGAGATC
lassa-Lsegment-214seqs_alignment_nospace_3628_F_GC_0.38_avg_28.8913_std_4.93959_Tm_28.95,ACAAATGGTCTCA
lassa-Lsegment-214seqs_alignment_nospace_3644_R_GC_0.54_avg_30.9832_std_5.495_Tm_35.25,TACCTGACTGGGT
lassa-Lsegment-214seqs_alignment_nospace_3703_F_GC_0.46_avg_28.8913_std_4.93959_Tm_32.10,GTCCTCTTCTGAA
lassa-Lsegment-214seqs_alignment_nospace_3711_R_GC_0.38_avg_30.9832_std_5.495_Tm_28.95,TGAGTATTCTTGG
lassa-Lsegment-214seqs_alignment_nospace_3778_R_GC_0.46_avg_30.9832_std_5.495_Tm_32.10,GCAGAACATGTGA
lassa-Lsegment-214seqs_alignment_nospace_3779_F_GC_0.46_avg_28.8913_std_4.93959_Tm_32.10,GTGACCACTTCAT
lassa-Lsegment-214seqs_alignment_nospace_3846_R_GC_0.46_avg_30.9832_std_5.495_Tm_32.10,AACGGTGGATAGA
lassa-Lsegment-214seqs_alignment_nospace_3855_F_GC_0.31_avg_28.8913_std_4.93959_Tm_25.79,AGTCAATCTCAAT
lassa-Lsegment-214seqs_alignment_nospace_3917_R_GC_0.62_avg_30.9832_std_5.495_Tm_38.41,TGGGTGCATGGGT
lassa-Lsegment-214seqs_alignment_nospace_3932_F_GC_0.38_avg_28.8913_std_4.93959_Tm_28.95,CTGCATACAAGAA
lassa-Lsegment-214seqs_alignment_nospace_3988_R_GC_0.31_avg_30.9832_std_5.495_Tm_25.79,ATAAGTTACCAGA
lassa-Lsegment-214seqs_alignment_nospace_4009_F_GC_0.31_avg_28.8913_std_4.93959_Tm_25.79,AGAAATCTTCAAG
lassa-Lsegment-214seqs_alignment_nospace_4059_R_GC_0.38_avg_30.9832_std_5.495_Tm_28.95,TGACAGATCAGAT
lassa-Lsegment-214seqs_alignment_nospace_4087_F_GC_0.15_avg_28.8913_std_4.93959_Tm_19.48,CTAGAAATTATTT
lassa-Lsegment-214seqs_alignment_nospace_4131_R_GC_0.54_avg_30.9832_std_5.495_Tm_35.25,GAGTTGTTTGGGC
lassa-Lsegment-214seqs_alignment_nospace_4166_F_GC_0.23_avg_28.8913_std_4.93959_Tm_22.64,AAATCTTGATCTT
lassa-Lsegment-214seqs_alignment_nospace_4205_R_GC_0.31_avg_30.9832_std_5.495_Tm_25.79,AGATACTCTCATT
lassa-Lsegment-214seqs_alignment_nospace_4246_F_GC_0.31_avg_28.8913_std_4.93959_Tm_25.79,GTAATGATGTTGT
lassa-Lsegment-214seqs_alignment_nospace_428_F_GC_0.38_avg_28.8913_std_4.93959_Tm_28.95,TTGCATAGGTGAA
lassa-Lsegment-214seqs_alignment_nospace_4280_R_GC_0.23_avg_30.9832_std_5.495_Tm_22.64,AGTATCAAATCTT
lassa-Lsegment-214seqs_alignment_nospace_432_F_GC_0.46_avg_28.8913_std_4.93959_Tm_32.10,GACTCTTGGCTAT
lassa-Lsegment-214seqs_alignment_nospace_4326_F_GC_0.31_avg_28.8913_std_4.93959_Tm_25.79,TTGACTGAATCAT
lassa-Lsegment-214seqs_alignment_nospace_4355_R_GC_0.38_avg_30.9832_std_5.495_Tm_28.95,TTGGTGCATTGAA
lassa-Lsegment-214seqs_alignment_nospace_437_F_GC_0.31_avg_28.8913_std_4.93959_Tm_25.79,CATACAAGAATCT
lassa-Lsegment-214seqs_alignment_nospace_4408_F_GC_0.31_avg_28.8913_std_4.93959_Tm_25.79,CACATATAAGAGA
lassa-Lsegment-214seqs_alignment_nospace_442_F_GC_0.23_avg_28.8913_std_4.93959_Tm_22.64,GAGTAAAAGAAAT
lassa-Lsegment-214seqs_alignment_nospace_4431_R_GC_0.38_avg_30.9832_std_5.495_Tm_28.95,ACAAGGAACAAGT
lassa-Lsegment-214seqs_alignment_nospace_447_F_GC_0.31_avg_28.8913_std_4.93959_Tm_25.79,TGATTGCACAAAT
lassa-Lsegment-214seqs_alignment_nospace_4490_F_GC_0.38_avg_28.8913_std_4.93959_Tm_28.95,TGGTTTGAGAACA
lassa-Lsegment-214seqs_alignment_nospace_4507_R_GC_0.38_avg_30.9832_std_5.495_Tm_28.95,GTTCAGTTTTACC
lassa-Lsegment-214seqs_alignment_nospace_452_F_GC_0.38_avg_28.8913_std_4.93959_Tm_28.95,AGAACTCTTGACA
lassa-Lsegment-214seqs_alignment_nospace_457_F_GC_0.31_avg_28.8913_std_4.93959_Tm_25.79,TCATCTAGATCAT
lassa-Lsegment-214seqs_alignment_nospace_4573_F_GC_0.31_avg_28.8913_std_4.93959_Tm_25.79,CATCATAAACATC
lassa-Lsegment-214seqs_alignment_nospace_462_F_GC_0.23_avg_28.8913_std_4.93959_Tm_22.64,ATTGGAAATATTC
lassa-Lsegment-214seqs_alignment_nospace_4657_F_GC_0.54_avg_28.8913_std_4.93959_Tm_35.25,GAAACACCAGGCT
lassa-Lsegment-214seqs_alignment_nospace_4659_R_GC_0.31_avg_30.9832_std_5.495_Tm_25.79,TTGAATCAGATGT
lassa-Lsegment-214seqs_alignment_nospace_467_F_GC_0.31_avg_28.8913_std_4.93959_Tm_25.79,TCATAACTGTTAG
lassa-Lsegment-214seqs_alignment_nospace_472_F_GC_0.31_avg_28.8913_std_4.93959_Tm_25.79,ACAAACATCTCAA
lassa-Lsegment-214seqs_alignment_nospace_4736_R_GC_0.38_avg_30.9832_std_5.495_Tm_28.95,TTGATCCATTCCT
lassa-Lsegment-214seqs_alignment_nospace_4741_F_GC_0.38_avg_28.8913_std_4.93959_Tm_28.95,TCACTCATGTAGT
lassa-Lsegment-214seqs_alignment_nospace_477_F_GC_0.23_avg_28.8913_std_4.93959_Tm_22.64,AATCATAATCTTG
lassa-Lsegment-214seqs_alignment_nospace_4814_R_GC_0.46_avg_30.9832_std_5.495_Tm_32.10,GTGAACAGATGCA
lassa-Lsegment-214seqs_alignment_nospace_482_F_GC_0.54_avg_28.8913_std_4.93959_Tm_35.25,TCCTCTGTCAAGC
lassa-Lsegment-214seqs_alignment_nospace_4826_F_GC_0.46_avg_28.8913_std_4.93959_Tm_32.10,AGAACTCTTGGCA
lassa-Lsegment-214seqs_alignment_nospace_486_R_GC_0.46_avg_30.9832_std_5.495_Tm_32.10,TGTCTGACTCTGA
lassa-Lsegment-214seqs_alignment_nospace_487_F_GC_0.46_avg_28.8913_std_4.93959_Tm_32.10,AGAGGGATGAGAT
lassa-Lsegment-214seqs_alignment_nospace_4893_R_GC_0.23_avg_30.9832_std_5.495_Tm_22.64,AATAATGGTTCAT
lassa-Lsegment-214seqs_alignment_nospace_490_R_GC_0.62_avg_30.9832_std_5.495_Tm_38.41,GAACGGAGGCAAC
lassa-Lsegment-214seqs_alignment_nospace_4912_F_GC_0.38_avg_28.8913_std_4.93959_Tm_28.95,ACACTCACAAAAC
lassa-Lsegment-214seqs_alignment_nospace_492_F_GC_0.46_avg_28.8913_std_4.93959_Tm_32.10,TTCTTTGAGACGC
lassa-Lsegment-214seqs_alignment_nospace_495_R_GC_0.46_avg_30.9832_std_5.495_Tm_32.10,GGTCTGCAAAACT
lassa-Lsegment-214seqs_alignment_nospace_497_F_GC_0.31_avg_28.8913_std_4.93959_Tm_25.79,GCTGACTTATTTA
lassa-Lsegment-214seqs_alignment_nospace_4974_R_GC_0.38_avg_30.9832_std_5.495_Tm_28.95,TGTCTGATTCTGA
lassa-Lsegment-214seqs_alignment_nospace_4999_F_GC_0.31_avg_28.8913_std_4.93959_Tm_25.79,CCAGTTGAATTAT
lassa-Lsegment-214seqs_alignment_nospace_500_R_GC_0.31_avg_30.9832_std_5.495_Tm_25.79,TTAAGGCTATCTA
lassa-Lsegment-214seqs_alignment_nospace_502_F_GC_0.23_avg_28.8913_std_4.93959_Tm_22.64,ACTAAGATCATTT
lassa-Lsegment-214seqs_alignment_nospace_505_R_GC_0.46_avg_30.9832_std_5.495_Tm_32.10,AGTGTGTTAGAGG
lassa-Lsegment-214seqs_alignment_nospace_5055_R_GC_0.31_avg_30.9832_std_5.495_Tm_25.79,TGAACTTTCAAAC
lassa-Lsegment-214seqs_alignment_nospace_507_F_GC_0.46_avg_28.8913_std_4.93959_Tm_32.10,AAGTCTTCGGTCA
lassa-Lsegment-214seqs_alignment_nospace_5087_F_GC_0.46_avg_28.8913_std_4.93959_Tm_32.10,TTGATGCCAACAG
lassa-Lsegment-214seqs_alignment_nospace_510_R_GC_0.54_avg_30.9832_std_5.495_Tm_35.25,ACCAGAAGACAGG
lassa-Lsegment-214seqs_alignment_nospace_512_F_GC_0.38_avg_28.8913_std_4.93959_Tm_28.95,TTGATGCCTTGAT
lassa-Lsegment-214seqs_alignment_nospace_5137_R_GC_0.38_avg_30.9832_std_5.495_Tm_28.95,AACCAAAACAAGC
lassa-Lsegment-214seqs_alignment_nospace_515_R_GC_0.46_avg_30.9832_std_5.495_Tm_32.10,CCAGACAATTAGG
lassa-Lsegment-214seqs_alignment_nospace_517_F_GC_0.23_avg_28.8913_std_4.93959_Tm_22.64,ATTGAATCATAAC
lassa-Lsegment-214seqs_alignment_nospace_5176_F_GC_0.31_avg_28.8913_std_4.93959_Tm_25.79,TCAAGATCAGATA
lassa-Lsegment-214seqs_alignment_nospace_520_R_GC_0.46_avg_30.9832_std_5.495_Tm_32.10,TGTGAACTGTGAG
lassa-Lsegment-214seqs_alignment_nospace_522_F_GC_0.38_avg_28.8913_std_4.93959_Tm_28.95,TTACACCTCACAA
lassa-Lsegment-214seqs_alignment_nospace_5222_R_GC_0.46_avg_30.9832_std_5.495_Tm_32.10,CAGCAAGCAATGA
lassa-Lsegment-214seqs_alignment_nospace_525_R_GC_0.54_avg_30.9832_std_5.495_Tm_35.25,GCAGAACATGCGA
lassa-Lsegment-214seqs_alignment_nospace_5265_F_GC_0.46_avg_28.8913_std_4.93959_Tm_32.10,AGTGTCCTTGTTG
lassa-Lsegment-214seqs_alignment_nospace_528_F_GC_0.31_avg_28.8913_std_4.93959_Tm_25.79,TTGATTTGCTGTA
lassa-Lsegment-214seqs_alignment_nospace_530_R_GC_0.54_avg_30.9832_std_5.495_Tm_35.25,GTGGTTTCCACAC
lassa-Lsegment-214seqs_alignment_nospace_5310_R_GC_0.46_avg_30.9832_std_5.495_Tm_32.10,CACTAGGTAGCAA
lassa-Lsegment-214seqs_alignment_nospace_534_F_GC_0.38_avg_28.8913_std_4.93959_Tm_28.95,TCAGATATTGAGG
lassa-Lsegment-214seqs_alignment_nospace_535_R_GC_0.38_avg_30.9832_std_5.495_Tm_28.95,ACAATCAGTTACC
lassa-Lsegment-214seqs_alignment_nospace_5355_F_GC_0.31_avg_28.8913_std_4.93959_Tm_25.79,TTATTGCTTCAGA
lassa-Lsegment-214seqs_alignment_nospace_5399_R_GC_0.23_avg_30.9832_std_5.495_Tm_22.64,ACATTAGTTCAAT
lassa-Lsegment-214seqs_alignment_nospace_540_F_GC_0.31_avg_28.8913_std_4.93959_Tm_25.79,GAGTAAAAGAAGT
lassa-Lsegment-214seqs_alignment_nospace_540_R_GC_0.38_avg_30.9832_std_5.495_Tm_28.95,AAACGCAGTCAAA
lassa-Lsegment-214seqs_alignment_nospace_545_R_GC_0.46_avg_30.9832_std_5.495_Tm_32.10,GAGAGATTGGTGA
lassa-Lsegment-214seqs_alignment_nospace_5454_F_GC_0.54_avg_28.8913_std_4.93959_Tm_35.25,AAGAGCTGCTGGT
lassa-Lsegment-214seqs_alignment_nospace_546_F_GC_0.23_avg_28.8913_std_4.93959_Tm_22.64,TCATCTTTGTTAA
lassa-Lsegment-214seqs_alignment_nospace_5488_R_GC_0.38_avg_30.9832_std_5.495_Tm_28.95,AGTAAAAGGTGTC
lassa-Lsegment-214seqs_alignment_nospace_550_R_GC_0.38_avg_30.9832_std_5.495_Tm_28.95,AAACGGTTGAATC
lassa-Lsegment-214seqs_alignment_nospace_552_F_GC_0.54_avg_28.8913_std_4.93959_Tm_35.25,CAGATGGGGAACA
lassa-Lsegment-214seqs_alignment_nospace_555_R_GC_0.23_avg_30.9832_std_5.495_Tm_22.64,CAATACTTGATAT
lassa-Lsegment-214seqs_alignment_nospace_5554_F_GC_0.23_avg_28.8913_std_4.93959_Tm_22.64,TAATCATAATCCT
lassa-Lsegment-214seqs_alignment_nospace_5578_R_GC_0.38_avg_30.9832_std_5.495_Tm_28.95,TGATCATGGGATT
lassa-Lsegment-214seqs_alignment_nospace_558_F_GC_0.38_avg_28.8913_std_4.93959_Tm_28.95,TCATAATCCTGCT
lassa-Lsegment-214seqs_alignment_nospace_560_R_GC_0.54_avg_30.9832_std_5.495_Tm_35.25,CTCTCTTCTGAGG
lassa-Lsegment-214seqs_alignment_nospace_564_F_GC_0.62_avg_28.8913_std_4.93959_Tm_38.41,GCTGAACTCCTCC
lassa-Lsegment-214seqs_alignment_nospace_565_R_GC_0.46_avg_30.9832_std_5.495_Tm_32.10,GACACTTCATCTG
lassa-Lsegment-214seqs_alignment_nospace_5660_F_GC_0.46_avg_28.8913_std_4.93959_Tm_32.10,GGTGACCATTTCA
lassa-Lsegment-214seqs_alignment_nospace_5678_R_GC_0.31_avg_30.9832_std_5.495_Tm_25.79,ACAAAAGAAACAC
lassa-Lsegment-214seqs_alignment_nospace_570_F_GC_0.31_avg_28.8913_std_4.93959_Tm_25.79,ATGCTATAGAACT
lassa-Lsegment-214seqs_alignment_nospace_570_R_GC_0.38_avg_30.9832_std_5.495_Tm_28.95,TCACACCTACTAT
lassa-Lsegment-214seqs_alignment_nospace_575_R_GC_0.62_avg_30.9832_std_5.495_Tm_38.41,CGGGACCTCATTC
lassa-Lsegment-214seqs_alignment_nospace_576_F_GC_0.38_avg_28.8913_std_4.93959_Tm_28.95,TCATAGTCCTGTT
lassa-Lsegment-214seqs_alignment_nospace_5783_F_GC_0.31_avg_28.8913_std_4.93959_Tm_25.79,TTTGAAAGTTGGA
lassa-Lsegment-214seqs_alignment_nospace_5785_R_GC_0.46_avg_30.9832_std_5.495_Tm_32.10,TACCTGATTGGGT
lassa-Lsegment-214seqs_alignment_nospace_580_R_GC_0.54_avg_30.9832_std_5.495_Tm_35.25,ATGACCATGGGGT
lassa-Lsegment-214seqs_alignment_nospace_582_F_GC_0.23_avg_28.8913_std_4.93959_Tm_22.64,GAATTTGATTACA
lassa-Lsegment-214seqs_alignment_nospace_586_R_GC_0.38_avg_30.9832_std_5.495_Tm_28.95,GGGTCAATGATAA
lassa-Lsegment-214seqs_alignment_nospace_588_F_GC_0.31_avg_28.8913_std_4.93959_Tm_25.79,CATACAGAAATCT
lassa-Lsegment-214seqs_alignment_nospace_5899_R_GC_0.31_avg_30.9832_std_5.495_Tm_25.79,TAGATGTGAATTG
lassa-Lsegment-214seqs_alignment_nospace_592_R_GC_0.31_avg_30.9832_std_5.495_Tm_25.79,TGATTAAAGGTGA
lassa-Lsegment-214seqs_alignment_nospace_594_F_GC_0.46_avg_28.8913_std_4.93959_Tm_32.10,CTATGATCCATGC
lassa-Lsegment-214seqs_alignment_nospace_598_R_GC_0.54_avg_30.9832_std_5.495_Tm_35.25,TGTATGGTGGAGG
lassa-Lsegment-214seqs_alignment_nospace_600_F_GC_0.46_avg_28.8913_std_4.93959_Tm_32.10,ATGGGAAACAAGC
lassa-Lsegment-214seqs_alignment_nospace_6019_R_GC_0.54_avg_30.9832_std_5.495_Tm_35.25,GGATCCTAGGCAT
lassa-Lsegment-214seqs_alignment_nospace_604_R_GC_0.31_avg_30.9832_std_5.495_Tm_25.79,GTCCATTTTTGTT
lassa-Lsegment-214seqs_alignment_nospace_6060_F_GC_0.31_avg_28.8913_std_4.93959_Tm_25.79,ACATATAATCCCA
lassa-Lsegment-214seqs_alignment_nospace_607_F_GC_0.46_avg_28.8913_std_4.93959_Tm_32.10,CTCCAACAATCTG
lassa-Lsegment-214seqs_alignment_nospace_610_R_GC_0.62_avg_30.9832_std_5.495_Tm_38.41,CACCAGCTGACCT
lassa-Lsegment-214seqs_alignment_nospace_614_F_GC_0.38_avg_28.8913_std_4.93959_Tm_28.95,TGTTCACATCCAT
lassa-Lsegment-214seqs_alignment_nospace_6145_R_GC_0.62_avg_30.9832_std_5.495_Tm_38.41,CCAGAGGGTGAAG
lassa-Lsegment-214seqs_alignment_nospace_616_R_GC_0.62_avg_30.9832_std_5.495_Tm_38.41,GGGGCATTGAGTG
lassa-Lsegment-214seqs_alignment_nospace_621_F_GC_0.38_avg_28.8913_std_4.93959_Tm_28.95,CTCACATAAGACT
lassa-Lsegment-214seqs_alignment_nospace_622_R_GC_0.54_avg_30.9832_std_5.495_Tm_35.25,GTGGTAACAGGGA
lassa-Lsegment-214seqs_alignment_nospace_6275_R_GC_0.46_avg_30.9832_std_5.495_Tm_32.10,AGGTTTGTTGCAG
lassa-Lsegment-214seqs_alignment_nospace_628_F_GC_0.31_avg_28.8913_std_4.93959_Tm_25.79,ATGGTGTAAATGT
lassa-Lsegment-214seqs_alignment_nospace_628_R_GC_0.38_avg_30.9832_std_5.495_Tm_28.95,ATTGAGGAAGAGT
lassa-Lsegment-214seqs_alignment_nospace_6296_F_GC_0.38_avg_28.8913_std_4.93959_Tm_28.95,ATCCTAGGCAATT
lassa-Lsegment-214seqs_alignment_nospace_634_R_GC_0.23_avg_30.9832_std_5.495_Tm_22.64,ATTTTACTTTCTG
lassa-Lsegment-214seqs_alignment_nospace_635_F_GC_0.31_avg_28.8913_std_4.93959_Tm_25.79,TGAACCTATTAGT
lassa-Lsegment-214seqs_alignment_nospace_640_R_GC_0.62_avg_30.9832_std_5.495_Tm_38.41,TGTATGGTGGGGG
lassa-Lsegment-214seqs_alignment_nospace_6406_R_GC_0.31_avg_30.9832_std_5.495_Tm_25.79,TATCAAAAGACAG
lassa-Lsegment-214seqs_alignment_nospace_642_F_GC_0.46_avg_28.8913_std_4.93959_Tm_32.10,ACAGATGAACAGG
lassa-Lsegment-214seqs_alignment_nospace_646_R_GC_0.31_avg_30.9832_std_5.495_Tm_25.79,TCTAATTGACACA
lassa-Lsegment-214seqs_alignment_nospace_649_F_GC_0.38_avg_28.8913_std_4.93959_Tm_28.95,ACAACTTGGTATC
lassa-Lsegment-214seqs_alignment_nospace_652_R_GC_0.46_avg_30.9832_std_5.495_Tm_32.10,ATCTGGTTCTAGG
lassa-Lsegment-214seqs_alignment_nospace_6557_R_GC_0.46_avg_30.9832_std_5.495_Tm_32.10,ATGGAGGAAGACA
lassa-Lsegment-214seqs_alignment_nospace_656_F_GC_0.46_avg_28.8913_std_4.93959_Tm_32.10,ACATGTAGTCCCA
lassa-Lsegment-214seqs_alignment_nospace_658_R_GC_0.62_avg_30.9832_std_5.495_Tm_38.41,TTGAGCCCCCATC
lassa-Lsegment-214seqs_alignment_nospace_664_F_GC_0.23_avg_28.8913_std_4.93959_Tm_22.64,ACATATGATTCAA
lassa-Lsegment-214seqs_alignment_nospace_664_R_GC_0.46_avg_30.9832_std_5.495_Tm_32.10,GACTAAAGGGAAG
lassa-Lsegment-214seqs_alignment_nospace_671_R_GC_0.62_avg_30.9832_std_5.495_Tm_38.41,ACGGGACCTTGTC
lassa-Lsegment-214seqs_alignment_nospace_672_F_GC_0.38_avg_28.8913_std_4.93959_Tm_28.95,AAAGAAGTCCTCA
lassa-Lsegment-214seqs_alignment_nospace_678_R_GC_0.31_avg_30.9832_std_5.495_Tm_25.79,GTCCATTTCTATT
lassa-Lsegment-214seqs_alignment_nospace_680_F_GC_0.31_avg_28.8913_std_4.93959_Tm_25.79,ACTTCCATATCAA
lassa-Lsegment-214seqs_alignment_nospace_685_R_GC_0.23_avg_30.9832_std_5.495_Tm_22.64,TTATGAATGCAAA
lassa-Lsegment-214seqs_alignment_nospace_688_F_GC_0.46_avg_28.8913_std_4.93959_Tm_32.10,CAACCAAACCTGA
lassa-Lsegment-214seqs_alignment_nospace_692_R_GC_0.46_avg_30.9832_std_5.495_Tm_32.10,CATGTGAGGAGTT
lassa-Lsegment-214seqs_alignment_nospace_696_F_GC_0.23_avg_28.8913_std_4.93959_Tm_22.64,TCATATAATAGTG
lassa-Lsegment-214seqs_alignment_nospace_699_R_GC_0.54_avg_30.9832_std_5.495_Tm_35.25,GAACACTGGGTAG
lassa-Lsegment-214seqs_alignment_nospace_706_R_GC_0.23_avg_30.9832_std_5.495_Tm_22.64,AGTTATCAGAAAA
lassa-Lsegment-214seqs_alignment_nospace_713_F_GC_0.31_avg_28.8913_std_4.93959_Tm_25.79,TATGTTCTTGTTG
lassa-Lsegment-214seqs_alignment_nospace_713_R_GC_0.54_avg_30.9832_std_5.495_Tm_35.25,GAGAAGTTGGGGA
lassa-Lsegment-214seqs_alignment_nospace_720_R_GC_0.46_avg_30.9832_std_5.495_Tm_32.10,CCCCACAATTAGT
lassa-Lsegment-214seqs_alignment_nospace_722_F_GC_0.31_avg_28.8913_std_4.93959_Tm_25.79,TGGTTTGAAAACA
lassa-Lsegment-214seqs_alignment_nospace_727_R_GC_0.54_avg_30.9832_std_5.495_Tm_35.25,CAATGCTGGAGGT
lassa-Lsegment-214seqs_alignment_nospace_731_F_GC_0.46_avg_28.8913_std_4.93959_Tm_32.10,TAAGACTGTGGTG
lassa-Lsegment-214seqs_alignment_nospace_734_R_GC_0.46_avg_30.9832_std_5.495_Tm_32.10,GAAGTGAAGAAGG
lassa-Lsegment-214seqs_alignment_nospace_740_F_GC_0.38_avg_28.8913_std_4.93959_Tm_28.95,AGAAGTCTTCAAG
lassa-Lsegment-214seqs_alignment_nospace_741_R_GC_0.54_avg_30.9832_std_5.495_Tm_35.25,CCGTTACTCTAGC
lassa-Lsegment-214seqs_alignment_nospace_748_R_GC_0.46_avg_30.9832_std_5.495_Tm_32.10,CCTTGTCTCTTGT
lassa-Lsegment-214seqs_alignment_nospace_750_F_GC_0.38_avg_28.8913_std_4.93959_Tm_28.95,TTGATAGCTTCAG
lassa-Lsegment-214seqs_alignment_nospace_755_R_GC_0.38_avg_30.9832_std_5.495_Tm_28.95,ACTGAGGTCATTA
lassa-Lsegment-214seqs_alignment_nospace_760_F_GC_0.38_avg_28.8913_std_4.93959_Tm_28.95,CTGTTATTGACTG
lassa-Lsegment-214seqs_alignment_nospace_763_R_GC_0.38_avg_30.9832_std_5.495_Tm_28.95,TGTCTTACAAGGA
lassa-Lsegment-214seqs_alignment_nospace_770_F_GC_0.46_avg_28.8913_std_4.93959_Tm_32.10,GCAATCACTTCCT
lassa-Lsegment-214seqs_alignment_nospace_771_R_GC_0.46_avg_30.9832_std_5.495_Tm_32.10,TACTGACACATCC
lassa-Lsegment-214seqs_alignment_nospace_779_R_GC_0.62_avg_30.9832_std_5.495_Tm_38.41,CTTCTGTGGGGCA
lassa-Lsegment-214seqs_alignment_nospace_781_F_GC_0.38_avg_28.8913_std_4.93959_Tm_28.95,AGGTTCTTTTCTG
lassa-Lsegment-214seqs_alignment_nospace_792_F_GC_0.23_avg_28.8913_std_4.93959_Tm_22.64,AACTTGAATCTAT
lassa-Lsegment-214seqs_alignment_nospace_795_R_GC_0.46_avg_30.9832_std_5.495_Tm_32.10,ATAGACAGCAGGA
lassa-Lsegment-214seqs_alignment_nospace_803_F_GC_0.38_avg_28.8913_std_4.93959_Tm_28.95,CATCACAATCAAG
lassa-Lsegment-214seqs_alignment_nospace_804_R_GC_0.38_avg_30.9832_std_5.495_Tm_28.95,ATGGAGGAAGATA
lassa-Lsegment-214seqs_alignment_nospace_813_R_GC_0.69_avg_30.9832_std_5.495_Tm_41.56,AGGGGCTGTAGGG
lassa-Lsegment-214seqs_alignment_nospace_814_F_GC_0.46_avg_28.8913_std_4.93959_Tm_32.10,GTAAAGGATGCCA
lassa-Lsegment-214seqs_alignment_nospace_822_R_GC_0.38_avg_30.9832_std_5.495_Tm_28.95,AGACAGTTAAGGT
lassa-Lsegment-214seqs_alignment_nospace_825_F_GC_0.38_avg_28.8913_std_4.93959_Tm_28.95,AACTTAAGGACTG
lassa-Lsegment-214seqs_alignment_nospace_831_R_GC_0.54_avg_30.9832_std_5.495_Tm_35.25,CTCTAGCAGACCA
lassa-Lsegment-214seqs_alignment_nospace_836_F_GC_0.46_avg_28.8913_std_4.93959_Tm_32.10,ACAGATCAACTGG
lassa-Lsegment-214seqs_alignment_nospace_840_R_GC_0.31_avg_30.9832_std_5.495_Tm_25.79,AACGTTCTCAAAA
lassa-Lsegment-214seqs_alignment_nospace_847_F_GC_0.54_avg_28.8913_std_4.93959_Tm_35.25,ACCATCACCTTCC
lassa-Lsegment-214seqs_alignment_nospace_849_R_GC_0.38_avg_30.9832_std_5.495_Tm_28.95,AACAAGCAATGAG
lassa-Lsegment-214seqs_alignment_nospace_858_F_GC_0.54_avg_28.8913_std_4.93959_Tm_35.25,TTGAGACACCAGG
lassa-Lsegment-214seqs_alignment_nospace_867_R_GC_0.31_avg_30.9832_std_5.495_Tm_25.79,ATCAAATGCTTTG
lassa-Lsegment-214seqs_alignment_nospace_870_F_GC_0.38_avg_28.8913_std_4.93959_Tm_28.95,TTGTTGAGAAGGT
lassa-Lsegment-214seqs_alignment_nospace_877_R_GC_0.54_avg_30.9832_std_5.495_Tm_35.25,TGTGTTCTGGGTC
lassa-Lsegment-214seqs_alignment_nospace_882_F_GC_0.46_avg_28.8913_std_4.93959_Tm_32.10,TCCTCCAATGAGT
lassa-Lsegment-214seqs_alignment_nospace_887_R_GC_0.46_avg_30.9832_std_5.495_Tm_32.10,TTCACTTGGTTCC
lassa-Lsegment-214seqs_alignment_nospace_894_F_GC_0.54_avg_28.8913_std_4.93959_Tm_35.25,CCCTGATGACAAC
lassa-Lsegment-214seqs_alignment_nospace_906_F_GC_0.54_avg_28.8913_std_4.93959_Tm_35.25,ACCTCCAACAGTC
lassa-Lsegment-214seqs_alignment_nospace_907_R_GC_0.31_avg_30.9832_std_5.495_Tm_25.79,GTCTCAAATAAGT
lassa-Lsegment-214seqs_alignment_nospace_917_R_GC_0.38_avg_30.9832_std_5.495_Tm_28.95,TTGAAGAGGAGTA
lassa-Lsegment-214seqs_alignment_nospace_918_F_GC_0.46_avg_28.8913_std_4.93959_Tm_32.10,CACATATAGTCCC
lassa-Lsegment-214seqs_alignment_nospace_927_R_GC_0.38_avg_30.9832_std_5.495_Tm_28.95,ATGTCAACTGTGA
lassa-Lsegment-214seqs_alignment_nospace_932_F_GC_0.46_avg_28.8913_std_4.93959_Tm_32.10,TGTGTTCACCTGA
lassa-Lsegment-214seqs_alignment_nospace_946_F_GC_0.46_avg_28.8913_std_4.93959_Tm_32.10,CACATGTAATCCC
lassa-Lsegment-214seqs_alignment_nospace_960_R_GC_0.54_avg_30.9832_std_5.495_Tm_35.25,TGCAGTGTTGGAG
lassa-Lsegment-214seqs_alignment_nospace_961_F_GC_0.15_avg_28.8913_std_4.93959_Tm_19.48,TTGATTTACTATA
lassa-Lsegment-214seqs_alignment_nospace_971_R_GC_0.54_avg_30.9832_std_5.495_Tm_35.25,ACAATGCCAGTGG
lassa-Lsegment-214seqs_alignment_nospace_976_F_GC_0.38_avg_28.8913_std_4.93959_Tm_28.95,TATGTCCTTGTTG
lassa-Lsegment-214seqs_alignment_nospace_982_R_GC_0.62_avg_30.9832_std_5.495_Tm_38.41,TTGTGGGGCACCA
lassa-Lsegment-214seqs_alignment_nospace_991_F_GC_0.38_avg_28.8913_std_4.93959_Tm_28.95,AATGATGTTCTCC
lassa-Lsegment-214seqs_alignment_nospace_993_R_GC_0.38_avg_30.9832_std_5.495_Tm_28.95,GTTTCATTGGTTG
