lassa-Ssegment-245seqs_alignment_nospace_1030_R_GC_0.46_avg_31.7497_std_5.82544_Tm_32.10,CCATTGAAGTCAC
lassa-Ssegment-245seqs_alignment_nospace_1055_F_GC_0.46_avg_31.2359_std_5.76503_Tm_32.10,CATATTGCCACCA
lassa-Ssegment-245seqs_alignment_nospace_1107_R_GC_0.62_avg_31.7497_std_5.82544_Tm_38.41,CAACAGGGCTGAC
lassa-Ssegment-245seqs_alignment_nospace_1135_F_GC_0.54_avg_31.2359_std_5.76503_Tm_35.25,TGGACTCTCTCTG
lassa-Ssegment-245seqs_alignment_nospace_1185_R_GC_0.31_avg_31.7497_std_5.82544_Tm_25.79,ATCTTTTCCACTT
lassa-Ssegment-245seqs_alignment_nospace_1225_F_GC_0.38_avg_31.2359_std_5.76503_Tm_28.95,CAAAGAACAACAG
lassa-Ssegment-245seqs_alignment_nospace_1266_R_GC_0.38_avg_31.7497_std_5.82544_Tm_28.95,GGCAAAGAAGAAA
lassa-Ssegment-245seqs_alignment_nospace_1315_F_GC_0.54_avg_31.2359_std_5.76503_Tm_35.25,CATGCCAGTGTCA
lassa-Ssegment-245seqs_alignment_nospace_1348_R_GC_0.31_avg_31.7497_std_5.82544_Tm_25.79,GATTTGAATGATG
lassa-Ssegment-245seqs_alignment_nospace_1406_F_GC_0.46_avg_31.2359_std_5.76503_Tm_32.10,TCTGACTCGAGAT
lassa-Ssegment-245seqs_alignment_nospace_1430_R_GC_0.62_avg_31.7497_std_5.82544_Tm_38.41,GATGCTCAGGCTC
lassa-Ssegment-245seqs_alignment_nospace_1497_F_GC_0.46_avg_31.2359_std_5.76503_Tm_32.10,AAGGGAAAACACC
lassa-Ssegment-245seqs_alignment_nospace_1519_R_GC_0.46_avg_31.7497_std_5.82544_Tm_32.10,CAAGCATTGACAG
lassa-Ssegment-245seqs_alignment_nospace_1591_F_GC_0.62_avg_31.2359_std_5.76503_Tm_38.41,GCATGGTGCCGAA
lassa-Ssegment-245seqs_alignment_nospace_1609_R_GC_0.46_avg_31.7497_std_5.82544_Tm_32.10,AGGGCATTGTCAT
lassa-Ssegment-245seqs_alignment_nospace_1701_R_GC_0.62_avg_31.7497_std_5.82544_Tm_38.41,CTGCTCAACCTGG
lassa-Ssegment-245seqs_alignment_nospace_171_F_GC_0.23_avg_31.2359_std_5.76503_Tm_22.64,ATTCTTTCAAGAA
lassa-Ssegment-245seqs_alignment_nospace_175_F_GC_0.38_avg_31.2359_std_5.76503_Tm_28.95,TGGGACAAATAGT
lassa-Ssegment-245seqs_alignment_nospace_1784_F_GC_0.54_avg_31.2359_std_5.76503_Tm_35.25,TGTGGCTTCCCAT
lassa-Ssegment-245seqs_alignment_nospace_1794_R_GC_0.46_avg_31.7497_std_5.82544_Tm_32.10,TCATCTGTGCTTC
lassa-Ssegment-245seqs_alignment_nospace_180_F_GC_0.54_avg_31.2359_std_5.76503_Tm_35.25,GTCAGACTTGGCA
lassa-Ssegment-245seqs_alignment_nospace_185_F_GC_0.31_avg_31.2359_std_5.76503_Tm_25.79,GATAAATGACCAA
lassa-Ssegment-245seqs_alignment_nospace_1883_F_GC_0.38_avg_31.2359_std_5.76503_Tm_28.95,TGCATATGGCATA
lassa-Ssegment-245seqs_alignment_nospace_1890_R_GC_0.46_avg_31.7497_std_5.82544_Tm_32.10,CCTATTCTCAGCT
lassa-Ssegment-245seqs_alignment_nospace_190_F_GC_0.62_avg_31.2359_std_5.76503_Tm_38.41,ATGCTGGGGATGC
lassa-Ssegment-245seqs_alignment_nospace_195_F_GC_0.46_avg_31.2359_std_5.76503_Tm_32.10,AGAAGAGGTGATG
lassa-Ssegment-245seqs_alignment_nospace_1982_F_GC_0.38_avg_31.2359_std_5.76503_Tm_28.95,AACAAAGCAGTGA
lassa-Ssegment-245seqs_alignment_nospace_1987_R_GC_0.46_avg_31.7497_std_5.82544_Tm_32.10,CTCATCTCTTCCA
lassa-Ssegment-245seqs_alignment_nospace_200_F_GC_0.38_avg_31.2359_std_5.76503_Tm_28.95,ATATCATGGTTGG
lassa-Ssegment-245seqs_alignment_nospace_2083_F_GC_0.62_avg_31.2359_std_5.76503_Tm_38.41,GATGCAGCCAACC
lassa-Ssegment-245seqs_alignment_nospace_209_R_GC_0.38_avg_31.7497_std_5.82544_Tm_28.95,ATTCTGAAGGTCA
lassa-Ssegment-245seqs_alignment_nospace_2092_R_GC_0.54_avg_31.7497_std_5.82544_Tm_35.25,GGTTACTGCTCCA
lassa-Ssegment-245seqs_alignment_nospace_211_F_GC_0.62_avg_31.2359_std_5.76503_Tm_38.41,CCTTCACCTGGAC
lassa-Ssegment-245seqs_alignment_nospace_213_R_GC_0.31_avg_31.7497_std_5.82544_Tm_25.79,AGATAACCAATAG
lassa-Ssegment-245seqs_alignment_nospace_217_F_GC_0.46_avg_31.2359_std_5.76503_Tm_32.10,GTCCCAAACTGAT
lassa-Ssegment-245seqs_alignment_nospace_218_R_GC_0.54_avg_31.7497_std_5.82544_Tm_35.25,TGCAATCTGCAGG
lassa-Ssegment-245seqs_alignment_nospace_2191_F_GC_0.46_avg_31.2359_std_5.76503_Tm_32.10,TGCATGTGGCATA
lassa-Ssegment-245seqs_alignment_nospace_2198_R_GC_0.46_avg_31.7497_std_5.82544_Tm_32.10,TGCTCATTTGTGC
lassa-Ssegment-245seqs_alignment_nospace_223_F_GC_0.38_avg_31.2359_std_5.76503_Tm_28.95,CAATTCAAGTGTC
lassa-Ssegment-245seqs_alignment_nospace_223_R_GC_0.54_avg_31.7497_std_5.82544_Tm_35.25,GGCATGGTCATGT
lassa-Ssegment-245seqs_alignment_nospace_228_R_GC_0.38_avg_31.7497_std_5.82544_Tm_28.95,CAAAAGTCATCAG
lassa-Ssegment-245seqs_alignment_nospace_229_F_GC_0.23_avg_31.2359_std_5.76503_Tm_22.64,TAAATGATCAACT
lassa-Ssegment-245seqs_alignment_nospace_2299_F_GC_0.46_avg_31.2359_std_5.76503_Tm_32.10,GACCTCTTTGTGT
lassa-Ssegment-245seqs_alignment_nospace_2304_R_GC_0.31_avg_31.7497_std_5.82544_Tm_25.79,AAGAGGAAATAAC
lassa-Ssegment-245seqs_alignment_nospace_233_R_GC_0.23_avg_31.7497_std_5.82544_Tm_22.64,GTAAAGAAGAAAT
lassa-Ssegment-245seqs_alignment_nospace_235_F_GC_0.54_avg_31.2359_std_5.76503_Tm_35.25,GTCTCCAGCATGT
lassa-Ssegment-245seqs_alignment_nospace_238_R_GC_0.38_avg_31.7497_std_5.82544_Tm_28.95,TCTCTGTGATCAT
lassa-Ssegment-245seqs_alignment_nospace_241_F_GC_0.62_avg_31.2359_std_5.76503_Tm_38.41,ACCACTGTGGGAC
lassa-Ssegment-245seqs_alignment_nospace_2412_F_GC_0.38_avg_31.2359_std_5.76503_Tm_28.95,ACATTCACATGGA
lassa-Ssegment-245seqs_alignment_nospace_2412_R_GC_0.54_avg_31.7497_std_5.82544_Tm_35.25,TGACCAGTGCTGT
lassa-Ssegment-245seqs_alignment_nospace_243_R_GC_0.69_avg_31.7497_std_5.82544_Tm_41.56,GCTGCACAGCCAG
lassa-Ssegment-245seqs_alignment_nospace_248_F_GC_0.46_avg_31.2359_std_5.76503_Tm_32.10,TGCATATGGCACA
lassa-Ssegment-245seqs_alignment_nospace_249_R_GC_0.38_avg_31.7497_std_5.82544_Tm_28.95,TGACCTATTCTCA
lassa-Ssegment-245seqs_alignment_nospace_2525_R_GC_0.54_avg_31.7497_std_5.82544_Tm_35.25,AGAGGCATGGTCA
lassa-Ssegment-245seqs_alignment_nospace_2526_F_GC_0.31_avg_31.2359_std_5.76503_Tm_25.79,TAGTGACATTCTT
lassa-Ssegment-245seqs_alignment_nospace_255_F_GC_0.46_avg_31.2359_std_5.76503_Tm_32.10,CATGCTAGTGTCA
lassa-Ssegment-245seqs_alignment_nospace_255_R_GC_0.46_avg_31.7497_std_5.82544_Tm_32.10,TGGTTCTCTGTGA
lassa-Ssegment-245seqs_alignment_nospace_261_R_GC_0.54_avg_31.7497_std_5.82544_Tm_35.25,AGAACAGAGAGGC
lassa-Ssegment-245seqs_alignment_nospace_262_F_GC_0.38_avg_31.2359_std_5.76503_Tm_28.95,TGAGTACTTAGCA
lassa-Ssegment-245seqs_alignment_nospace_2641_F_GC_0.46_avg_31.2359_std_5.76503_Tm_32.10,GTCTCCAACATGT
lassa-Ssegment-245seqs_alignment_nospace_2653_R_GC_0.46_avg_31.7497_std_5.82544_Tm_32.10,ATCTTTCCCCCAT
lassa-Ssegment-245seqs_alignment_nospace_268_R_GC_0.46_avg_31.7497_std_5.82544_Tm_32.10,ACTGCTCCAACAT
lassa-Ssegment-245seqs_alignment_nospace_269_F_GC_0.54_avg_31.2359_std_5.76503_Tm_35.25,TCTGTGGTTTCCC
lassa-Ssegment-245seqs_alignment_nospace_275_R_GC_0.62_avg_31.7497_std_5.82544_Tm_38.41,GGCAGGTTGACCT
lassa-Ssegment-245seqs_alignment_nospace_276_F_GC_0.38_avg_31.2359_std_5.76503_Tm_28.95,ATAGAGGAAGTGA
lassa-Ssegment-245seqs_alignment_nospace_2782_R_GC_0.46_avg_31.7497_std_5.82544_Tm_32.10,TGGTCCTTTGTGA
lassa-Ssegment-245seqs_alignment_nospace_282_R_GC_0.46_avg_31.7497_std_5.82544_Tm_32.10,CTAGTTCTCTGTG
lassa-Ssegment-245seqs_alignment_nospace_2839_F_GC_0.46_avg_31.2359_std_5.76503_Tm_32.10,CATCAATCCCATG
lassa-Ssegment-245seqs_alignment_nospace_284_F_GC_0.31_avg_31.2359_std_5.76503_Tm_25.79,CAAAGAACAATAG
lassa-Ssegment-245seqs_alignment_nospace_290_R_GC_0.23_avg_31.7497_std_5.82544_Tm_22.64,TGAAATCAAAAGT
lassa-Ssegment-245seqs_alignment_nospace_292_F_GC_0.46_avg_31.2359_std_5.76503_Tm_32.10,TTTTTGGTTGCGC
lassa-Ssegment-245seqs_alignment_nospace_2929_R_GC_0.46_avg_31.7497_std_5.82544_Tm_32.10,AGAACAGAAAGGC
lassa-Ssegment-245seqs_alignment_nospace_298_R_GC_0.46_avg_31.7497_std_5.82544_Tm_32.10,GAGGCATAGTCAT
lassa-Ssegment-245seqs_alignment_nospace_300_F_GC_0.38_avg_31.2359_std_5.76503_Tm_28.95,AGCTGATCATGAA
lassa-Ssegment-245seqs_alignment_nospace_3038_F_GC_0.54_avg_31.2359_std_5.76503_Tm_35.25,GTCCCAACTCTCA
lassa-Ssegment-245seqs_alignment_nospace_306_R_GC_0.46_avg_31.7497_std_5.82544_Tm_32.10,TGAGTGCCTCAAA
lassa-Ssegment-245seqs_alignment_nospace_309_F_GC_0.54_avg_31.2359_std_5.76503_Tm_35.25,CATTGTGGCACAG
lassa-Ssegment-245seqs_alignment_nospace_3094_R_GC_0.38_avg_31.7497_std_5.82544_Tm_28.95,GCTTGTTGTTCAA
lassa-Ssegment-245seqs_alignment_nospace_314_R_GC_0.31_avg_31.7497_std_5.82544_Tm_25.79,CATTGAAATCACA
lassa-Ssegment-245seqs_alignment_nospace_318_F_GC_0.46_avg_31.2359_std_5.76503_Tm_32.10,TGTGCATGTGACA
lassa-Ssegment-245seqs_alignment_nospace_328_F_GC_0.54_avg_31.2359_std_5.76503_Tm_35.25,GCAGGTCATCTGA
lassa-Ssegment-245seqs_alignment_nospace_3280_R_GC_0.46_avg_31.7497_std_5.82544_Tm_32.10,AGACAATGGATGG
lassa-Ssegment-245seqs_alignment_nospace_331_R_GC_0.31_avg_31.7497_std_5.82544_Tm_25.79,ATCTCTTCCATTT
lassa-Ssegment-245seqs_alignment_nospace_338_F_GC_0.46_avg_31.2359_std_5.76503_Tm_32.10,TTTAGGATTGCGC
lassa-Ssegment-245seqs_alignment_nospace_341_R_GC_0.38_avg_31.7497_std_5.82544_Tm_28.95,CTCCTTATAGCTT
lassa-Ssegment-245seqs_alignment_nospace_3426_F_GC_0.38_avg_31.2359_std_5.76503_Tm_28.95,ATCCTAGGCATTT
lassa-Ssegment-245seqs_alignment_nospace_348_F_GC_0.46_avg_31.2359_std_5.76503_Tm_32.10,GTAATGAGACAGG
lassa-Ssegment-245seqs_alignment_nospace_351_R_GC_0.38_avg_31.7497_std_5.82544_Tm_28.95,ATCTCTTCCATCT
lassa-Ssegment-245seqs_alignment_nospace_359_F_GC_0.46_avg_31.2359_std_5.76503_Tm_32.10,CCCACTTTTTGTG
lassa-Ssegment-245seqs_alignment_nospace_361_R_GC_0.38_avg_31.7497_std_5.82544_Tm_28.95,ACTTTCAACCAGT
lassa-Ssegment-245seqs_alignment_nospace_3674_R_GC_0.46_avg_31.7497_std_5.82544_Tm_32.10,TATTGGATTGCGC
lassa-Ssegment-245seqs_alignment_nospace_370_F_GC_0.46_avg_31.2359_std_5.76503_Tm_32.10,CAAGGCAGTGAAT
lassa-Ssegment-245seqs_alignment_nospace_371_R_GC_0.46_avg_31.7497_std_5.82544_Tm_32.10,AGTGCTGTCATAG
lassa-Ssegment-245seqs_alignment_nospace_381_F_GC_0.31_avg_31.2359_std_5.76503_Tm_25.79,TTGATTGTCTCTA
lassa-Ssegment-245seqs_alignment_nospace_382_R_GC_0.38_avg_31.7497_std_5.82544_Tm_28.95,CAAACAATGGATG
lassa-Ssegment-245seqs_alignment_nospace_392_F_GC_0.38_avg_31.2359_std_5.76503_Tm_28.95,CATTTACATGGAC
lassa-Ssegment-245seqs_alignment_nospace_394_R_GC_0.46_avg_31.7497_std_5.82544_Tm_32.10,TGTACTGCACACT
lassa-Ssegment-245seqs_alignment_nospace_403_F_GC_0.46_avg_31.2359_std_5.76503_Tm_32.10,CCTCATGTGATAG
lassa-Ssegment-245seqs_alignment_nospace_407_R_GC_0.38_avg_31.7497_std_5.82544_Tm_28.95,TATCTCTTCCACT
lassa-Ssegment-245seqs_alignment_nospace_415_F_GC_0.62_avg_31.2359_std_5.76503_Tm_38.41,GGGGAAGACACCA
lassa-Ssegment-245seqs_alignment_nospace_420_R_GC_0.31_avg_31.7497_std_5.82544_Tm_25.79,AAGGTCATTAGAA
lassa-Ssegment-245seqs_alignment_nospace_427_F_GC_0.23_avg_31.2359_std_5.76503_Tm_22.64,TTGAACTGTTTTA
lassa-Ssegment-245seqs_alignment_nospace_434_R_GC_0.54_avg_31.7497_std_5.82544_Tm_35.25,TGACCAGTGCAGT
lassa-Ssegment-245seqs_alignment_nospace_440_F_GC_0.38_avg_31.2359_std_5.76503_Tm_28.95,TCTGATTCCAGAT
lassa-Ssegment-245seqs_alignment_nospace_448_R_GC_0.54_avg_31.7497_std_5.82544_Tm_35.25,GATGCTCAAGCTC
lassa-Ssegment-245seqs_alignment_nospace_453_F_GC_0.31_avg_31.2359_std_5.76503_Tm_25.79,TCTTCTTTTCAAC
lassa-Ssegment-245seqs_alignment_nospace_463_R_GC_0.38_avg_31.7497_std_5.82544_Tm_28.95,ATCCTCAAATCCA
lassa-Ssegment-245seqs_alignment_nospace_467_F_GC_0.54_avg_31.2359_std_5.76503_Tm_35.25,GCATGGTGCCAAA
lassa-Ssegment-245seqs_alignment_nospace_478_R_GC_0.54_avg_31.7497_std_5.82544_Tm_35.25,AGGGGCATTGTCA
lassa-Ssegment-245seqs_alignment_nospace_481_F_GC_0.31_avg_31.2359_std_5.76503_Tm_25.79,GATCTTTTTGTCT
lassa-Ssegment-245seqs_alignment_nospace_494_R_GC_0.31_avg_31.7497_std_5.82544_Tm_25.79,CATTAAAGTCACA
lassa-Ssegment-245seqs_alignment_nospace_495_F_GC_0.54_avg_31.2359_std_5.76503_Tm_35.25,AGCATGCAAGCTC
lassa-Ssegment-245seqs_alignment_nospace_510_R_GC_0.54_avg_31.7497_std_5.82544_Tm_35.25,TAACCCCTCACTG
lassa-Ssegment-245seqs_alignment_nospace_512_F_GC_0.54_avg_31.2359_std_5.76503_Tm_35.25,CCCCATCAAGCAT
lassa-Ssegment-245seqs_alignment_nospace_526_R_GC_0.38_avg_31.7497_std_5.82544_Tm_28.95,ATGGCATCTTGAA
lassa-Ssegment-245seqs_alignment_nospace_529_F_GC_0.54_avg_31.2359_std_5.76503_Tm_35.25,AGACTTGGCATGG
lassa-Ssegment-245seqs_alignment_nospace_545_R_GC_0.31_avg_31.7497_std_5.82544_Tm_25.79,CTATCTTTTCCAT
lassa-Ssegment-245seqs_alignment_nospace_548_F_GC_0.38_avg_31.2359_std_5.76503_Tm_28.95,CATCAATTCCATG
lassa-Ssegment-245seqs_alignment_nospace_564_R_GC_0.62_avg_31.7497_std_5.82544_Tm_38.41,AGTCGGCAGGGTT
lassa-Ssegment-245seqs_alignment_nospace_567_F_GC_0.46_avg_31.2359_std_5.76503_Tm_32.10,AGTCATCTGAGGT
lassa-Ssegment-245seqs_alignment_nospace_584_R_GC_0.69_avg_31.7497_std_5.82544_Tm_41.56,CCCGCACTGTGCT
lassa-Ssegment-245seqs_alignment_nospace_587_F_GC_0.54_avg_31.2359_std_5.76503_Tm_35.25,ACATCATGGTCGG
lassa-Ssegment-245seqs_alignment_nospace_604_R_GC_0.54_avg_31.7497_std_5.82544_Tm_35.25,GGCAGGTTGACTT
lassa-Ssegment-245seqs_alignment_nospace_608_F_GC_0.38_avg_31.2359_std_5.76503_Tm_28.95,TTTTTCCAGGAAG
lassa-Ssegment-245seqs_alignment_nospace_625_R_GC_0.31_avg_31.7497_std_5.82544_Tm_25.79,ATACTCATTTGTG
lassa-Ssegment-245seqs_alignment_nospace_630_F_GC_0.46_avg_31.2359_std_5.76503_Tm_32.10,ACATCAGTCGAAG
lassa-Ssegment-245seqs_alignment_nospace_647_R_GC_0.46_avg_31.7497_std_5.82544_Tm_32.10,GCGCTTTGCTTTT
lassa-Ssegment-245seqs_alignment_nospace_654_F_GC_0.31_avg_31.2359_std_5.76503_Tm_25.79,ACAAAGCAGTAAA
lassa-Ssegment-245seqs_alignment_nospace_669_R_GC_0.46_avg_31.7497_std_5.82544_Tm_32.10,TACAGGTGGTGAA
lassa-Ssegment-245seqs_alignment_nospace_678_F_GC_0.62_avg_31.2359_std_5.76503_Tm_38.41,GGGACCATTGCCA
lassa-Ssegment-245seqs_alignment_nospace_692_R_GC_0.46_avg_31.7497_std_5.82544_Tm_32.10,CTTTACAGTCAGC
lassa-Ssegment-245seqs_alignment_nospace_712_F_GC_0.54_avg_31.2359_std_5.76503_Tm_35.25,GCAATGAGACAGG
lassa-Ssegment-245seqs_alignment_nospace_716_R_GC_0.38_avg_31.7497_std_5.82544_Tm_28.95,TGGTTCTTTGTGA
lassa-Ssegment-245seqs_alignment_nospace_741_R_GC_0.46_avg_31.7497_std_5.82544_Tm_32.10,CATCTCAGTGATC
lassa-Ssegment-245seqs_alignment_nospace_748_F_GC_0.38_avg_31.2359_std_5.76503_Tm_28.95,CGCTTTTAGAGAT
lassa-Ssegment-245seqs_alignment_nospace_767_R_GC_0.38_avg_31.7497_std_5.82544_Tm_28.95,AACAAGGTCAAGT
lassa-Ssegment-245seqs_alignment_nospace_789_F_GC_0.38_avg_31.2359_std_5.76503_Tm_28.95,ACTGTTGCAAATG
lassa-Ssegment-245seqs_alignment_nospace_802_R_GC_0.62_avg_31.7497_std_5.82544_Tm_38.41,GTGGATCCTAGGC
lassa-Ssegment-245seqs_alignment_nospace_833_F_GC_0.54_avg_31.2359_std_5.76503_Tm_35.25,GCTGTAGATGCAG
lassa-Ssegment-245seqs_alignment_nospace_839_R_GC_0.31_avg_31.7497_std_5.82544_Tm_25.79,GTTATCATGTTGT
lassa-Ssegment-245seqs_alignment_nospace_893_R_GC_0.62_avg_31.7497_std_5.82544_Tm_38.41,GGACAGAAAGGCC
lassa-Ssegment-245seqs_alignment_nospace_901_F_GC_0.46_avg_31.2359_std_5.76503_Tm_32.10,GAAATGAGACTGG
lassa-Ssegment-245seqs_alignment_nospace_956_R_GC_0.46_avg_31.7497_std_5.82544_Tm_32.10,AGATAACCGATGG
lassa-Ssegment-245seqs_alignment_nospace_978_F_GC_0.23_avg_31.2359_std_5.76503_Tm_22.64,CTTATAATGAAGA
