marburg-66seqs_alignment_5617_F_GC_0.31_avg_28.0102_std_6.0116_Tm_25.79,CAAAAACAAGAGA
marburg-66seqs_alignment_5471_F_GC_0.23_avg_28.0102_std_6.0116_Tm_22.64,CATTAAGAAAAAG
marburg-66seqs_alignment_5398_F_GC_0.38_avg_28.0102_std_6.0116_Tm_28.95,ACTAGATTCTCAG
marburg-66seqs_alignment_5325_F_GC_0.46_avg_28.0102_std_6.0116_Tm_32.10,TCATCTTTCTGCC
marburg-66seqs_alignment_5252_F_GC_0.31_avg_28.0102_std_6.0116_Tm_25.79,AAGCTTTATGATC
marburg-66seqs_alignment_5179_F_GC_0.46_avg_28.0102_std_6.0116_Tm_32.10,ATGCATGTCAGTG
marburg-66seqs_alignment_5106_F_GC_0.38_avg_28.0102_std_6.0116_Tm_28.95,TTTGGAATAGCAG
marburg-66seqs_alignment_5033_F_GC_0.23_avg_28.0102_std_6.0116_Tm_22.64,TAAATATTGGACA
marburg-66seqs_alignment_4960_F_GC_0.15_avg_28.0102_std_6.0116_Tm_19.48,TGATTAAGAAAAA
marburg-66seqs_alignment_4887_F_GC_0.38_avg_28.0102_std_6.0116_Tm_28.95,CTGCAGAAATTGA
marburg-66seqs_alignment_4814_F_GC_0.31_avg_28.0102_std_6.0116_Tm_25.79,CGAAGAACATTAA
marburg-66seqs_alignment_4741_F_GC_0.15_avg_28.0102_std_6.0116_Tm_19.48,ACTTTATTAAAAC
marburg-66seqs_alignment_4669_F_GC_0.46_avg_28.0102_std_6.0116_Tm_32.10,GAAAAAGTCCCAG
marburg-66seqs_alignment_4597_F_GC_0.23_avg_28.0102_std_6.0116_Tm_22.64,AAGAAACCATATA
marburg-66seqs_alignment_4526_F_GC_0.46_avg_28.0102_std_6.0116_Tm_32.10,ACCTGATTGTTGC
marburg-66seqs_alignment_4455_F_GC_0.38_avg_28.0102_std_6.0116_Tm_28.95,AAAACCACACATG
marburg-66seqs_alignment_4384_F_GC_0.54_avg_28.0102_std_6.0116_Tm_35.25,ACATTGGCTGGTG
marburg-66seqs_alignment_4313_F_GC_0.31_avg_28.0102_std_6.0116_Tm_25.79,AGCATAAATCTTG
marburg-66seqs_alignment_4244_F_GC_0.38_avg_28.0102_std_6.0116_Tm_28.95,CAGTCTTTTTCTC
marburg-66seqs_alignment_4175_F_GC_0.38_avg_28.0102_std_6.0116_Tm_28.95,ACTTGATTCAGAG
marburg-66seqs_alignment_4107_F_GC_0.38_avg_28.0102_std_6.0116_Tm_28.95,TTGCTTTGAAGGA
marburg-66seqs_alignment_4040_F_GC_0.38_avg_28.0102_std_6.0116_Tm_28.95,TCCTCTTCTCAAT
marburg-66seqs_alignment_3974_F_GC_0.31_avg_28.0102_std_6.0116_Tm_25.79,GATGGGTTAATAA
marburg-66seqs_alignment_3908_F_GC_0.38_avg_28.0102_std_6.0116_Tm_28.95,CTTCCTAATATGC
marburg-66seqs_alignment_3846_F_GC_0.31_avg_28.0102_std_6.0116_Tm_25.79,ATACAGGTATTCA
marburg-66seqs_alignment_3784_F_GC_0.23_avg_28.0102_std_6.0116_Tm_22.64,TCAGATTTAACAT
marburg-66seqs_alignment_3660_F_GC_0.38_avg_28.0102_std_6.0116_Tm_28.95,GACAACAGATCAT
marburg-66seqs_alignment_3599_F_GC_0.38_avg_28.0102_std_6.0116_Tm_28.95,CTCTTTCTAAAGG
marburg-66seqs_alignment_3538_F_GC_0.31_avg_28.0102_std_6.0116_Tm_25.79,ATAGATCAAGTGT
marburg-66seqs_alignment_3477_F_GC_0.38_avg_28.0102_std_6.0116_Tm_28.95,CATTCCCTAGTAA
marburg-66seqs_alignment_3416_F_GC_0.15_avg_28.0102_std_6.0116_Tm_19.48,ACTATTAATTTAG
marburg-66seqs_alignment_3355_F_GC_0.15_avg_28.0102_std_6.0116_Tm_19.48,TAATATTGAACAA
marburg-66seqs_alignment_3295_F_GC_0.38_avg_28.0102_std_6.0116_Tm_28.95,TCCAGTGATAAGA
marburg-66seqs_alignment_3235_F_GC_0.38_avg_28.0102_std_6.0116_Tm_28.95,GCTTTACTTTCCT
marburg-66seqs_alignment_3175_F_GC_0.38_avg_28.0102_std_6.0116_Tm_28.95,TTTGAGAGAGGAA
marburg-66seqs_alignment_3115_F_GC_0.62_avg_28.0102_std_6.0116_Tm_38.41,GCTACTGAGCCCT
marburg-66seqs_alignment_3055_F_GC_0.15_avg_28.0102_std_6.0116_Tm_19.48,GTAGTTTAAATTT
marburg-66seqs_alignment_2995_F_GC_0.46_avg_28.0102_std_6.0116_Tm_32.10,CTTGAACTCAGTG
marburg-66seqs_alignment_2935_F_GC_0.31_avg_28.0102_std_6.0116_Tm_25.79,AGAATACTCCTTT
marburg-66seqs_alignment_2875_F_GC_0.38_avg_28.0102_std_6.0116_Tm_28.95,GTTTGAATGTCAG
marburg-66seqs_alignment_2815_F_GC_0.31_avg_28.0102_std_6.0116_Tm_25.79,ATCCTAAATGCAA
marburg-66seqs_alignment_2755_F_GC_0.38_avg_28.0102_std_6.0116_Tm_28.95,CTTGAAGACATAG
marburg-66seqs_alignment_2695_F_GC_0.46_avg_28.0102_std_6.0116_Tm_32.10,AATGGGAAGGACA
marburg-66seqs_alignment_2635_F_GC_0.46_avg_28.0102_std_6.0116_Tm_32.10,CTGATTATCCTCC
marburg-66seqs_alignment_2575_F_GC_0.31_avg_28.0102_std_6.0116_Tm_25.79,ATTGACATATCTG
marburg-66seqs_alignment_2515_F_GC_0.23_avg_28.0102_std_6.0116_Tm_22.64,CACATAATAATGT
marburg-66seqs_alignment_2455_F_GC_0.46_avg_28.0102_std_6.0116_Tm_32.10,TTGATCTTCCACC
marburg-66seqs_alignment_2395_F_GC_0.23_avg_28.0102_std_6.0116_Tm_22.64,ATGATTTATCTGA
marburg-66seqs_alignment_2335_F_GC_0.38_avg_28.0102_std_6.0116_Tm_28.95,AGCTAGTCAAGTA
marburg-66seqs_alignment_2275_F_GC_0.54_avg_28.0102_std_6.0116_Tm_35.25,CCTGATGCAAGGT
marburg-66seqs_alignment_2215_F_GC_0.62_avg_28.0102_std_6.0116_Tm_38.41,TGGTGATCCCCAG
marburg-66seqs_alignment_2155_F_GC_0.38_avg_28.0102_std_6.0116_Tm_28.95,CTTTCCTTTATCC
marburg-66seqs_alignment_2095_F_GC_0.23_avg_28.0102_std_6.0116_Tm_22.64,ATTATCAAGAGAA
marburg-66seqs_alignment_2035_F_GC_0.46_avg_28.0102_std_6.0116_Tm_32.10,CAATGACACAGAG
marburg-66seqs_alignment_1975_F_GC_0.38_avg_28.0102_std_6.0116_Tm_28.95,CCTGTTAGATTTC
marburg-66seqs_alignment_1915_F_GC_0.54_avg_28.0102_std_6.0116_Tm_35.25,GTGTGAGTGGCTT
marburg-66seqs_alignment_1856_F_GC_0.54_avg_28.0102_std_6.0116_Tm_35.25,GTGTCATGATCCC
marburg-66seqs_alignment_1798_F_GC_0.31_avg_28.0102_std_6.0116_Tm_25.79,GTGTTGAACATTA
marburg-66seqs_alignment_1740_F_GC_0.46_avg_28.0102_std_6.0116_Tm_32.10,CAACCCCAAAATG
marburg-66seqs_alignment_1685_F_GC_0.38_avg_28.0102_std_6.0116_Tm_28.95,TATGTGGGCAAAA
marburg-66seqs_alignment_1630_F_GC_0.38_avg_28.0102_std_6.0116_Tm_28.95,GGTCTATTTCAAC
marburg-66seqs_alignment_1520_F_GC_0.08_avg_28.0102_std_6.0116_Tm_16.33,AATCTATTTAAAA
marburg-66seqs_alignment_1466_F_GC_0.54_avg_28.0102_std_6.0116_Tm_35.25,GGGTGAATCCTTG
marburg-66seqs_alignment_1413_F_GC_0.31_avg_28.0102_std_6.0116_Tm_25.79,ATTTGTCAGATTC
marburg-66seqs_alignment_1361_F_GC_0.31_avg_28.0102_std_6.0116_Tm_25.79,AATTCTTACCTCT
marburg-66seqs_alignment_1309_F_GC_0.23_avg_28.0102_std_6.0116_Tm_22.64,ACATTTATCCTTA
marburg-66seqs_alignment_1258_F_GC_0.38_avg_28.0102_std_6.0116_Tm_28.95,ACAAAACATGACC
marburg-66seqs_alignment_1209_F_GC_0.23_avg_28.0102_std_6.0116_Tm_22.64,TTCAACTCTTATT
marburg-66seqs_alignment_1164_F_GC_0.38_avg_28.0102_std_6.0116_Tm_28.95,AAACACCACCAAT
marburg-66seqs_alignment_1121_F_GC_0.54_avg_28.0102_std_6.0116_Tm_35.25,CCCTCTACTCTGA
marburg-66seqs_alignment_1078_F_GC_0.23_avg_28.0102_std_6.0116_Tm_22.64,TTTTAGATACAAG
marburg-66seqs_alignment_1037_F_GC_0.38_avg_28.0102_std_6.0116_Tm_28.95,TCAACTCAACTGA
marburg-66seqs_alignment_996_F_GC_0.54_avg_28.0102_std_6.0116_Tm_35.25,TCTGATGCGGTCA
marburg-66seqs_alignment_956_F_GC_0.23_avg_28.0102_std_6.0116_Tm_22.64,TGAATATTCAAAC
marburg-66seqs_alignment_917_F_GC_0.54_avg_28.0102_std_6.0116_Tm_35.25,TCTGGAGAACAGG
marburg-66seqs_alignment_893_F_GC_0.08_avg_28.0102_std_6.0116_Tm_16.33,CAAATTTATTTAA
marburg-66seqs_alignment_874_F_GC_0.38_avg_28.0102_std_6.0116_Tm_28.95,CCTCTAGATATTC
marburg-66seqs_alignment_856_F_GC_0.23_avg_28.0102_std_6.0116_Tm_22.64,AATTTCTCTTATC
marburg-66seqs_alignment_840_F_GC_0.54_avg_28.0102_std_6.0116_Tm_35.25,CAACCCTTATCGC
marburg-66seqs_alignment_825_F_GC_0.54_avg_28.0102_std_6.0116_Tm_35.25,GGTTTGCTGACGT
marburg-66seqs_alignment_810_F_GC_0.23_avg_28.0102_std_6.0116_Tm_22.64,TTTAGTATCCTAT
marburg-66seqs_alignment_795_F_GC_0.15_avg_28.0102_std_6.0116_Tm_19.48,TATTTGTCAAATT
marburg-66seqs_alignment_781_F_GC_0.38_avg_28.0102_std_6.0116_Tm_28.95,TGTGAATGGCTTT
marburg-66seqs_alignment_767_F_GC_0.23_avg_28.0102_std_6.0116_Tm_22.64,AGCAATAATTGAT
marburg-66seqs_alignment_754_F_GC_0.46_avg_28.0102_std_6.0116_Tm_32.10,AGCTGGATACCAT
marburg-66seqs_alignment_741_F_GC_0.46_avg_28.0102_std_6.0116_Tm_32.10,TTTCCTTGGAGCA
marburg-66seqs_alignment_728_F_GC_0.23_avg_28.0102_std_6.0116_Tm_22.64,TTTCACATTTGAT
marburg-66seqs_alignment_715_F_GC_0.31_avg_28.0102_std_6.0116_Tm_25.79,TCAGAACTCATAA
marburg-66seqs_alignment_702_F_GC_0.54_avg_28.0102_std_6.0116_Tm_35.25,ATCACCCCAGTTG
marburg-66seqs_alignment_689_F_GC_0.31_avg_28.0102_std_6.0116_Tm_25.79,ATTACCCTAAATG
marburg-66seqs_alignment_676_F_GC_0.31_avg_28.0102_std_6.0116_Tm_25.79,TCCCAATGATTAT
marburg-66seqs_alignment_663_F_GC_0.15_avg_28.0102_std_6.0116_Tm_19.48,CATAATTTTAGAT
marburg-66seqs_alignment_650_F_GC_0.62_avg_28.0102_std_6.0116_Tm_38.41,AAAGGGGGCCGAT
marburg-66seqs_alignment_637_F_GC_0.23_avg_28.0102_std_6.0116_Tm_22.64,GTTTTAGAAATTG
marburg-66seqs_alignment_624_F_GC_0.54_avg_28.0102_std_6.0116_Tm_35.25,GATTCCCAGGAAC
marburg-66seqs_alignment_611_F_GC_0.46_avg_28.0102_std_6.0116_Tm_32.10,ATACAATCCCCCT
marburg-66seqs_alignment_598_F_GC_0.31_avg_28.0102_std_6.0116_Tm_25.79,AACTCACAGAAAT
marburg-66seqs_alignment_585_F_GC_0.31_avg_28.0102_std_6.0116_Tm_25.79,TATTTCAACTCAG
marburg-66seqs_alignment_572_F_GC_0.23_avg_28.0102_std_6.0116_Tm_22.64,TCATATTATAAGG
marburg-66seqs_alignment_559_F_GC_0.62_avg_28.0102_std_6.0116_Tm_38.41,TGTCATGGCCCCA
marburg-66seqs_alignment_546_F_GC_0.23_avg_28.0102_std_6.0116_Tm_22.64,TCTAACTATTCAA
marburg-66seqs_alignment_533_F_GC_0.23_avg_28.0102_std_6.0116_Tm_22.64,ACCAATAATGATA
marburg-66seqs_alignment_520_F_GC_0.15_avg_28.0102_std_6.0116_Tm_19.48,ATTCAAAGATAAT
marburg-66seqs_alignment_507_F_GC_0.08_avg_28.0102_std_6.0116_Tm_16.33,TCTTTAAAAATTA
marburg-66seqs_alignment_494_F_GC_0.31_avg_28.0102_std_6.0116_Tm_25.79,CCTTTATCCTAAT
marburg-66seqs_alignment_481_F_GC_0.23_avg_28.0102_std_6.0116_Tm_22.64,AAACATTAAATGG
marburg-66seqs_alignment_468_F_GC_0.15_avg_28.0102_std_6.0116_Tm_19.48,AGATATTTATTCT
marburg-66seqs_alignment_455_F_GC_0.31_avg_28.0102_std_6.0116_Tm_25.79,AAGGATATTGAGA
marburg-66seqs_alignment_442_F_GC_0.31_avg_28.0102_std_6.0116_Tm_25.79,GTTTGGCTTTATT
marburg-66seqs_alignment_429_F_GC_0.54_avg_28.0102_std_6.0116_Tm_35.25,CCTTCTGAGTGTC
marburg-66seqs_alignment_416_F_GC_0.31_avg_28.0102_std_6.0116_Tm_25.79,GACAAAATGTCAA
marburg-66seqs_alignment_403_F_GC_0.31_avg_28.0102_std_6.0116_Tm_25.79,TTGAGTCTAAATG
marburg-66seqs_alignment_390_F_GC_0.38_avg_28.0102_std_6.0116_Tm_28.95,GGTCGAAGATAAT
marburg-66seqs_alignment_377_F_GC_0.15_avg_28.0102_std_6.0116_Tm_19.48,GTAAATTTAATCA
marburg-66seqs_alignment_364_F_GC_0.46_avg_28.0102_std_6.0116_Tm_32.10,AGACACGGCATAT
marburg-66seqs_alignment_351_F_GC_0.31_avg_28.0102_std_6.0116_Tm_25.79,ATGATGATTTGTC
marburg-66seqs_alignment_338_F_GC_0.38_avg_28.0102_std_6.0116_Tm_28.95,CTCCATTATATGC
marburg-66seqs_alignment_325_F_GC_0.31_avg_28.0102_std_6.0116_Tm_25.79,TTGTAAGACTTGT
marburg-66seqs_alignment_312_F_GC_0.46_avg_28.0102_std_6.0116_Tm_32.10,AGCCCTTTGTCTA
marburg-66seqs_alignment_299_F_GC_0.15_avg_28.0102_std_6.0116_Tm_19.48,AAAATATTAAGAC
marburg-66seqs_alignment_286_F_GC_0.62_avg_28.0102_std_6.0116_Tm_38.41,TGAGCCACCCTCA
marburg-66seqs_alignment_273_F_GC_0.38_avg_28.0102_std_6.0116_Tm_28.95,TCATGTCACTTCT
marburg-66seqs_alignment_260_F_GC_0.15_avg_28.0102_std_6.0116_Tm_19.48,AAAATACTATCAA
marburg-66seqs_alignment_248_F_GC_0.31_avg_28.0102_std_6.0116_Tm_25.79,TAATATGGGGTTT
marburg-66seqs_alignment_236_F_GC_0.38_avg_28.0102_std_6.0116_Tm_28.95,TGATGGTTGTTAC
marburg-66seqs_alignment_224_F_GC_0.54_avg_28.0102_std_6.0116_Tm_35.25,ACACACAGAGCAC
marburg-66seqs_alignment_212_F_GC_0.23_avg_28.0102_std_6.0116_Tm_22.64,ATCAATTAAGAAC
marburg-66seqs_alignment_201_F_GC_0.46_avg_28.0102_std_6.0116_Tm_32.10,TCAGGTGTTTGGT
marburg-66seqs_alignment_190_F_GC_0.38_avg_28.0102_std_6.0116_Tm_28.95,ATCATTGTGCCTT
marburg-66seqs_alignment_179_F_GC_0.38_avg_28.0102_std_6.0116_Tm_28.95,TACACAGGTATTC
marburg-66seqs_alignment_168_F_GC_0.46_avg_28.0102_std_6.0116_Tm_32.10,TTGTTGAGACCCT
marburg-66seqs_alignment_157_F_GC_0.31_avg_28.0102_std_6.0116_Tm_25.79,AAAACATGACCAA
marburg-66seqs_alignment_146_F_GC_0.38_avg_28.0102_std_6.0116_Tm_28.95,AGTAGTGCAGAAA
marburg-66seqs_alignment_136_F_GC_0.54_avg_28.0102_std_6.0116_Tm_35.25,CTTTCCAAAGGGC
marburg-66seqs_alignment_127_F_GC_0.23_avg_28.0102_std_6.0116_Tm_22.64,AACATAGAAAACA
marburg-66seqs_alignment_118_F_GC_0.15_avg_28.0102_std_6.0116_Tm_19.48,ATATAATTACTCA
marburg-66seqs_alignment_111_F_GC_0.38_avg_28.0102_std_6.0116_Tm_28.95,GAGCTTTATCCTT
marburg-66seqs_alignment_104_F_GC_0.62_avg_28.0102_std_6.0116_Tm_38.41,GGAAGGCGACATG
marburg-66seqs_alignment_97_F_GC_0.31_avg_28.0102_std_6.0116_Tm_25.79,CTAAGTAAACTCA
marburg-66seqs_alignment_90_F_GC_0.38_avg_28.0102_std_6.0116_Tm_28.95,TCTGCATAAGAAG
marburg-66seqs_alignment_83_F_GC_0.31_avg_28.0102_std_6.0116_Tm_25.79,AATTGCTTATTCC
marburg-66seqs_alignment_70_F_GC_0.23_avg_28.0102_std_6.0116_Tm_22.64,TCACAAAAACAAT
marburg-66seqs_alignment_64_F_GC_0.31_avg_28.0102_std_6.0116_Tm_25.79,AGATCAAGAATTG
marburg-66seqs_alignment_58_F_GC_0.46_avg_28.0102_std_6.0116_Tm_32.10,CTCAGTTGGATAC
marburg-66seqs_alignment_53_F_GC_0.38_avg_28.0102_std_6.0116_Tm_28.95,GATAGCTAGTAAC
marburg-66seqs_alignment_48_F_GC_0.31_avg_28.0102_std_6.0116_Tm_25.79,AGACCATCTTAAT
marburg-66seqs_alignment_43_F_GC_0.46_avg_28.0102_std_6.0116_Tm_32.10,CCAAAACTTGTCG
marburg-66seqs_alignment_39_F_GC_0.08_avg_28.0102_std_6.0116_Tm_16.33,AAATAGTATAAAT
marburg-66seqs_alignment_35_F_GC_0.38_avg_28.0102_std_6.0116_Tm_28.95,CATGACTTGATTC
marburg-66seqs_alignment_31_F_GC_0.38_avg_28.0102_std_6.0116_Tm_28.95,TACCGGAACATAA
marburg-66seqs_alignment_27_F_GC_0.46_avg_28.0102_std_6.0116_Tm_32.10,GGCTCTCAAAAGA
marburg-66seqs_alignment_24_F_GC_0.54_avg_28.0102_std_6.0116_Tm_35.25,TGGGGAACAGGAA
marburg-66seqs_alignment_22_F_GC_0.54_avg_28.0102_std_6.0116_Tm_35.25,ACCCGATTGTTGC
marburg-66seqs_alignment_5552_R_GC_0.31_avg_27.5161_std_6.11089_Tm_25.79,TGTTTTGTGTTAC
marburg-66seqs_alignment_5406_R_GC_0.15_avg_27.5161_std_6.11089_Tm_19.48,TAATTCTTTTCTA
marburg-66seqs_alignment_5320_R_GC_0.54_avg_27.5161_std_6.11089_Tm_35.25,CTTGCACGTGGAT
marburg-66seqs_alignment_5247_R_GC_0.15_avg_27.5161_std_6.11089_Tm_19.48,TTACACTTATATT
marburg-66seqs_alignment_5174_R_GC_0.23_avg_27.5161_std_6.11089_Tm_22.64,TTGTTATACATTG
marburg-66seqs_alignment_5028_R_GC_0.54_avg_27.5161_std_6.11089_Tm_35.25,GACCTGTCACCAA
marburg-66seqs_alignment_4955_R_GC_0.62_avg_27.5161_std_6.11089_Tm_38.41,CCTTGAGTCACCC
marburg-66seqs_alignment_4882_R_GC_0.46_avg_27.5161_std_6.11089_Tm_32.10,AGCTGAGGATAGA
marburg-66seqs_alignment_4809_R_GC_0.08_avg_27.5161_std_6.11089_Tm_16.33,TTATTATTCTATT
marburg-66seqs_alignment_4736_R_GC_0.23_avg_27.5161_std_6.11089_Tm_22.64,TCATTTACAACAT
marburg-66seqs_alignment_4663_R_GC_0.54_avg_27.5161_std_6.11089_Tm_35.25,CTGTCCCAACACT
marburg-66seqs_alignment_4590_R_GC_0.31_avg_27.5161_std_6.11089_Tm_25.79,CTCTCCAATAATT
marburg-66seqs_alignment_4517_R_GC_0.46_avg_27.5161_std_6.11089_Tm_32.10,CTGCATCACAATC
marburg-66seqs_alignment_4444_R_GC_0.15_avg_27.5161_std_6.11089_Tm_19.48,GATTATATTACTA
marburg-66seqs_alignment_4371_R_GC_0.38_avg_27.5161_std_6.11089_Tm_28.95,AGTGTTTGGACAT
marburg-66seqs_alignment_4298_R_GC_0.31_avg_27.5161_std_6.11089_Tm_25.79,GATTAATTGCATC
marburg-66seqs_alignment_4225_R_GC_0.31_avg_27.5161_std_6.11089_Tm_25.79,GAAATGTTTAGTG
marburg-66seqs_alignment_4152_R_GC_0.54_avg_27.5161_std_6.11089_Tm_35.25,ACCCTCTTTGTCC
marburg-66seqs_alignment_4080_R_GC_0.31_avg_27.5161_std_6.11089_Tm_25.79,CAAATGGATCATT
marburg-66seqs_alignment_4008_R_GC_0.54_avg_27.5161_std_6.11089_Tm_35.25,GCCTGAGCATTCT
marburg-66seqs_alignment_3936_R_GC_0.62_avg_27.5161_std_6.11089_Tm_38.41,CCTTGTCCTTGCC
marburg-66seqs_alignment_3864_R_GC_0.31_avg_27.5161_std_6.11089_Tm_25.79,TGATTATCCTCAT
marburg-66seqs_alignment_3793_R_GC_0.38_avg_27.5161_std_6.11089_Tm_28.95,CTTTTCCAGTCAT
marburg-66seqs_alignment_3723_R_GC_0.54_avg_27.5161_std_6.11089_Tm_35.25,GTATTGGGGAGCA
marburg-66seqs_alignment_3584_R_GC_0.23_avg_27.5161_std_6.11089_Tm_22.64,TCATCATAATATG
marburg-66seqs_alignment_3517_R_GC_0.38_avg_27.5161_std_6.11089_Tm_28.95,AGGGAGAGTTTTT
marburg-66seqs_alignment_3453_R_GC_0.23_avg_27.5161_std_6.11089_Tm_22.64,CTAATAAAAACAC
marburg-66seqs_alignment_3390_R_GC_0.31_avg_27.5161_std_6.11089_Tm_25.79,AGTAAGAAGTCAA
marburg-66seqs_alignment_3328_R_GC_0.46_avg_27.5161_std_6.11089_Tm_32.10,ACTCTGCCTAATC
marburg-66seqs_alignment_3267_R_GC_0.31_avg_27.5161_std_6.11089_Tm_25.79,CTATCAAAACAAG
marburg-66seqs_alignment_3206_R_GC_0.54_avg_27.5161_std_6.11089_Tm_35.25,GCTTGTTGGGCAA
marburg-66seqs_alignment_3145_R_GC_0.31_avg_27.5161_std_6.11089_Tm_25.79,AGGATTCACTTAA
marburg-66seqs_alignment_3085_R_GC_0.15_avg_27.5161_std_6.11089_Tm_19.48,AACAGTTAATTAT
marburg-66seqs_alignment_3025_R_GC_0.38_avg_27.5161_std_6.11089_Tm_28.95,ATTCTTCACACCA
marburg-66seqs_alignment_2965_R_GC_0.38_avg_27.5161_std_6.11089_Tm_28.95,TCTGAGATTCAGT
marburg-66seqs_alignment_2905_R_GC_0.38_avg_27.5161_std_6.11089_Tm_28.95,AACTTGCTGTAAG
marburg-66seqs_alignment_2845_R_GC_0.46_avg_27.5161_std_6.11089_Tm_32.10,GATAACCCTCCTA
marburg-66seqs_alignment_2785_R_GC_0.15_avg_27.5161_std_6.11089_Tm_19.48,ATAATGATTCTTT
marburg-66seqs_alignment_2725_R_GC_0.38_avg_27.5161_std_6.11089_Tm_28.95,CTTAGAGGTACAA
marburg-66seqs_alignment_2665_R_GC_0.23_avg_27.5161_std_6.11089_Tm_22.64,CTTAATTTCATCA
marburg-66seqs_alignment_2605_R_GC_0.62_avg_27.5161_std_6.11089_Tm_38.41,CATGTTCCTCCCC
marburg-66seqs_alignment_2545_R_GC_0.31_avg_27.5161_std_6.11089_Tm_25.79,TACGACAAATACA
marburg-66seqs_alignment_2485_R_GC_0.15_avg_27.5161_std_6.11089_Tm_19.48,ACTTTAATATATC
marburg-66seqs_alignment_2425_R_GC_0.46_avg_27.5161_std_6.11089_Tm_32.10,GCAAGTTGTAACG
marburg-66seqs_alignment_2365_R_GC_0.38_avg_27.5161_std_6.11089_Tm_28.95,TACCTCTCAATGA
marburg-66seqs_alignment_2305_R_GC_0.38_avg_27.5161_std_6.11089_Tm_28.95,ATACAGCAGTGTT
marburg-66seqs_alignment_2245_R_GC_0.23_avg_27.5161_std_6.11089_Tm_22.64,ACTATTAAGTTAG
marburg-66seqs_alignment_2185_R_GC_0.15_avg_27.5161_std_6.11089_Tm_19.48,AAGATATATTTTG
marburg-66seqs_alignment_2125_R_GC_0.31_avg_27.5161_std_6.11089_Tm_25.79,AAATGAAGTTCTC
marburg-66seqs_alignment_2066_R_GC_0.62_avg_27.5161_std_6.11089_Tm_38.41,TGAGTGGGTGTGC
marburg-66seqs_alignment_2007_R_GC_0.31_avg_27.5161_std_6.11089_Tm_25.79,ACGGTTCTATAAT
marburg-66seqs_alignment_1948_R_GC_0.62_avg_27.5161_std_6.11089_Tm_38.41,TTGGTCTTGCGGG
marburg-66seqs_alignment_1889_R_GC_0.38_avg_27.5161_std_6.11089_Tm_28.95,GCTCAATTTCATG
marburg-66seqs_alignment_1830_R_GC_0.46_avg_27.5161_std_6.11089_Tm_32.10,GTTGGATTCGCAT
marburg-66seqs_alignment_1774_R_GC_0.08_avg_27.5161_std_6.11089_Tm_16.33,AGATTTTTATAAT
marburg-66seqs_alignment_1718_R_GC_0.46_avg_27.5161_std_6.11089_Tm_32.10,TCCTCATCATCAC
marburg-66seqs_alignment_1663_R_GC_0.23_avg_27.5161_std_6.11089_Tm_22.64,TTATACAACATTC
marburg-66seqs_alignment_1610_R_GC_0.38_avg_27.5161_std_6.11089_Tm_28.95,TCGACAATTTTCG
marburg-66seqs_alignment_1557_R_GC_0.46_avg_27.5161_std_6.11089_Tm_32.10,TGAGAGTCAGTTG
marburg-66seqs_alignment_1504_R_GC_0.23_avg_27.5161_std_6.11089_Tm_22.64,CTTTAAATTAACC
marburg-66seqs_alignment_1451_R_GC_0.54_avg_27.5161_std_6.11089_Tm_35.25,GCAGACATTCCCT
marburg-66seqs_alignment_1399_R_GC_0.62_avg_27.5161_std_6.11089_Tm_38.41,AAGGGTCCACACC
marburg-66seqs_alignment_1348_R_GC_0.46_avg_27.5161_std_6.11089_Tm_32.10,AGTCATACGGCAA
marburg-66seqs_alignment_1299_R_GC_0.23_avg_27.5161_std_6.11089_Tm_22.64,CATGCTAATTTAA
marburg-66seqs_alignment_1251_R_GC_0.38_avg_27.5161_std_6.11089_Tm_28.95,TCACTTGTCATCA
marburg-66seqs_alignment_1208_R_GC_0.38_avg_27.5161_std_6.11089_Tm_28.95,CAAAACTGAGCAA
marburg-66seqs_alignment_1166_R_GC_0.31_avg_27.5161_std_6.11089_Tm_25.79,AAGTCGTTAATGA
marburg-66seqs_alignment_1124_R_GC_0.31_avg_27.5161_std_6.11089_Tm_25.79,CAATAATCACTGT
marburg-66seqs_alignment_1082_R_GC_0.46_avg_27.5161_std_6.11089_Tm_32.10,TGTTGAGTAGTCG
marburg-66seqs_alignment_1044_R_GC_0.23_avg_27.5161_std_6.11089_Tm_22.64,GTTGTCAATAAAT
marburg-66seqs_alignment_1006_R_GC_0.38_avg_27.5161_std_6.11089_Tm_28.95,AAATACTCCTTCC
marburg-66seqs_alignment_968_R_GC_0.31_avg_27.5161_std_6.11089_Tm_25.79,CTAAATAGTTACC
marburg-66seqs_alignment_930_R_GC_0.38_avg_27.5161_std_6.11089_Tm_28.95,TCAGAGTGGATAA
marburg-66seqs_alignment_893_R_GC_0.31_avg_27.5161_std_6.11089_Tm_25.79,ATAGCAATTTTGC
marburg-66seqs_alignment_868_R_GC_0.31_avg_27.5161_std_6.11089_Tm_25.79,ATACAAGATGTTG
marburg-66seqs_alignment_846_R_GC_0.23_avg_27.5161_std_6.11089_Tm_22.64,ACTTTGTATTAAG
marburg-66seqs_alignment_824_R_GC_0.38_avg_27.5161_std_6.11089_Tm_28.95,GAACCTTGAAGAT
marburg-66seqs_alignment_804_R_GC_0.15_avg_27.5161_std_6.11089_Tm_19.48,TATCTATGTTATA
marburg-66seqs_alignment_784_R_GC_0.38_avg_27.5161_std_6.11089_Tm_28.95,ACTGATCATCTAG
marburg-66seqs_alignment_765_R_GC_0.31_avg_27.5161_std_6.11089_Tm_25.79,ATCATTGTCCTTT
marburg-66seqs_alignment_747_R_GC_0.38_avg_27.5161_std_6.11089_Tm_28.95,ATAAGGTCCTCAT
marburg-66seqs_alignment_732_R_GC_0.31_avg_27.5161_std_6.11089_Tm_25.79,ATTCTGTCATAGT
marburg-66seqs_alignment_718_R_GC_0.46_avg_27.5161_std_6.11089_Tm_32.10,AGATCCTCAAAGC
marburg-66seqs_alignment_704_R_GC_0.23_avg_27.5161_std_6.11089_Tm_22.64,ACTGAAATTATTG
marburg-66seqs_alignment_691_R_GC_0.38_avg_27.5161_std_6.11089_Tm_28.95,AAGTTGTAACGTG
marburg-66seqs_alignment_678_R_GC_0.46_avg_27.5161_std_6.11089_Tm_32.10,CCTGAGAATCAGT
marburg-66seqs_alignment_665_R_GC_0.31_avg_27.5161_std_6.11089_Tm_25.79,ATACCAAAAAGAG
marburg-66seqs_alignment_652_R_GC_0.54_avg_27.5161_std_6.11089_Tm_35.25,CCTTGCATGTTCC
marburg-66seqs_alignment_639_R_GC_0.23_avg_27.5161_std_6.11089_Tm_22.64,CTTTAATCATGAT
marburg-66seqs_alignment_626_R_GC_0.23_avg_27.5161_std_6.11089_Tm_22.64,TCATTGTAATACT
marburg-66seqs_alignment_613_R_GC_0.31_avg_27.5161_std_6.11089_Tm_25.79,TTAGTGAAGATAC
marburg-66seqs_alignment_600_R_GC_0.23_avg_27.5161_std_6.11089_Tm_22.64,CCTATTGTATTTT
marburg-66seqs_alignment_587_R_GC_0.46_avg_27.5161_std_6.11089_Tm_32.10,CTTGGTTTCCTTC
marburg-66seqs_alignment_574_R_GC_0.31_avg_27.5161_std_6.11089_Tm_25.79,ATACTGCTCATAA
marburg-66seqs_alignment_561_R_GC_0.08_avg_27.5161_std_6.11089_Tm_16.33,TAACAATAATTAT
marburg-66seqs_alignment_548_R_GC_0.62_avg_27.5161_std_6.11089_Tm_38.41,CTCCCCCTTTGAG
marburg-66seqs_alignment_535_R_GC_0.46_avg_27.5161_std_6.11089_Tm_32.10,AACTTTTGGCTGG
marburg-66seqs_alignment_509_R_GC_0.38_avg_27.5161_std_6.11089_Tm_28.95,CGTACTGCAATAA
marburg-66seqs_alignment_496_R_GC_0.46_avg_27.5161_std_6.11089_Tm_32.10,AGTACTGAGGTTG
marburg-66seqs_alignment_483_R_GC_0.31_avg_27.5161_std_6.11089_Tm_25.79,TTTTTAACACCGT
marburg-66seqs_alignment_470_R_GC_0.23_avg_27.5161_std_6.11089_Tm_22.64,TATTAGATTAGCT
marburg-66seqs_alignment_457_R_GC_0.31_avg_27.5161_std_6.11089_Tm_25.79,ACCCAATTATCTT
marburg-66seqs_alignment_444_R_GC_0.23_avg_27.5161_std_6.11089_Tm_22.64,GTAAATAAATGAG
marburg-66seqs_alignment_431_R_GC_0.46_avg_27.5161_std_6.11089_Tm_32.10,TTCTCCGGGTTTA
marburg-66seqs_alignment_418_R_GC_0.15_avg_27.5161_std_6.11089_Tm_19.48,TATTGAAGAATAT
marburg-66seqs_alignment_405_R_GC_0.23_avg_27.5161_std_6.11089_Tm_22.64,TCATATCTATTAC
marburg-66seqs_alignment_392_R_GC_0.38_avg_27.5161_std_6.11089_Tm_28.95,ACCATTTATCACG
marburg-66seqs_alignment_379_R_GC_0.15_avg_27.5161_std_6.11089_Tm_19.48,ATAAACTTAAAGA
marburg-66seqs_alignment_366_R_GC_0.23_avg_27.5161_std_6.11089_Tm_22.64,AAGTCAATCATTA
marburg-66seqs_alignment_353_R_GC_0.23_avg_27.5161_std_6.11089_Tm_22.64,CTACTTGAATTTA
marburg-66seqs_alignment_340_R_GC_0.31_avg_27.5161_std_6.11089_Tm_25.79,CTCTTAATCTCAT
marburg-66seqs_alignment_327_R_GC_0.31_avg_27.5161_std_6.11089_Tm_25.79,GAATACTTAAGCA
marburg-66seqs_alignment_314_R_GC_0.23_avg_27.5161_std_6.11089_Tm_22.64,AAGATAAGGATTT
marburg-66seqs_alignment_301_R_GC_0.46_avg_27.5161_std_6.11089_Tm_32.10,CATTTCGCTTAGG
marburg-66seqs_alignment_288_R_GC_0.38_avg_27.5161_std_6.11089_Tm_28.95,ATAGAAACACAGG
marburg-66seqs_alignment_275_R_GC_0.31_avg_27.5161_std_6.11089_Tm_25.79,AATCTTCCCTTTA
marburg-66seqs_alignment_263_R_GC_0.23_avg_27.5161_std_6.11089_Tm_22.64,GCACAATTAAAAA
marburg-66seqs_alignment_251_R_GC_0.23_avg_27.5161_std_6.11089_Tm_22.64,CATTTTTAACCAT
marburg-66seqs_alignment_239_R_GC_0.38_avg_27.5161_std_6.11089_Tm_28.95,TTGCATCCAAAAG
marburg-66seqs_alignment_227_R_GC_0.15_avg_27.5161_std_6.11089_Tm_19.48,TTTTATCACTTAT
marburg-66seqs_alignment_215_R_GC_0.23_avg_27.5161_std_6.11089_Tm_22.64,TAAGATTGGAATA
marburg-66seqs_alignment_204_R_GC_0.31_avg_27.5161_std_6.11089_Tm_25.79,TCATATGGCAAAA
marburg-66seqs_alignment_193_R_GC_0.15_avg_27.5161_std_6.11089_Tm_19.48,ATTCTTAAAAAGT
marburg-66seqs_alignment_182_R_GC_0.38_avg_27.5161_std_6.11089_Tm_28.95,TATCGAAGTGGAT
marburg-66seqs_alignment_171_R_GC_0.31_avg_27.5161_std_6.11089_Tm_25.79,AGAATTGATTGCT
marburg-66seqs_alignment_160_R_GC_0.38_avg_27.5161_std_6.11089_Tm_28.95,GGTGTTGTTAGTA
marburg-66seqs_alignment_149_R_GC_0.38_avg_27.5161_std_6.11089_Tm_28.95,TCCTTCCAGTAAA
marburg-66seqs_alignment_138_R_GC_0.15_avg_27.5161_std_6.11089_Tm_19.48,GAATTGTTTATAA
marburg-66seqs_alignment_127_R_GC_0.15_avg_27.5161_std_6.11089_Tm_19.48,ATCAATAATGTTT
marburg-66seqs_alignment_116_R_GC_0.23_avg_27.5161_std_6.11089_Tm_22.64,TTATGAGCAATAA
marburg-66seqs_alignment_105_R_GC_0.38_avg_27.5161_std_6.11089_Tm_28.95,CCTTCATAGTCTA
marburg-66seqs_alignment_95_R_GC_0.54_avg_27.5161_std_6.11089_Tm_35.25,TAACCGTGCTGTG
marburg-66seqs_alignment_85_R_GC_0.54_avg_27.5161_std_6.11089_Tm_35.25,TCTCCTGAGAGTC
marburg-66seqs_alignment_78_R_GC_0.15_avg_27.5161_std_6.11089_Tm_19.48,CATAATATGATTT
marburg-66seqs_alignment_72_R_GC_0.31_avg_27.5161_std_6.11089_Tm_25.79,GAATTAAGACAAG
marburg-66seqs_alignment_66_R_GC_0.46_avg_27.5161_std_6.11089_Tm_32.10,CTTTGATGGTCGA
marburg-66seqs_alignment_60_R_GC_0.31_avg_27.5161_std_6.11089_Tm_25.79,TAAGACCGATAAA
marburg-66seqs_alignment_55_R_GC_0.46_avg_27.5161_std_6.11089_Tm_32.10,TGAAACCATCCAC
marburg-66seqs_alignment_50_R_GC_0.31_avg_27.5161_std_6.11089_Tm_25.79,ATTTTTGTGCTGA
marburg-66seqs_alignment_46_R_GC_0.23_avg_27.5161_std_6.11089_Tm_22.64,ATAACGTAGTTTT
marburg-66seqs_alignment_42_R_GC_0.31_avg_27.5161_std_6.11089_Tm_25.79,CTATCTCATTTGA
marburg-66seqs_alignment_38_R_GC_0.31_avg_27.5161_std_6.11089_Tm_25.79,ATCCTTCAAGATT
marburg-66seqs_alignment_34_R_GC_0.15_avg_27.5161_std_6.11089_Tm_19.48,TTGAATTAAGATA
marburg-66seqs_alignment_30_R_GC_0.31_avg_27.5161_std_6.11089_Tm_25.79,TTGTTGCATGTAT
marburg-66seqs_alignment_27_R_GC_0.38_avg_27.5161_std_6.11089_Tm_28.95,TATTAGGGAGCAT
marburg-66seqs_alignment_24_R_GC_0.54_avg_27.5161_std_6.11089_Tm_35.25,TGAGGTCCTCATC
marburg-66seqs_alignment_21_R_GC_0.31_avg_27.5161_std_6.11089_Tm_25.79,ATCAAAGATAGAG
marburg-66seqs_alignment_19_R_GC_0.54_avg_27.5161_std_6.11089_Tm_35.25,CGCGCATATTGAG
