measles_92seqs_alignment_5825_F_GC_0.54_avg_32.9504_std_6.42464_Tm_35.25,ACAAGTCGGCATG
measles_92seqs_alignment_5651_F_GC_0.46_avg_32.9504_std_6.42464_Tm_32.10,GGCCACACTTTTA
measles_92seqs_alignment_5549_F_GC_0.38_avg_32.9504_std_6.42464_Tm_28.95,GCAAATGAGACAA
measles_92seqs_alignment_5457_F_GC_0.69_avg_32.9504_std_6.42464_Tm_41.56,TTGCTGCAGGGGG
measles_92seqs_alignment_5365_F_GC_0.54_avg_32.9504_std_6.42464_Tm_35.25,TCCTCTACAGGGA
measles_92seqs_alignment_5273_F_GC_0.23_avg_32.9504_std_6.42464_Tm_22.64,AAAAACTTAGGAA
measles_92seqs_alignment_5181_F_GC_0.46_avg_32.9504_std_6.42464_Tm_32.10,TGTGGATATTGGC
measles_92seqs_alignment_5089_F_GC_0.31_avg_32.9504_std_6.42464_Tm_25.79,CTTCACAATCAAT
measles_92seqs_alignment_4997_F_GC_0.23_avg_32.9504_std_6.42464_Tm_22.64,CAGATAATTGAAT
measles_92seqs_alignment_4905_F_GC_0.46_avg_32.9504_std_6.42464_Tm_32.10,GAAGGGTATTGTC
measles_92seqs_alignment_4813_F_GC_0.38_avg_32.9504_std_6.42464_Tm_28.95,CCATTAAAAAGGG
measles_92seqs_alignment_4721_F_GC_0.38_avg_32.9504_std_6.42464_Tm_28.95,TGCCCAATATAAC
measles_92seqs_alignment_4629_F_GC_0.46_avg_32.9504_std_6.42464_Tm_32.10,AACTTAGGGTGCA
measles_92seqs_alignment_4537_F_GC_0.46_avg_32.9504_std_6.42464_Tm_32.10,ATGCTTCACATGG
measles_92seqs_alignment_4445_F_GC_0.54_avg_32.9504_std_6.42464_Tm_35.25,AAGGCAGAGGCTA
measles_92seqs_alignment_4353_F_GC_0.46_avg_32.9504_std_6.42464_Tm_32.10,ACACAACTGTGTG
measles_92seqs_alignment_4261_F_GC_0.46_avg_32.9504_std_6.42464_Tm_32.10,CAGAGTCCTACTT
measles_92seqs_alignment_4169_F_GC_0.31_avg_32.9504_std_6.42464_Tm_25.79,TATACAGAAATCC
measles_92seqs_alignment_4077_F_GC_0.46_avg_32.9504_std_6.42464_Tm_32.10,CCAGTCTTCACAT
measles_92seqs_alignment_3985_F_GC_0.54_avg_32.9504_std_6.42464_Tm_35.25,GAGGAATTGGCAG
measles_92seqs_alignment_3893_F_GC_0.46_avg_32.9504_std_6.42464_Tm_32.10,ACCACAATCTCCA
measles_92seqs_alignment_3801_F_GC_0.38_avg_32.9504_std_6.42464_Tm_28.95,TGAAACCCATCAT
measles_92seqs_alignment_3709_F_GC_0.46_avg_32.9504_std_6.42464_Tm_32.10,TTTACGGCCTTGA
measles_92seqs_alignment_3617_F_GC_0.54_avg_32.9504_std_6.42464_Tm_35.25,GTTCCTGCGTTAC
measles_92seqs_alignment_3526_F_GC_0.54_avg_32.9504_std_6.42464_Tm_35.25,CCACTGAGCTTGA
measles_92seqs_alignment_3435_F_GC_0.38_avg_32.9504_std_6.42464_Tm_28.95,TCCATAAAAGCCT
measles_92seqs_alignment_3344_F_GC_0.54_avg_32.9504_std_6.42464_Tm_35.25,TGTACCCGATGAG
measles_92seqs_alignment_3253_F_GC_0.62_avg_32.9504_std_6.42464_Tm_38.41,TGGGATGGCCAAG
measles_92seqs_alignment_3162_F_GC_0.54_avg_32.9504_std_6.42464_Tm_35.25,ATGTGGCTGCTGA
measles_92seqs_alignment_3071_F_GC_0.62_avg_32.9504_std_6.42464_Tm_38.41,CCATCCAAGTCGG
measles_92seqs_alignment_2980_F_GC_0.38_avg_32.9504_std_6.42464_Tm_28.95,AGCAATTGGATCA
measles_92seqs_alignment_2889_F_GC_0.46_avg_32.9504_std_6.42464_Tm_32.10,CCAACCCATTGAT
measles_92seqs_alignment_2798_F_GC_0.46_avg_32.9504_std_6.42464_Tm_32.10,GTTGGGAATGTCA
measles_92seqs_alignment_2707_F_GC_0.46_avg_32.9504_std_6.42464_Tm_32.10,GTGATCAATCCAG
measles_92seqs_alignment_2616_F_GC_0.46_avg_32.9504_std_6.42464_Tm_32.10,TTGGATGTGGTGA
measles_92seqs_alignment_2526_F_GC_0.38_avg_32.9504_std_6.42464_Tm_28.95,CCAATTCTAGATC
measles_92seqs_alignment_2436_F_GC_0.38_avg_32.9504_std_6.42464_Tm_28.95,AATGCTGGAATTC
measles_92seqs_alignment_2346_F_GC_0.46_avg_32.9504_std_6.42464_Tm_32.10,AACTCGGTATCAC
measles_92seqs_alignment_2256_F_GC_0.46_avg_32.9504_std_6.42464_Tm_32.10,TGATGATGAGCTG
measles_92seqs_alignment_2166_F_GC_0.46_avg_32.9504_std_6.42464_Tm_32.10,ATGTCATAGAGGG
measles_92seqs_alignment_2076_F_GC_0.46_avg_32.9504_std_6.42464_Tm_32.10,TCAAGGTTAGTCC
measles_92seqs_alignment_1986_F_GC_0.46_avg_32.9504_std_6.42464_Tm_32.10,GACTCTTCATTCC
measles_92seqs_alignment_1896_F_GC_0.31_avg_32.9504_std_6.42464_Tm_25.79,CTCAAAGATATCA
measles_92seqs_alignment_1718_F_GC_0.31_avg_32.9504_std_6.42464_Tm_25.79,TTCACTATCTACT
measles_92seqs_alignment_1629_F_GC_0.77_avg_32.9504_std_6.42464_Tm_44.72,CTGACCCTCCCCC
measles_92seqs_alignment_1540_F_GC_0.54_avg_32.9504_std_6.42464_Tm_35.25,GGTTTGAGCCCTT
measles_92seqs_alignment_1452_F_GC_0.46_avg_32.9504_std_6.42464_Tm_32.10,TTGACACTGCATC
measles_92seqs_alignment_1364_F_GC_0.46_avg_32.9504_std_6.42464_Tm_32.10,ACAGTCAGTGCAT
measles_92seqs_alignment_1277_F_GC_0.54_avg_32.9504_std_6.42464_Tm_35.25,GGATCAGGGAAAG
measles_92seqs_alignment_1191_F_GC_0.31_avg_32.9504_std_6.42464_Tm_25.79,GATGAATCTTTAC
measles_92seqs_alignment_1106_F_GC_0.38_avg_32.9504_std_6.42464_Tm_28.95,ATGAAATCCTGGA
measles_92seqs_alignment_1025_F_GC_0.38_avg_32.9504_std_6.42464_Tm_28.95,AGAATAGCAACAG
measles_92seqs_alignment_945_F_GC_0.31_avg_32.9504_std_6.42464_Tm_25.79,TTGAAGGATAACA
measles_92seqs_alignment_865_F_GC_0.46_avg_32.9504_std_6.42464_Tm_32.10,CTGATGAAGGTAC
measles_92seqs_alignment_786_F_GC_0.62_avg_32.9504_std_6.42464_Tm_38.41,CCACAGCTGCTCA
measles_92seqs_alignment_709_F_GC_0.38_avg_32.9504_std_6.42464_Tm_28.95,AAAGCCTAATCTG
measles_92seqs_alignment_633_F_GC_0.62_avg_32.9504_std_6.42464_Tm_38.41,TGGACCGGTTGGT
measles_92seqs_alignment_557_F_GC_0.46_avg_32.9504_std_6.42464_Tm_32.10,TGGGTAAGGATAG
measles_92seqs_alignment_481_F_GC_0.54_avg_32.9504_std_6.42464_Tm_35.25,AGTGCCCAGCAAT
measles_92seqs_alignment_410_F_GC_0.46_avg_32.9504_std_6.42464_Tm_32.10,CCTAAAGGAGACA
measles_92seqs_alignment_349_F_GC_0.77_avg_32.9504_std_6.42464_Tm_44.72,CCTGGGCCACCAG
measles_92seqs_alignment_294_F_GC_0.62_avg_32.9504_std_6.42464_Tm_38.41,AGACCACCAACCG
measles_92seqs_alignment_254_F_GC_0.69_avg_32.9504_std_6.42464_Tm_41.56,GGAGACACCGGGA
measles_92seqs_alignment_230_F_GC_0.54_avg_32.9504_std_6.42464_Tm_35.25,TAGACCGTAGTGC
measles_92seqs_alignment_214_F_GC_0.69_avg_32.9504_std_6.42464_Tm_41.56,CCTAGGCGTTGCC
measles_92seqs_alignment_200_F_GC_0.38_avg_32.9504_std_6.42464_Tm_28.95,GAACTTACCTAGT
measles_92seqs_alignment_186_F_GC_0.54_avg_32.9504_std_6.42464_Tm_35.25,TGGACCGATTGGT
measles_92seqs_alignment_172_F_GC_0.31_avg_32.9504_std_6.42464_Tm_25.79,CTTATCATGAGTT
measles_92seqs_alignment_159_F_GC_0.62_avg_32.9504_std_6.42464_Tm_38.41,GCGATCTGCCGTT
measles_92seqs_alignment_147_F_GC_0.69_avg_32.9504_std_6.42464_Tm_41.56,CCAGACCACCCTG
measles_92seqs_alignment_135_F_GC_0.46_avg_32.9504_std_6.42464_Tm_32.10,CCTAGATCACAGT
measles_92seqs_alignment_124_F_GC_0.62_avg_32.9504_std_6.42464_Tm_38.41,AGTGGGCACCGTT
measles_92seqs_alignment_113_F_GC_0.38_avg_32.9504_std_6.42464_Tm_28.95,TGACAGAGATCTA
measles_92seqs_alignment_103_F_GC_0.46_avg_32.9504_std_6.42464_Tm_32.10,CAAATGGGGGAAA
measles_92seqs_alignment_96_F_GC_0.54_avg_32.9504_std_6.42464_Tm_35.25,TCAGGGAAAGGTG
measles_92seqs_alignment_90_F_GC_0.31_avg_32.9504_std_6.42464_Tm_25.79,ACTTAGGATTCAA
measles_92seqs_alignment_84_F_GC_0.69_avg_32.9504_std_6.42464_Tm_41.56,CAACTCCCCACCC
measles_92seqs_alignment_79_F_GC_0.31_avg_32.9504_std_6.42464_Tm_25.79,GTTTACATGCATA
measles_92seqs_alignment_75_F_GC_0.54_avg_32.9504_std_6.42464_Tm_35.25,TTCTGTAGACCGC
measles_92seqs_alignment_71_F_GC_0.38_avg_32.9504_std_6.42464_Tm_28.95,ATCCGGAGAATAT
measles_92seqs_alignment_67_F_GC_0.62_avg_32.9504_std_6.42464_Tm_38.41,GCACACCCCTAGA
measles_92seqs_alignment_63_F_GC_0.77_avg_32.9504_std_6.42464_Tm_44.72,GGGCCACCAGCTC
measles_92seqs_alignment_59_F_GC_0.46_avg_32.9504_std_6.42464_Tm_32.10,CAAGCAAGCACAA
measles_92seqs_alignment_56_F_GC_0.31_avg_32.9504_std_6.42464_Tm_25.79,ATCAGGATTAAGA
measles_92seqs_alignment_53_F_GC_0.69_avg_32.9504_std_6.42464_Tm_41.56,CGGAGGCAGTTGG
measles_92seqs_alignment_50_F_GC_0.69_avg_32.9504_std_6.42464_Tm_41.56,CCGGACACAGACC
measles_92seqs_alignment_47_F_GC_0.38_avg_32.9504_std_6.42464_Tm_28.95,TATAGAGCCAAGA
measles_92seqs_alignment_42_F_GC_0.54_avg_32.9504_std_6.42464_Tm_35.25,TAAGGAAGCAGGC
measles_92seqs_alignment_5308_R_GC_0.54_avg_31.0865_std_6.04526_Tm_35.25,GCACTGTATCCGA
measles_92seqs_alignment_5208_R_GC_0.38_avg_31.0865_std_6.04526_Tm_28.95,GACTATAGATGAC
measles_92seqs_alignment_5125_R_GC_0.38_avg_31.0865_std_6.04526_Tm_28.95,CAGCAAATTCATG
measles_92seqs_alignment_5042_R_GC_0.54_avg_31.0865_std_6.04526_Tm_35.25,GGATTACACTGCG
measles_92seqs_alignment_4959_R_GC_0.46_avg_31.0865_std_6.04526_Tm_32.10,GATAGAGTCAGCA
measles_92seqs_alignment_4876_R_GC_0.38_avg_31.0865_std_6.04526_Tm_28.95,TTCTTTGTTGGGT
measles_92seqs_alignment_4793_R_GC_0.23_avg_31.0865_std_6.04526_Tm_22.64,AGTTTTGTTTAGT
measles_92seqs_alignment_4710_R_GC_0.38_avg_31.0865_std_6.04526_Tm_28.95,GCAAATCTCTTGT
measles_92seqs_alignment_4627_R_GC_0.46_avg_31.0865_std_6.04526_Tm_32.10,CACTTTGCTCCTA
measles_92seqs_alignment_4544_R_GC_0.46_avg_31.0865_std_6.04526_Tm_32.10,AAGCATGTCTCCA
measles_92seqs_alignment_4461_R_GC_0.62_avg_31.0865_std_6.04526_Tm_38.41,ACGGGTGATGCTC
measles_92seqs_alignment_4378_R_GC_0.38_avg_31.0865_std_6.04526_Tm_28.95,CATTATTCTGGGA
measles_92seqs_alignment_4295_R_GC_0.46_avg_31.0865_std_6.04526_Tm_32.10,TTCGACATCTGCA
measles_92seqs_alignment_4212_R_GC_0.62_avg_31.0865_std_6.04526_Tm_38.41,GCCTCATCCTCCA
measles_92seqs_alignment_4129_R_GC_0.46_avg_31.0865_std_6.04526_Tm_32.10,CTGGCATGAAAGT
measles_92seqs_alignment_4046_R_GC_0.46_avg_31.0865_std_6.04526_Tm_32.10,CACTCCAATGTGT
measles_92seqs_alignment_3963_R_GC_0.46_avg_31.0865_std_6.04526_Tm_32.10,TGCAATCAGGATG
measles_92seqs_alignment_3880_R_GC_0.54_avg_31.0865_std_6.04526_Tm_35.25,CGGCAGCAATGTA
measles_92seqs_alignment_3797_R_GC_0.62_avg_31.0865_std_6.04526_Tm_38.41,AATGCTCGCCCGA
measles_92seqs_alignment_3714_R_GC_0.54_avg_31.0865_std_6.04526_Tm_35.25,CTCTCATCAGTGG
measles_92seqs_alignment_3632_R_GC_0.31_avg_31.0865_std_6.04526_Tm_25.79,CTTAACGAAGATA
measles_92seqs_alignment_3550_R_GC_0.31_avg_31.0865_std_6.04526_Tm_25.79,TGAGTATTTCACT
measles_92seqs_alignment_3468_R_GC_0.46_avg_31.0865_std_6.04526_Tm_32.10,GCATGACCTTTCA
measles_92seqs_alignment_3386_R_GC_0.54_avg_31.0865_std_6.04526_Tm_35.25,CGTGAGTTATCCG
measles_92seqs_alignment_3304_R_GC_0.46_avg_31.0865_std_6.04526_Tm_32.10,GGTCATAACCTCT
measles_92seqs_alignment_3222_R_GC_0.31_avg_31.0865_std_6.04526_Tm_25.79,GAATCATTCTCTT
measles_92seqs_alignment_3140_R_GC_0.46_avg_31.0865_std_6.04526_Tm_32.10,GAGGCAACATCAT
measles_92seqs_alignment_3058_R_GC_0.38_avg_31.0865_std_6.04526_Tm_28.95,CTTTGCCTAAGAA
measles_92seqs_alignment_2976_R_GC_0.62_avg_31.0865_std_6.04526_Tm_38.41,GAACTGCCTGCCT
measles_92seqs_alignment_2894_R_GC_0.31_avg_31.0865_std_6.04526_Tm_25.79,ATACATGTTGAGA
measles_92seqs_alignment_2812_R_GC_0.62_avg_31.0865_std_6.04526_Tm_38.41,GCTGCCCTAGGTA
measles_92seqs_alignment_2730_R_GC_0.23_avg_31.0865_std_6.04526_Tm_22.64,ATCATTTATGATC
measles_92seqs_alignment_2648_R_GC_0.54_avg_31.0865_std_6.04526_Tm_35.25,GCTTGGGCTGTAA
measles_92seqs_alignment_2567_R_GC_0.54_avg_31.0865_std_6.04526_Tm_35.25,AGAGCAGCAAGTG
measles_92seqs_alignment_2486_R_GC_0.54_avg_31.0865_std_6.04526_Tm_35.25,GTGGAACTGACCT
measles_92seqs_alignment_2405_R_GC_0.38_avg_31.0865_std_6.04526_Tm_28.95,TATGGCTTCTTAG
measles_92seqs_alignment_2324_R_GC_0.46_avg_31.0865_std_6.04526_Tm_32.10,CTGCACATTTCTC
measles_92seqs_alignment_2243_R_GC_0.38_avg_31.0865_std_6.04526_Tm_28.95,AAGTGAGATCTCT
measles_92seqs_alignment_2162_R_GC_0.23_avg_31.0865_std_6.04526_Tm_22.64,GTTATGAAACTAT
measles_92seqs_alignment_2081_R_GC_0.46_avg_31.0865_std_6.04526_Tm_32.10,TCCTTGATGTCCT
measles_92seqs_alignment_2000_R_GC_0.31_avg_31.0865_std_6.04526_Tm_25.79,CACTTGTTTAGTT
measles_92seqs_alignment_1919_R_GC_0.38_avg_31.0865_std_6.04526_Tm_28.95,AGGTCTCTATATC
measles_92seqs_alignment_1838_R_GC_0.38_avg_31.0865_std_6.04526_Tm_28.95,TAAAGCAGTGGTT
measles_92seqs_alignment_1757_R_GC_0.62_avg_31.0865_std_6.04526_Tm_38.41,AGGCGGTGCTTGA
measles_92seqs_alignment_1676_R_GC_0.46_avg_31.0865_std_6.04526_Tm_32.10,CTAATGCCTGCAA
measles_92seqs_alignment_1595_R_GC_0.46_avg_31.0865_std_6.04526_Tm_32.10,TACATAGCTCTGC
measles_92seqs_alignment_1514_R_GC_0.54_avg_31.0865_std_6.04526_Tm_35.25,CAATGATGGAGGG
measles_92seqs_alignment_1434_R_GC_0.31_avg_31.0865_std_6.04526_Tm_25.79,CATTTTGTAAGTC
measles_92seqs_alignment_1354_R_GC_0.23_avg_31.0865_std_6.04526_Tm_22.64,TTAATCTTTTCAG
measles_92seqs_alignment_1274_R_GC_0.23_avg_31.0865_std_6.04526_Tm_22.64,TTATGACTAATGA
measles_92seqs_alignment_1195_R_GC_0.46_avg_31.0865_std_6.04526_Tm_32.10,TTTTGGTCCCTTC
measles_92seqs_alignment_1116_R_GC_0.46_avg_31.0865_std_6.04526_Tm_32.10,TGGATAGGCTCTA
measles_92seqs_alignment_1038_R_GC_0.46_avg_31.0865_std_6.04526_Tm_32.10,GGGACTTTGCATA
measles_92seqs_alignment_962_R_GC_0.46_avg_31.0865_std_6.04526_Tm_32.10,ATGCCTGATGTCT
measles_92seqs_alignment_889_R_GC_0.46_avg_31.0865_std_6.04526_Tm_32.10,CCCATCTTTTCGA
measles_92seqs_alignment_817_R_GC_0.31_avg_31.0865_std_6.04526_Tm_25.79,CTTCGTATTTTCA
measles_92seqs_alignment_745_R_GC_0.38_avg_31.0865_std_6.04526_Tm_28.95,GAACATTGAGAGT
measles_92seqs_alignment_674_R_GC_0.31_avg_31.0865_std_6.04526_Tm_25.79,CTATAAACCCTTT
measles_92seqs_alignment_604_R_GC_0.23_avg_31.0865_std_6.04526_Tm_22.64,TTAAATCACAAGA
measles_92seqs_alignment_464_R_GC_0.69_avg_31.0865_std_6.04526_Tm_41.56,GGGAAGCCGGAGA
measles_92seqs_alignment_394_R_GC_0.31_avg_31.0865_std_6.04526_Tm_25.79,GAATTGTGATAGA
measles_92seqs_alignment_329_R_GC_0.62_avg_31.0865_std_6.04526_Tm_38.41,CTCTCCCTGGCTT
measles_92seqs_alignment_271_R_GC_0.38_avg_31.0865_std_6.04526_Tm_28.95,CTGAAATCCTTGA
measles_92seqs_alignment_230_R_GC_0.38_avg_31.0865_std_6.04526_Tm_28.95,CCTTAATGCTCAT
measles_92seqs_alignment_195_R_GC_0.46_avg_31.0865_std_6.04526_Tm_32.10,CATCACTTGCTCT
measles_92seqs_alignment_173_R_GC_0.54_avg_31.0865_std_6.04526_Tm_35.25,TGACAAAGGGCTG
measles_92seqs_alignment_156_R_GC_0.69_avg_31.0865_std_6.04526_Tm_41.56,GGTTGCCGTGGTC
measles_92seqs_alignment_142_R_GC_0.38_avg_31.0865_std_6.04526_Tm_28.95,CGATTAGATCACA
measles_92seqs_alignment_129_R_GC_0.54_avg_31.0865_std_6.04526_Tm_35.25,GGGGACATTGAGA
measles_92seqs_alignment_118_R_GC_0.23_avg_31.0865_std_6.04526_Tm_22.64,TTCATTTTGCAAT
measles_92seqs_alignment_108_R_GC_0.69_avg_31.0865_std_6.04526_Tm_41.56,GGGGATGACGCAG
measles_92seqs_alignment_99_R_GC_0.38_avg_31.0865_std_6.04526_Tm_28.95,GAATTACTTGAGG
measles_92seqs_alignment_90_R_GC_0.54_avg_31.0865_std_6.04526_Tm_35.25,TGATGCTGGATGC
measles_92seqs_alignment_81_R_GC_0.31_avg_31.0865_std_6.04526_Tm_25.79,TGAAATCATGTTG
measles_92seqs_alignment_73_R_GC_0.38_avg_31.0865_std_6.04526_Tm_28.95,ATAACGGGATATG
measles_92seqs_alignment_67_R_GC_0.31_avg_31.0865_std_6.04526_Tm_25.79,CTCATATTTGAGA
measles_92seqs_alignment_61_R_GC_0.46_avg_31.0865_std_6.04526_Tm_32.10,TGGAACGAGTCAT
measles_92seqs_alignment_57_R_GC_0.23_avg_31.0865_std_6.04526_Tm_22.64,ATAATACCACAAT
measles_92seqs_alignment_53_R_GC_0.38_avg_31.0865_std_6.04526_Tm_28.95,ATTCTGCCGAATT
measles_92seqs_alignment_50_R_GC_0.46_avg_31.0865_std_6.04526_Tm_32.10,GGATGTTGTTCTG
measles_92seqs_alignment_47_R_GC_0.54_avg_31.0865_std_6.04526_Tm_35.25,TGGGCTTGATGCT
measles_92seqs_alignment_44_R_GC_0.46_avg_31.0865_std_6.04526_Tm_32.10,GGTGGATTGATCT
measles_92seqs_alignment_41_R_GC_0.23_avg_31.0865_std_6.04526_Tm_22.64,CTAAAAGGATAAA
measles_92seqs_alignment_39_R_GC_0.46_avg_31.0865_std_6.04526_Tm_32.10,GCTCTCATCTTGT
