RVF-Lsegment-98seqs-unique-alignment-nospace_1071_R_GC_0.38_avg_31.3355_std_7.21326_Tm_28.95,GCAAATCAGTTCT
RVF-Lsegment-98seqs-unique-alignment-nospace_1076_F_GC_0.38_avg_31.6224_std_7.56883_Tm_28.95,AAGCTACAGCTAA
RVF-Lsegment-98seqs-unique-alignment-nospace_1186_R_GC_0.46_avg_31.3355_std_7.21326_Tm_32.10,TCTTTCCCTCAGA
RVF-Lsegment-98seqs-unique-alignment-nospace_1191_F_GC_0.46_avg_31.6224_std_7.56883_Tm_32.10,TATCAGGTCCATC
RVF-Lsegment-98seqs-unique-alignment-nospace_1302_R_GC_0.54_avg_31.3355_std_7.21326_Tm_35.25,CTCTCCCCATCTT
RVF-Lsegment-98seqs-unique-alignment-nospace_1306_F_GC_0.77_avg_31.6224_std_7.56883_Tm_44.72,GCTGCCTCCCTGG
RVF-Lsegment-98seqs-unique-alignment-nospace_1418_R_GC_0.38_avg_31.3355_std_7.21326_Tm_28.95,CTGAAGTCATTAG
RVF-Lsegment-98seqs-unique-alignment-nospace_1422_F_GC_0.38_avg_31.6224_std_7.56883_Tm_28.95,CAACTGAAGAGTT
RVF-Lsegment-98seqs-unique-alignment-nospace_1534_R_GC_0.54_avg_31.3355_std_7.21326_Tm_35.25,GGCTTTTGCTGGA
RVF-Lsegment-98seqs-unique-alignment-nospace_1538_F_GC_0.46_avg_31.6224_std_7.56883_Tm_32.10,GGTGTTGTGTCAT
RVF-Lsegment-98seqs-unique-alignment-nospace_1650_R_GC_0.23_avg_31.3355_std_7.21326_Tm_22.64,TGACCAATTTATT
RVF-Lsegment-98seqs-unique-alignment-nospace_1654_F_GC_0.46_avg_31.6224_std_7.56883_Tm_32.10,TGAAGAAGGAGCT
RVF-Lsegment-98seqs-unique-alignment-nospace_169_R_GC_0.46_avg_31.3355_std_7.21326_Tm_32.10,GAAAGTGCTTGAG
RVF-Lsegment-98seqs-unique-alignment-nospace_1766_R_GC_0.15_avg_31.3355_std_7.21326_Tm_19.48,GAATAATATATCT
RVF-Lsegment-98seqs-unique-alignment-nospace_1770_F_GC_0.31_avg_31.6224_std_7.56883_Tm_25.79,CTGTTGTTCTTTA
RVF-Lsegment-98seqs-unique-alignment-nospace_185_F_GC_0.38_avg_31.6224_std_7.56883_Tm_28.95,TCAGATGTCATCA
RVF-Lsegment-98seqs-unique-alignment-nospace_1882_R_GC_0.23_avg_31.3355_std_7.21326_Tm_22.64,AATTTTCTTTAGC
RVF-Lsegment-98seqs-unique-alignment-nospace_1886_F_GC_0.31_avg_31.6224_std_7.56883_Tm_25.79,TTTGTTCACGATT
RVF-Lsegment-98seqs-unique-alignment-nospace_1999_R_GC_0.38_avg_31.3355_std_7.21326_Tm_28.95,AACTCATGCATTC
RVF-Lsegment-98seqs-unique-alignment-nospace_2002_F_GC_0.31_avg_31.6224_std_7.56883_Tm_25.79,AATCCTTTTTCAG
RVF-Lsegment-98seqs-unique-alignment-nospace_2116_R_GC_0.38_avg_31.3355_std_7.21326_Tm_28.95,GAACCTCATACTT
RVF-Lsegment-98seqs-unique-alignment-nospace_2118_F_GC_0.38_avg_31.6224_std_7.56883_Tm_28.95,CTGGATTCTATAG
RVF-Lsegment-98seqs-unique-alignment-nospace_22_R_GC_0.54_avg_31.3355_std_7.21326_Tm_35.25,CATTGCTGCAGAG
RVF-Lsegment-98seqs-unique-alignment-nospace_2233_R_GC_0.62_avg_31.3355_std_7.21326_Tm_38.41,ACACAGGCCCCTT
RVF-Lsegment-98seqs-unique-alignment-nospace_2234_F_GC_0.54_avg_31.6224_std_7.56883_Tm_35.25,CAGCAAGCTCAGT
RVF-Lsegment-98seqs-unique-alignment-nospace_2350_R_GC_0.54_avg_31.3355_std_7.21326_Tm_35.25,GGTTGTCTTCTGC
RVF-Lsegment-98seqs-unique-alignment-nospace_2351_F_GC_0.62_avg_31.6224_std_7.56883_Tm_38.41,GCTGGGCCTTTGA
RVF-Lsegment-98seqs-unique-alignment-nospace_24_F_GC_0.23_avg_31.6224_std_7.56883_Tm_22.64,TGCATATTTGTTT
RVF-Lsegment-98seqs-unique-alignment-nospace_2467_R_GC_0.38_avg_31.3355_std_7.21326_Tm_28.95,GATCCATCACAAA
RVF-Lsegment-98seqs-unique-alignment-nospace_2468_F_GC_0.54_avg_31.6224_std_7.56883_Tm_35.25,CCTTACGAGATGG
RVF-Lsegment-98seqs-unique-alignment-nospace_25_R_GC_0.69_avg_31.3355_std_7.21326_Tm_41.56,CTCTGGGCTGCCA
RVF-Lsegment-98seqs-unique-alignment-nospace_2584_R_GC_0.38_avg_31.3355_std_7.21326_Tm_28.95,CATCCTTCTTCTT
RVF-Lsegment-98seqs-unique-alignment-nospace_2585_F_GC_0.69_avg_31.6224_std_7.56883_Tm_41.56,AGGGCTCAGCTGC
RVF-Lsegment-98seqs-unique-alignment-nospace_27_F_GC_0.46_avg_31.6224_std_7.56883_Tm_32.10,GTCATCAGACTGA
RVF-Lsegment-98seqs-unique-alignment-nospace_2701_R_GC_0.46_avg_31.3355_std_7.21326_Tm_32.10,GGAAGCTGATTAG
RVF-Lsegment-98seqs-unique-alignment-nospace_2702_F_GC_0.62_avg_31.6224_std_7.56883_Tm_38.41,TGGAACCAAGGCC
RVF-Lsegment-98seqs-unique-alignment-nospace_279_R_GC_0.31_avg_31.3355_std_7.21326_Tm_25.79,CAACTCCATAATA
RVF-Lsegment-98seqs-unique-alignment-nospace_2818_R_GC_0.62_avg_31.3355_std_7.21326_Tm_38.41,TCTGGGCCTGTTC
RVF-Lsegment-98seqs-unique-alignment-nospace_29_R_GC_0.54_avg_31.3355_std_7.21326_Tm_35.25,GACCGCCCAATAT
RVF-Lsegment-98seqs-unique-alignment-nospace_291_F_GC_0.46_avg_31.6224_std_7.56883_Tm_32.10,TAGCTGCTTTAGG
RVF-Lsegment-98seqs-unique-alignment-nospace_2928_F_GC_0.46_avg_31.6224_std_7.56883_Tm_32.10,ATCAGCCATCCTT
RVF-Lsegment-98seqs-unique-alignment-nospace_2936_R_GC_0.54_avg_31.3355_std_7.21326_Tm_35.25,TCACCCAGCAGTT
RVF-Lsegment-98seqs-unique-alignment-nospace_31_F_GC_0.69_avg_31.6224_std_7.56883_Tm_41.56,GCTCACACCCCAC
RVF-Lsegment-98seqs-unique-alignment-nospace_3156_R_GC_0.46_avg_31.3355_std_7.21326_Tm_32.10,GTAGCACTATGCT
RVF-Lsegment-98seqs-unique-alignment-nospace_34_R_GC_0.38_avg_31.3355_std_7.21326_Tm_28.95,TCCTGAATGAATG
RVF-Lsegment-98seqs-unique-alignment-nospace_35_F_GC_0.31_avg_31.6224_std_7.56883_Tm_25.79,CATCTAAATATGG
RVF-Lsegment-98seqs-unique-alignment-nospace_39_F_GC_0.31_avg_31.6224_std_7.56883_Tm_25.79,TTCCAACATTTGA
RVF-Lsegment-98seqs-unique-alignment-nospace_39_R_GC_0.46_avg_31.3355_std_7.21326_Tm_32.10,TGTCCTTTACTCC
RVF-Lsegment-98seqs-unique-alignment-nospace_391_R_GC_0.54_avg_31.3355_std_7.21326_Tm_35.25,GGGCATCCAAATG
RVF-Lsegment-98seqs-unique-alignment-nospace_398_F_GC_0.38_avg_31.6224_std_7.56883_Tm_28.95,TCTATGGACAGAA
RVF-Lsegment-98seqs-unique-alignment-nospace_46_F_GC_0.31_avg_31.6224_std_7.56883_Tm_25.79,ATGATAGTGTCTA
RVF-Lsegment-98seqs-unique-alignment-nospace_46_R_GC_0.62_avg_31.3355_std_7.21326_Tm_38.41,CCGCCACATCTGT
RVF-Lsegment-98seqs-unique-alignment-nospace_503_R_GC_0.38_avg_31.3355_std_7.21326_Tm_28.95,CTCTATGGTATCT
RVF-Lsegment-98seqs-unique-alignment-nospace_507_F_GC_0.38_avg_31.6224_std_7.56883_Tm_28.95,AATCTGTGTTTCC
RVF-Lsegment-98seqs-unique-alignment-nospace_53_F_GC_0.38_avg_31.6224_std_7.56883_Tm_28.95,AGCAGAGAAATGT
RVF-Lsegment-98seqs-unique-alignment-nospace_53_R_GC_0.38_avg_31.3355_std_7.21326_Tm_28.95,AACCCCATAATAG
RVF-Lsegment-98seqs-unique-alignment-nospace_61_F_GC_0.54_avg_31.6224_std_7.56883_Tm_35.25,GATATGTGAGGGG
RVF-Lsegment-98seqs-unique-alignment-nospace_615_R_GC_0.46_avg_31.3355_std_7.21326_Tm_32.10,CTGTCTCCTCATA
RVF-Lsegment-98seqs-unique-alignment-nospace_619_F_GC_0.62_avg_31.6224_std_7.56883_Tm_38.41,ACAGGTCGGTGCT
RVF-Lsegment-98seqs-unique-alignment-nospace_62_R_GC_0.46_avg_31.3355_std_7.21326_Tm_32.10,TTTCAGCTGACAC
RVF-Lsegment-98seqs-unique-alignment-nospace_70_F_GC_0.46_avg_31.6224_std_7.56883_Tm_32.10,AAGGGTGACATGT
RVF-Lsegment-98seqs-unique-alignment-nospace_729_R_GC_0.54_avg_31.3355_std_7.21326_Tm_35.25,CCCATGTATGAGG
RVF-Lsegment-98seqs-unique-alignment-nospace_732_F_GC_0.23_avg_31.6224_std_7.56883_Tm_22.64,TAGGAATTTCTTT
RVF-Lsegment-98seqs-unique-alignment-nospace_80_F_GC_0.46_avg_31.6224_std_7.56883_Tm_32.10,TTAAGGAGCCTCT
RVF-Lsegment-98seqs-unique-alignment-nospace_843_R_GC_0.31_avg_31.3355_std_7.21326_Tm_25.79,ATGCATTGTTCTT
RVF-Lsegment-98seqs-unique-alignment-nospace_846_F_GC_0.46_avg_31.6224_std_7.56883_Tm_32.10,TGAGGCAGATAGA
RVF-Lsegment-98seqs-unique-alignment-nospace_957_R_GC_0.31_avg_31.3355_std_7.21326_Tm_25.79,CTTTATCACAAGA
RVF-Lsegment-98seqs-unique-alignment-nospace_961_F_GC_0.54_avg_31.6224_std_7.56883_Tm_35.25,TTCCATGGGCCTT
