RVF-Msegment-107seqs-unique-alignment-nospace_1004_R_GC_0.46_avg_31.67_std_8.44816_Tm_32.10,CATCATCCTCACT
RVF-Msegment-107seqs-unique-alignment-nospace_1014_F_GC_0.46_avg_31.8145_std_7.58776_Tm_32.10,AAGAAGTGCACTG
RVF-Msegment-107seqs-unique-alignment-nospace_1127_R_GC_0.62_avg_31.67_std_8.44816_Tm_38.41,CCAGTGAGAGGCT
RVF-Msegment-107seqs-unique-alignment-nospace_1137_F_GC_0.46_avg_31.8145_std_7.58776_Tm_32.10,TTGTCCGATCAAC
RVF-Msegment-107seqs-unique-alignment-nospace_1250_R_GC_0.31_avg_31.67_std_8.44816_Tm_25.79,CCAACAAATGAAA
RVF-Msegment-107seqs-unique-alignment-nospace_1260_F_GC_0.38_avg_31.8145_std_7.58776_Tm_28.95,AGGGTATGCAATT
RVF-Msegment-107seqs-unique-alignment-nospace_13_R_GC_0.38_avg_31.67_std_8.44816_Tm_28.95,GCCACATTTTAGA
RVF-Msegment-107seqs-unique-alignment-nospace_1373_R_GC_0.46_avg_31.67_std_8.44816_Tm_32.10,TTCCTGTGGATGT
RVF-Msegment-107seqs-unique-alignment-nospace_1383_F_GC_0.46_avg_31.8145_std_7.58776_Tm_32.10,AGTTGGTTTGGAG
RVF-Msegment-107seqs-unique-alignment-nospace_14_F_GC_0.38_avg_31.8145_std_7.58776_Tm_28.95,AGCCAGGAATTAT
RVF-Msegment-107seqs-unique-alignment-nospace_1497_R_GC_0.38_avg_31.67_std_8.44816_Tm_28.95,AACCAGTCAAAGA
RVF-Msegment-107seqs-unique-alignment-nospace_1507_F_GC_0.46_avg_31.8145_std_7.58776_Tm_32.10,TAGGATGGATGGA
RVF-Msegment-107seqs-unique-alignment-nospace_16_R_GC_0.23_avg_31.67_std_8.44816_Tm_22.64,TATCAAAGCTTTT
RVF-Msegment-107seqs-unique-alignment-nospace_160_R_GC_0.38_avg_31.67_std_8.44816_Tm_28.95,CCTATCTGTACAA
RVF-Msegment-107seqs-unique-alignment-nospace_1621_R_GC_0.46_avg_31.67_std_8.44816_Tm_32.10,CAGCCTTTGCAAT
RVF-Msegment-107seqs-unique-alignment-nospace_1631_F_GC_0.46_avg_31.8145_std_7.58776_Tm_32.10,TGCATAGTGTGTG
RVF-Msegment-107seqs-unique-alignment-nospace_17_F_GC_0.38_avg_31.8145_std_7.58776_Tm_28.95,AAAGAGAAACTCG
RVF-Msegment-107seqs-unique-alignment-nospace_173_F_GC_0.62_avg_31.8145_std_7.58776_Tm_38.41,AAGGGGGTCAAGG
RVF-Msegment-107seqs-unique-alignment-nospace_1745_R_GC_0.54_avg_31.67_std_8.44816_Tm_35.25,TTGTGCAAGGCTC
RVF-Msegment-107seqs-unique-alignment-nospace_1755_F_GC_0.31_avg_31.8145_std_7.58776_Tm_25.79,AAAAATGAAAGGG
RVF-Msegment-107seqs-unique-alignment-nospace_1983_R_GC_0.62_avg_31.67_std_8.44816_Tm_38.41,CAAAGACCGGTGC
RVF-Msegment-107seqs-unique-alignment-nospace_21_F_GC_0.46_avg_31.8145_std_7.58776_Tm_32.10,GGGACAAAAGATC
RVF-Msegment-107seqs-unique-alignment-nospace_21_R_GC_0.62_avg_31.67_std_8.44816_Tm_38.41,GGGCAGTGAGCTA
RVF-Msegment-107seqs-unique-alignment-nospace_25_F_GC_0.38_avg_31.8145_std_7.58776_Tm_28.95,GCTTCAATGTGAA
RVF-Msegment-107seqs-unique-alignment-nospace_26_R_GC_0.38_avg_31.67_std_8.44816_Tm_28.95,GCTTATCTGTACA
RVF-Msegment-107seqs-unique-alignment-nospace_278_R_GC_0.31_avg_31.67_std_8.44816_Tm_25.79,TCAATCAGATTTG
RVF-Msegment-107seqs-unique-alignment-nospace_289_F_GC_0.38_avg_31.8145_std_7.58776_Tm_28.95,ATCTCAGAAACAG
RVF-Msegment-107seqs-unique-alignment-nospace_29_F_GC_0.46_avg_31.8145_std_7.58776_Tm_32.10,GGACCAAACAAAG
RVF-Msegment-107seqs-unique-alignment-nospace_31_R_GC_0.69_avg_31.67_std_8.44816_Tm_41.56,CTGCCACTCTGGC
RVF-Msegment-107seqs-unique-alignment-nospace_35_F_GC_0.38_avg_31.8145_std_7.58776_Tm_28.95,GGTTATTAGAGTG
RVF-Msegment-107seqs-unique-alignment-nospace_37_R_GC_0.69_avg_31.67_std_8.44816_Tm_41.56,TGCTGCCTCACCC
RVF-Msegment-107seqs-unique-alignment-nospace_397_R_GC_0.38_avg_31.67_std_8.44816_Tm_28.95,ACTATTTTGGAGC
RVF-Msegment-107seqs-unique-alignment-nospace_407_F_GC_0.38_avg_31.8145_std_7.58776_Tm_28.95,CTCTGCATATAGT
RVF-Msegment-107seqs-unique-alignment-nospace_42_F_GC_0.69_avg_31.8145_std_7.58776_Tm_41.56,GACCAGGGAAGGG
RVF-Msegment-107seqs-unique-alignment-nospace_43_R_GC_0.54_avg_31.67_std_8.44816_Tm_35.25,CCCTCTCAAAGAC
RVF-Msegment-107seqs-unique-alignment-nospace_51_F_GC_0.31_avg_31.8145_std_7.58776_Tm_25.79,AAACCAAGTTCTT
RVF-Msegment-107seqs-unique-alignment-nospace_516_R_GC_0.46_avg_31.67_std_8.44816_Tm_32.10,GCAACCATCTTCT
RVF-Msegment-107seqs-unique-alignment-nospace_527_F_GC_0.69_avg_31.8145_std_7.58776_Tm_41.56,GTGGAGGATGGGG
RVF-Msegment-107seqs-unique-alignment-nospace_57_R_GC_0.15_avg_31.67_std_8.44816_Tm_19.48,ACAATATTTACAT
RVF-Msegment-107seqs-unique-alignment-nospace_63_F_GC_0.54_avg_31.8145_std_7.58776_Tm_35.25,ACAAAGACGGTGC
RVF-Msegment-107seqs-unique-alignment-nospace_637_R_GC_0.54_avg_31.67_std_8.44816_Tm_35.25,TGAGCTCCCTCTT
RVF-Msegment-107seqs-unique-alignment-nospace_648_F_GC_0.46_avg_31.8145_std_7.58776_Tm_32.10,GTGATGAAGACAC
RVF-Msegment-107seqs-unique-alignment-nospace_759_R_GC_0.54_avg_31.67_std_8.44816_Tm_35.25,ATGCTGTGCCAGA
RVF-Msegment-107seqs-unique-alignment-nospace_770_F_GC_0.38_avg_31.8145_std_7.58776_Tm_28.95,AAAGCCATCATTG
RVF-Msegment-107seqs-unique-alignment-nospace_881_R_GC_0.38_avg_31.67_std_8.44816_Tm_28.95,TGCCAAAGCAAAA
RVF-Msegment-107seqs-unique-alignment-nospace_892_F_GC_0.38_avg_31.8145_std_7.58776_Tm_28.95,AGACAAGGAATGA
