RVF-Ssegment-178seqs-unique-alignment-nospace_11_F_GC_0.31_avg_31.75_std_10.0775_Tm_25.79,AAAGCTTTCAAGA
RVF-Ssegment-178seqs-unique-alignment-nospace_12_R_GC_0.54_avg_33.6762_std_10.9927_Tm_35.25,TCAGCTGCTGTCA
RVF-Ssegment-178seqs-unique-alignment-nospace_1242_R_GC_0.54_avg_33.6762_std_10.9927_Tm_35.25,CACAAAGCTCCCT
RVF-Ssegment-178seqs-unique-alignment-nospace_1244_F_GC_0.46_avg_31.75_std_10.0775_Tm_32.10,CCCTAGTGCTTAT
RVF-Ssegment-178seqs-unique-alignment-nospace_14_F_GC_0.38_avg_31.75_std_10.0775_Tm_28.95,ATGATCTAGAGGA
RVF-Ssegment-178seqs-unique-alignment-nospace_18_F_GC_0.38_avg_31.75_std_10.0775_Tm_28.95,GACTTTGCATCAA
RVF-Ssegment-178seqs-unique-alignment-nospace_184_R_GC_0.62_avg_33.6762_std_10.9927_Tm_38.41,CTGTCATGGCAGC
RVF-Ssegment-178seqs-unique-alignment-nospace_194_F_GC_0.62_avg_31.75_std_10.0775_Tm_38.41,GGTATGCAGGGGA
RVF-Ssegment-178seqs-unique-alignment-nospace_29_F_GC_0.54_avg_31.75_std_10.0775_Tm_35.25,CGTCCATGGTTGT
RVF-Ssegment-178seqs-unique-alignment-nospace_3_R_GC_0.54_avg_33.6762_std_10.9927_Tm_35.25,GTCCGAGAGTTTG
RVF-Ssegment-178seqs-unique-alignment-nospace_359_R_GC_0.54_avg_33.6762_std_10.9927_Tm_35.25,TTTGCTGGCATGG
RVF-Ssegment-178seqs-unique-alignment-nospace_367_F_GC_0.46_avg_31.75_std_10.0775_Tm_32.10,ACTCCTTTGTTGG
RVF-Ssegment-178seqs-unique-alignment-nospace_536_R_GC_0.46_avg_33.6762_std_10.9927_Tm_32.10,TCTCCTCCATAAG
RVF-Ssegment-178seqs-unique-alignment-nospace_541_F_GC_0.46_avg_31.75_std_10.0775_Tm_32.10,CTTGGAGACTTTG
RVF-Ssegment-178seqs-unique-alignment-nospace_6_R_GC_0.54_avg_33.6762_std_10.9927_Tm_35.25,CCCTTCTCTACCA
RVF-Ssegment-178seqs-unique-alignment-nospace_714_R_GC_0.38_avg_33.6762_std_10.9927_Tm_28.95,TCATTGCTAGAGT
RVF-Ssegment-178seqs-unique-alignment-nospace_716_F_GC_0.46_avg_31.75_std_10.0775_Tm_32.10,CTCCTCTTCTCAT
RVF-Ssegment-178seqs-unique-alignment-nospace_892_F_GC_0.46_avg_31.75_std_10.0775_Tm_32.10,TGATGGGGAGAAA
RVF-Ssegment-178seqs-unique-alignment-nospace_892_R_GC_0.38_avg_33.6762_std_10.9927_Tm_28.95,GGATGATGATGAA
