WNV-1104seqs_alignment_47359_F_GC_0.38_avg_34.4322_std_5.51621_Tm_28.95,TGTTTGTGAGGAT
WNV-1104seqs_alignment_45415_F_GC_0.38_avg_34.4322_std_5.51621_Tm_28.95,TGTTTGAGAATGG
WNV-1104seqs_alignment_44333_F_GC_0.46_avg_34.4322_std_5.51621_Tm_32.10,TGGATGGAAGACA
WNV-1104seqs_alignment_43263_F_GC_0.46_avg_34.4322_std_5.51621_Tm_32.10,CCATCATTGAGCT
WNV-1104seqs_alignment_42193_F_GC_0.38_avg_34.4322_std_5.51621_Tm_28.95,AACAGATCACTGT
WNV-1104seqs_alignment_41131_F_GC_0.46_avg_34.4322_std_5.51621_Tm_32.10,CAAATGTGGGAAG
WNV-1104seqs_alignment_40074_F_GC_0.62_avg_34.4322_std_5.51621_Tm_38.41,GAAGACCACTGGC
WNV-1104seqs_alignment_39031_F_GC_0.69_avg_34.4322_std_5.51621_Tm_41.56,CCCGCGTGTTGTC
WNV-1104seqs_alignment_37991_F_GC_0.54_avg_34.4322_std_5.51621_Tm_35.25,ACCTTGGATGTGG
WNV-1104seqs_alignment_36961_F_GC_0.54_avg_34.4322_std_5.51621_Tm_35.25,TGGAGGAACAGAG
WNV-1104seqs_alignment_35931_F_GC_0.54_avg_34.4322_std_5.51621_Tm_35.25,TGGGTGCCATGTT
WNV-1104seqs_alignment_34905_F_GC_0.62_avg_34.4322_std_5.51621_Tm_38.41,TGGTGCTGCAGGA
WNV-1104seqs_alignment_33880_F_GC_0.46_avg_34.4322_std_5.51621_Tm_32.10,ACGGTTTGGTTTG
WNV-1104seqs_alignment_32857_F_GC_0.54_avg_34.4322_std_5.51621_Tm_35.25,TGATGACCATGGG
WNV-1104seqs_alignment_31835_F_GC_0.54_avg_34.4322_std_5.51621_Tm_35.25,TTGGGGGCATTAC
WNV-1104seqs_alignment_30813_F_GC_0.46_avg_34.4322_std_5.51621_Tm_32.10,CTGAGGTTGAAGA
WNV-1104seqs_alignment_29791_F_GC_0.38_avg_34.4322_std_5.51621_Tm_28.95,TCAACAGGACTTT
WNV-1104seqs_alignment_28769_F_GC_0.62_avg_34.4322_std_5.51621_Tm_38.41,GCCAGGGTGTACT
WNV-1104seqs_alignment_27747_F_GC_0.38_avg_34.4322_std_5.51621_Tm_28.95,TACAGGATCATGA
WNV-1104seqs_alignment_26727_F_GC_0.46_avg_34.4322_std_5.51621_Tm_32.10,CTCTCACGTTTCT
WNV-1104seqs_alignment_25707_F_GC_0.46_avg_34.4322_std_5.51621_Tm_32.10,ACAGAAGGAGAAG
WNV-1104seqs_alignment_24688_F_GC_0.62_avg_34.4322_std_5.51621_Tm_38.41,ACTGTGGAGTCGC
WNV-1104seqs_alignment_23670_F_GC_0.62_avg_34.4322_std_5.51621_Tm_38.41,CCACCAAAGCTGC
WNV-1104seqs_alignment_22652_F_GC_0.54_avg_34.4322_std_5.51621_Tm_35.25,AGTCTGGAAGCAG
WNV-1104seqs_alignment_20618_F_GC_0.54_avg_34.4322_std_5.51621_Tm_35.25,GACTGTTGGTGCA
WNV-1104seqs_alignment_19601_F_GC_0.62_avg_34.4322_std_5.51621_Tm_38.41,TGGCAGCCAACGA
WNV-1104seqs_alignment_18584_F_GC_0.46_avg_34.4322_std_5.51621_Tm_32.10,TCAATGGAGTGGT
WNV-1104seqs_alignment_17567_F_GC_0.62_avg_34.4322_std_5.51621_Tm_38.41,CCATGGATGGGGA
WNV-1104seqs_alignment_16552_F_GC_0.54_avg_34.4322_std_5.51621_Tm_35.25,AGGCTGATGTCTC
WNV-1104seqs_alignment_15538_F_GC_0.46_avg_34.4322_std_5.51621_Tm_32.10,TGGGAAAGTGATG
WNV-1104seqs_alignment_14524_F_GC_0.38_avg_34.4322_std_5.51621_Tm_28.95,GAGGATTTTGGAT
WNV-1104seqs_alignment_13513_F_GC_0.69_avg_34.4322_std_5.51621_Tm_41.56,TGTGGGGCGATGG
WNV-1104seqs_alignment_12502_F_GC_0.46_avg_34.4322_std_5.51621_Tm_32.10,GTGTTGGAATTGC
WNV-1104seqs_alignment_11491_F_GC_0.38_avg_34.4322_std_5.51621_Tm_28.95,CTGATGTGTTGAA
WNV-1104seqs_alignment_10484_F_GC_0.54_avg_34.4322_std_5.51621_Tm_35.25,GCAACACCATGCA
WNV-1104seqs_alignment_9478_F_GC_0.31_avg_34.4322_std_5.51621_Tm_25.79,TAAAGAACATGGA
WNV-1104seqs_alignment_8472_F_GC_0.77_avg_34.4322_std_5.51621_Tm_44.72,CGCGAGGCTTCCC
WNV-1104seqs_alignment_7466_F_GC_0.69_avg_34.4322_std_5.51621_Tm_41.56,GAGCGCACCACAC
WNV-1104seqs_alignment_6463_F_GC_0.46_avg_34.4322_std_5.51621_Tm_32.10,AAAGGACCTGGAA
WNV-1104seqs_alignment_5460_F_GC_0.62_avg_34.4322_std_5.51621_Tm_38.41,GTGGTGGAACCTG
WNV-1104seqs_alignment_4458_F_GC_0.46_avg_34.4322_std_5.51621_Tm_32.10,ATGATTGGCCTGA
WNV-1104seqs_alignment_3462_F_GC_0.62_avg_34.4322_std_5.51621_Tm_38.41,AGGTGCTTCTGGG
WNV-1104seqs_alignment_3382_F_GC_0.69_avg_34.4322_std_5.51621_Tm_41.56,TCACAGGGTGCCG
WNV-1104seqs_alignment_3305_F_GC_0.62_avg_34.4322_std_5.51621_Tm_38.41,GACTGCTGGTGCA
WNV-1104seqs_alignment_3230_F_GC_0.69_avg_34.4322_std_5.51621_Tm_41.56,CCATGGACGGGGA
WNV-1104seqs_alignment_3162_F_GC_0.54_avg_34.4322_std_5.51621_Tm_35.25,GTGTACTCAGACC
WNV-1104seqs_alignment_3095_F_GC_0.62_avg_34.4322_std_5.51621_Tm_38.41,GTGGGGTGATGGA
WNV-1104seqs_alignment_3028_F_GC_0.54_avg_34.4322_std_5.51621_Tm_35.25,GTGTTGGAACTGC
WNV-1104seqs_alignment_2962_F_GC_0.46_avg_34.4322_std_5.51621_Tm_32.10,TTGGGGGTATTAC
WNV-1104seqs_alignment_2898_F_GC_0.46_avg_34.4322_std_5.51621_Tm_32.10,AAAACGTCCAGAC
WNV-1104seqs_alignment_2835_F_GC_0.54_avg_34.4322_std_5.51621_Tm_35.25,GCTATGCTGAGTC
WNV-1104seqs_alignment_2772_F_GC_0.46_avg_34.4322_std_5.51621_Tm_32.10,GCCAATGAAATGG
WNV-1104seqs_alignment_2709_F_GC_0.46_avg_34.4322_std_5.51621_Tm_32.10,GGAAGCAACACAA
WNV-1104seqs_alignment_2646_F_GC_0.54_avg_34.4322_std_5.51621_Tm_35.25,GAAGAACACCGCA
WNV-1104seqs_alignment_2584_F_GC_0.38_avg_34.4322_std_5.51621_Tm_28.95,GTCATGCAGAAAA
WNV-1104seqs_alignment_2522_F_GC_0.62_avg_34.4322_std_5.51621_Tm_38.41,TTGGGCTGATCGC
WNV-1104seqs_alignment_2460_F_GC_0.38_avg_34.4322_std_5.51621_Tm_28.95,ATGGAAGAGTCAT
WNV-1104seqs_alignment_2398_F_GC_0.38_avg_34.4322_std_5.51621_Tm_28.95,TGGAGTTTGAAGA
WNV-1104seqs_alignment_2336_F_GC_0.62_avg_34.4322_std_5.51621_Tm_38.41,ACGTCCAAGCCAG
WNV-1104seqs_alignment_2274_F_GC_0.38_avg_34.4322_std_5.51621_Tm_28.95,GGATAACTGAGTA
WNV-1104seqs_alignment_2213_F_GC_0.46_avg_34.4322_std_5.51621_Tm_32.10,TGCAAAGGAAAGG
WNV-1104seqs_alignment_2152_F_GC_0.46_avg_34.4322_std_5.51621_Tm_32.10,CAGGAGTGTTCAA
WNV-1104seqs_alignment_2091_F_GC_0.54_avg_34.4322_std_5.51621_Tm_35.25,GGAGCGATGTTTG
WNV-1104seqs_alignment_2030_F_GC_0.54_avg_34.4322_std_5.51621_Tm_35.25,ATGGGAAGTGCCT
WNV-1104seqs_alignment_1970_F_GC_0.54_avg_34.4322_std_5.51621_Tm_35.25,GCACAAATCTGGG
WNV-1104seqs_alignment_1910_F_GC_0.54_avg_34.4322_std_5.51621_Tm_35.25,TTGTGGATCTCGG
WNV-1104seqs_alignment_1850_F_GC_0.69_avg_34.4322_std_5.51621_Tm_41.56,TGCACCCTCCCTC
WNV-1104seqs_alignment_1790_F_GC_0.54_avg_34.4322_std_5.51621_Tm_35.25,CTTGTGAATGGGG
WNV-1104seqs_alignment_1730_F_GC_0.62_avg_34.4322_std_5.51621_Tm_38.41,CGGTTGGAGGAGT
WNV-1104seqs_alignment_1670_F_GC_0.46_avg_34.4322_std_5.51621_Tm_32.10,GGAACAGTATGGA
WNV-1104seqs_alignment_1611_F_GC_0.62_avg_34.4322_std_5.51621_Tm_38.41,CAGGCCTCAAGAG
WNV-1104seqs_alignment_1553_F_GC_0.38_avg_34.4322_std_5.51621_Tm_28.95,GTTGAATCTCATG
WNV-1104seqs_alignment_1495_F_GC_0.54_avg_34.4322_std_5.51621_Tm_35.25,TAGCTTCGGTCAG
WNV-1104seqs_alignment_1437_F_GC_0.69_avg_34.4322_std_5.51621_Tm_41.56,TCTCCAGGGGCTG
WNV-1104seqs_alignment_1380_F_GC_0.38_avg_34.4322_std_5.51621_Tm_28.95,GCGTTTACAGAAT
WNV-1104seqs_alignment_1323_F_GC_0.54_avg_34.4322_std_5.51621_Tm_35.25,TCACAGGCTCTAG
WNV-1104seqs_alignment_1268_F_GC_0.46_avg_34.4322_std_5.51621_Tm_32.10,GCTTTCTGGAGTT
WNV-1104seqs_alignment_1218_F_GC_0.46_avg_34.4322_std_5.51621_Tm_32.10,CACAGCAATTGCT
WNV-1104seqs_alignment_1170_F_GC_0.46_avg_34.4322_std_5.51621_Tm_32.10,GTTTCTTAGCACG
WNV-1104seqs_alignment_1128_F_GC_0.62_avg_34.4322_std_5.51621_Tm_38.41,GTGAAGGACGAGC
WNV-1104seqs_alignment_1096_F_GC_0.54_avg_34.4322_std_5.51621_Tm_35.25,GAGGAGGAAAGAC
WNV-1104seqs_alignment_1064_F_GC_0.62_avg_34.4322_std_5.51621_Tm_38.41,CCTGTGTGAGCTG
WNV-1104seqs_alignment_1036_F_GC_0.54_avg_34.4322_std_5.51621_Tm_35.25,ACACCCATCATGC
WNV-1104seqs_alignment_1008_F_GC_0.54_avg_34.4322_std_5.51621_Tm_35.25,CTGAGATGCTGAG
WNV-1104seqs_alignment_982_F_GC_0.38_avg_34.4322_std_5.51621_Tm_28.95,CACTATTCACACT
WNV-1104seqs_alignment_959_F_GC_0.38_avg_34.4322_std_5.51621_Tm_28.95,TCCATAACATGGA
WNV-1104seqs_alignment_936_F_GC_0.38_avg_34.4322_std_5.51621_Tm_28.95,TTGTGTTTGTCGT
WNV-1104seqs_alignment_914_F_GC_0.62_avg_34.4322_std_5.51621_Tm_38.41,GGGAGATCCCTGA
WNV-1104seqs_alignment_894_F_GC_0.46_avg_34.4322_std_5.51621_Tm_32.10,ACCATTGGCACAA
WNV-1104seqs_alignment_875_F_GC_0.38_avg_34.4322_std_5.51621_Tm_28.95,ATAGAGGAGAATG
WNV-1104seqs_alignment_856_F_GC_0.54_avg_34.4322_std_5.51621_Tm_35.25,AGAATCGCGCTTG
WNV-1104seqs_alignment_838_F_GC_0.38_avg_34.4322_std_5.51621_Tm_28.95,GAAAGAGTTGATG
WNV-1104seqs_alignment_820_F_GC_0.31_avg_34.4322_std_5.51621_Tm_25.79,TGTGAACAAACAA
WNV-1104seqs_alignment_804_F_GC_0.54_avg_34.4322_std_5.51621_Tm_35.25,GAGCTCACATACC
WNV-1104seqs_alignment_788_F_GC_0.31_avg_34.4322_std_5.51621_Tm_25.79,GTGACTTGATAAT
WNV-1104seqs_alignment_773_F_GC_0.46_avg_34.4322_std_5.51621_Tm_32.10,TCCTCTCAAAACC
WNV-1104seqs_alignment_759_F_GC_0.54_avg_34.4322_std_5.51621_Tm_35.25,CCATGGATGGAGA
WNV-1104seqs_alignment_745_F_GC_0.69_avg_34.4322_std_5.51621_Tm_41.56,AGGGGGACACGAC
WNV-1104seqs_alignment_719_F_GC_0.54_avg_34.4322_std_5.51621_Tm_35.25,AGATGGGTTGGCT
WNV-1104seqs_alignment_707_F_GC_0.54_avg_34.4322_std_5.51621_Tm_35.25,GTCAGCGATCTCT
WNV-1104seqs_alignment_696_F_GC_0.62_avg_34.4322_std_5.51621_Tm_38.41,TAGGCAGAGCTCG
WNV-1104seqs_alignment_685_F_GC_0.62_avg_34.4322_std_5.51621_Tm_38.41,GACACAGGTCACG
WNV-1104seqs_alignment_674_F_GC_0.38_avg_34.4322_std_5.51621_Tm_28.95,TACGAATGGATCA
WNV-1104seqs_alignment_663_F_GC_0.54_avg_34.4322_std_5.51621_Tm_35.25,CTACTCCACACAG
WNV-1104seqs_alignment_653_F_GC_0.62_avg_34.4322_std_5.51621_Tm_38.41,AGCGGAAGGGCAT
WNV-1104seqs_alignment_643_F_GC_0.77_avg_34.4322_std_5.51621_Tm_44.72,ACCAGGAGGGCCC
WNV-1104seqs_alignment_633_F_GC_0.38_avg_34.4322_std_5.51621_Tm_28.95,ATTTGTGTTGGCT
WNV-1104seqs_alignment_623_F_GC_0.38_avg_34.4322_std_5.51621_Tm_28.95,ATCGTCACAAAGT
WNV-1104seqs_alignment_613_F_GC_0.54_avg_34.4322_std_5.51621_Tm_35.25,TGATCCTGGGAGA
WNV-1104seqs_alignment_603_F_GC_0.62_avg_34.4322_std_5.51621_Tm_38.41,GCATGGCTGTCAG
WNV-1104seqs_alignment_593_F_GC_0.62_avg_34.4322_std_5.51621_Tm_38.41,CTTGCTGCTGGAC
WNV-1104seqs_alignment_584_F_GC_0.54_avg_34.4322_std_5.51621_Tm_35.25,GCACCAAATGTGG
WNV-1104seqs_alignment_575_F_GC_0.54_avg_34.4322_std_5.51621_Tm_35.25,CACCTTACCACCA
WNV-1104seqs_alignment_567_F_GC_0.54_avg_34.4322_std_5.51621_Tm_35.25,CTAGTCCTGGTGT
WNV-1104seqs_alignment_559_F_GC_0.62_avg_34.4322_std_5.51621_Tm_38.41,TGACCAGCCAGGT
WNV-1104seqs_alignment_551_F_GC_0.46_avg_34.4322_std_5.51621_Tm_32.10,TACGTCAGGTATG
WNV-1104seqs_alignment_543_F_GC_0.62_avg_34.4322_std_5.51621_Tm_38.41,TGGAACGGTGGTG
WNV-1104seqs_alignment_536_F_GC_0.31_avg_34.4322_std_5.51621_Tm_25.79,AGAACGTTAAGAA
WNV-1104seqs_alignment_47338_R_GC_0.69_avg_32.6529_std_6.07538_Tm_41.56,CAGGCAGCACCGT
WNV-1104seqs_alignment_45366_R_GC_0.62_avg_32.6529_std_6.07538_Tm_38.41,GTCCACCTCTTGC
WNV-1104seqs_alignment_44270_R_GC_0.54_avg_32.6529_std_6.07538_Tm_35.25,GCCACATGAACCA
WNV-1104seqs_alignment_43187_R_GC_0.54_avg_32.6529_std_6.07538_Tm_35.25,CCCATCCACAACA
WNV-1104seqs_alignment_42107_R_GC_0.38_avg_32.6529_std_6.07538_Tm_28.95,ACATGACATCAAC
WNV-1104seqs_alignment_41029_R_GC_0.38_avg_32.6529_std_6.07538_Tm_28.95,TCCACATACTTCT
WNV-1104seqs_alignment_39959_R_GC_0.31_avg_32.6529_std_6.07538_Tm_25.79,CATTCATAAGTGA
WNV-1104seqs_alignment_38891_R_GC_0.38_avg_32.6529_std_6.07538_Tm_28.95,GCATGTTGATGTT
WNV-1104seqs_alignment_37828_R_GC_0.46_avg_32.6529_std_6.07538_Tm_32.10,CTCCTCTCTTTGT
WNV-1104seqs_alignment_36766_R_GC_0.38_avg_32.6529_std_6.07538_Tm_28.95,CAAAGGTGTTGTT
WNV-1104seqs_alignment_35706_R_GC_0.46_avg_32.6529_std_6.07538_Tm_32.10,GTTGTTCCCTTCA
WNV-1104seqs_alignment_34652_R_GC_0.31_avg_32.6529_std_6.07538_Tm_25.79,AAGCCATTTGAAA
WNV-1104seqs_alignment_33603_R_GC_0.31_avg_32.6529_std_6.07538_Tm_25.79,CATGATTTGACTT
WNV-1104seqs_alignment_32556_R_GC_0.38_avg_32.6529_std_6.07538_Tm_28.95,GCTCCTTTCTTTT
WNV-1104seqs_alignment_31517_R_GC_0.38_avg_32.6529_std_6.07538_Tm_28.95,TTCGTGATGACTT
WNV-1104seqs_alignment_30483_R_GC_0.46_avg_32.6529_std_6.07538_Tm_32.10,TTGTCATCCACTC
WNV-1104seqs_alignment_29453_R_GC_0.46_avg_32.6529_std_6.07538_Tm_32.10,GTTGTTCTCCTCT
WNV-1104seqs_alignment_28425_R_GC_0.46_avg_32.6529_std_6.07538_Tm_32.10,AACCACTCACGAT
WNV-1104seqs_alignment_27399_R_GC_0.38_avg_32.6529_std_6.07538_Tm_28.95,TCTCAATCCACAT
WNV-1104seqs_alignment_26373_R_GC_0.46_avg_32.6529_std_6.07538_Tm_32.10,TCCATCCTTTCAC
WNV-1104seqs_alignment_25348_R_GC_0.54_avg_32.6529_std_6.07538_Tm_35.25,CTCCGATGTCACA
WNV-1104seqs_alignment_24323_R_GC_0.77_avg_32.6529_std_6.07538_Tm_44.72,CCAACCCCCACGC
WNV-1104seqs_alignment_23299_R_GC_0.38_avg_32.6529_std_6.07538_Tm_28.95,CTTCCATCTTTCA
WNV-1104seqs_alignment_22275_R_GC_0.62_avg_32.6529_std_6.07538_Tm_38.41,ATCACCCTGCTCG
WNV-1104seqs_alignment_21253_R_GC_0.62_avg_32.6529_std_6.07538_Tm_38.41,GGCAGTTCCTCCA
WNV-1104seqs_alignment_20232_R_GC_0.62_avg_32.6529_std_6.07538_Tm_38.41,CCGCACACTCCTT
WNV-1104seqs_alignment_19211_R_GC_0.54_avg_32.6529_std_6.07538_Tm_35.25,CCATCCACTACAG
WNV-1104seqs_alignment_18192_R_GC_0.38_avg_32.6529_std_6.07538_Tm_28.95,CAAATCAGGAACA
WNV-1104seqs_alignment_17173_R_GC_0.46_avg_32.6529_std_6.07538_Tm_32.10,TAGTTCCAGGTTC
WNV-1104seqs_alignment_16155_R_GC_0.46_avg_32.6529_std_6.07538_Tm_32.10,CTAGAGACTGGAT
WNV-1104seqs_alignment_15137_R_GC_0.46_avg_32.6529_std_6.07538_Tm_32.10,GTTTCTCCACATC
WNV-1104seqs_alignment_14120_R_GC_0.38_avg_32.6529_std_6.07538_Tm_28.95,ATGTAATCTGACG
WNV-1104seqs_alignment_13104_R_GC_0.62_avg_32.6529_std_6.07538_Tm_38.41,CCTCTGCCAGGTT
WNV-1104seqs_alignment_12088_R_GC_0.54_avg_32.6529_std_6.07538_Tm_35.25,AGACGCCGATGTT
WNV-1104seqs_alignment_11073_R_GC_0.62_avg_32.6529_std_6.07538_Tm_38.41,TCCGGGATCTCAG
WNV-1104seqs_alignment_10058_R_GC_0.54_avg_32.6529_std_6.07538_Tm_35.25,CTTTCCGCTCTCT
WNV-1104seqs_alignment_9046_R_GC_0.62_avg_32.6529_std_6.07538_Tm_38.41,CCTCTCGAGAGCA
WNV-1104seqs_alignment_8035_R_GC_0.54_avg_32.6529_std_6.07538_Tm_35.25,ACCAGGGCATATC
WNV-1104seqs_alignment_7025_R_GC_0.62_avg_32.6529_std_6.07538_Tm_38.41,ACCTCATCCTGCC
WNV-1104seqs_alignment_6017_R_GC_0.46_avg_32.6529_std_6.07538_Tm_32.10,CCCAATACATCTC
WNV-1104seqs_alignment_5015_R_GC_0.46_avg_32.6529_std_6.07538_Tm_32.10,CCACTTCGTACTT
WNV-1104seqs_alignment_4014_R_GC_0.69_avg_32.6529_std_6.07538_Tm_41.56,TTGAGCTCCGCCG
WNV-1104seqs_alignment_3028_R_GC_0.54_avg_32.6529_std_6.07538_Tm_35.25,CCCAGTACATCTC
WNV-1104seqs_alignment_2937_R_GC_0.31_avg_32.6529_std_6.07538_Tm_25.79,TCATACTTGATGT
WNV-1104seqs_alignment_2862_R_GC_0.54_avg_32.6529_std_6.07538_Tm_35.25,CTCTCGATCCACA
WNV-1104seqs_alignment_2794_R_GC_0.23_avg_32.6529_std_6.07538_Tm_22.64,CATTTTTCATGAT
WNV-1104seqs_alignment_2726_R_GC_0.46_avg_32.6529_std_6.07538_Tm_32.10,TCTCCAATGTCAC
WNV-1104seqs_alignment_2662_R_GC_0.46_avg_32.6529_std_6.07538_Tm_32.10,TCATCCATTCTCC
WNV-1104seqs_alignment_2598_R_GC_0.38_avg_32.6529_std_6.07538_Tm_28.95,TGTTGATGTAGTC
WNV-1104seqs_alignment_2534_R_GC_0.31_avg_32.6529_std_6.07538_Tm_25.79,TTCATGATCAGTT
WNV-1104seqs_alignment_2470_R_GC_0.62_avg_32.6529_std_6.07538_Tm_38.41,CTGCTCCATGGCA
WNV-1104seqs_alignment_2407_R_GC_0.62_avg_32.6529_std_6.07538_Tm_38.41,TCCAGGCTCTGTC
WNV-1104seqs_alignment_2344_R_GC_0.46_avg_32.6529_std_6.07538_Tm_32.10,CTTCCATTCTCTC
WNV-1104seqs_alignment_2281_R_GC_0.54_avg_32.6529_std_6.07538_Tm_35.25,CACTCTCAGTGGT
WNV-1104seqs_alignment_2219_R_GC_0.46_avg_32.6529_std_6.07538_Tm_32.10,GCATCCATCCAAT
WNV-1104seqs_alignment_2157_R_GC_0.62_avg_32.6529_std_6.07538_Tm_38.41,CCTCTTCCCACCA
WNV-1104seqs_alignment_2095_R_GC_0.38_avg_32.6529_std_6.07538_Tm_28.95,CTTCCATGTTCAT
WNV-1104seqs_alignment_2033_R_GC_0.23_avg_32.6529_std_6.07538_Tm_22.64,TCTTTTGTTTTGT
WNV-1104seqs_alignment_1971_R_GC_0.69_avg_32.6529_std_6.07538_Tm_41.56,CCATCCTCCTCGC
WNV-1104seqs_alignment_1910_R_GC_0.38_avg_32.6529_std_6.07538_Tm_28.95,TCACTTCATAGCT
WNV-1104seqs_alignment_1849_R_GC_0.38_avg_32.6529_std_6.07538_Tm_28.95,AGTTCAAGAACCT
WNV-1104seqs_alignment_1789_R_GC_0.54_avg_32.6529_std_6.07538_Tm_35.25,GGACCTCATCATG
WNV-1104seqs_alignment_1730_R_GC_0.62_avg_32.6529_std_6.07538_Tm_38.41,CCACTAACCACCG
WNV-1104seqs_alignment_1671_R_GC_0.46_avg_32.6529_std_6.07538_Tm_32.10,GGCCTTTTCCTTT
WNV-1104seqs_alignment_1613_R_GC_0.46_avg_32.6529_std_6.07538_Tm_32.10,CTGCATGTGCTTT
WNV-1104seqs_alignment_1555_R_GC_0.46_avg_32.6529_std_6.07538_Tm_32.10,ATTGTCTGAAGGG
WNV-1104seqs_alignment_1497_R_GC_0.54_avg_32.6529_std_6.07538_Tm_35.25,CACATCCTGGGTT
WNV-1104seqs_alignment_1439_R_GC_0.54_avg_32.6529_std_6.07538_Tm_35.25,CTGTCGATCACTC
WNV-1104seqs_alignment_1382_R_GC_0.54_avg_32.6529_std_6.07538_Tm_35.25,GTGTGAGCACACA
WNV-1104seqs_alignment_1328_R_GC_0.46_avg_32.6529_std_6.07538_Tm_32.10,CTTTCACCAAGCT
WNV-1104seqs_alignment_1275_R_GC_0.46_avg_32.6529_std_6.07538_Tm_32.10,GCCCCTTTCTTTT
WNV-1104seqs_alignment_1184_R_GC_0.31_avg_32.6529_std_6.07538_Tm_25.79,TTTCTCCTCAAAA
WNV-1104seqs_alignment_1142_R_GC_0.38_avg_32.6529_std_6.07538_Tm_28.95,TAAGCCATTTGGA
WNV-1104seqs_alignment_1101_R_GC_0.31_avg_32.6529_std_6.07538_Tm_25.79,TGTCTTCATATCT
WNV-1104seqs_alignment_1064_R_GC_0.23_avg_32.6529_std_6.07538_Tm_22.64,ATGATTTAACTTC
WNV-1104seqs_alignment_1034_R_GC_0.38_avg_32.6529_std_6.07538_Tm_28.95,CATATGTTGTTCC
WNV-1104seqs_alignment_1004_R_GC_0.69_avg_32.6529_std_6.07538_Tm_41.56,CCTTGGTCTCCGG
WNV-1104seqs_alignment_976_R_GC_0.62_avg_32.6529_std_6.07538_Tm_38.41,CCTTTGGTGAGGG
WNV-1104seqs_alignment_949_R_GC_0.69_avg_32.6529_std_6.07538_Tm_41.56,TCCAGGGTCCTCC
WNV-1104seqs_alignment_929_R_GC_0.54_avg_32.6529_std_6.07538_Tm_35.25,ACTCAACTTCCGG
WNV-1104seqs_alignment_909_R_GC_0.46_avg_32.6529_std_6.07538_Tm_32.10,ATCAGTCCGTTTG
WNV-1104seqs_alignment_889_R_GC_0.54_avg_32.6529_std_6.07538_Tm_35.25,CACATTCTGGGAC
WNV-1104seqs_alignment_870_R_GC_0.69_avg_32.6529_std_6.07538_Tm_41.56,GCCGACAGCACTG
WNV-1104seqs_alignment_851_R_GC_0.69_avg_32.6529_std_6.07538_Tm_41.56,TGGCAGGTCCACG
WNV-1104seqs_alignment_832_R_GC_0.46_avg_32.6529_std_6.07538_Tm_32.10,AGCATCCAACCAA
WNV-1104seqs_alignment_815_R_GC_0.38_avg_32.6529_std_6.07538_Tm_28.95,CCACTTCATACTT
WNV-1104seqs_alignment_798_R_GC_0.31_avg_32.6529_std_6.07538_Tm_25.79,AATCTCATTTCCA
WNV-1104seqs_alignment_782_R_GC_0.46_avg_32.6529_std_6.07538_Tm_32.10,AGCCACATAAACC
WNV-1104seqs_alignment_766_R_GC_0.31_avg_32.6529_std_6.07538_Tm_25.79,TCACATCATAACT
WNV-1104seqs_alignment_750_R_GC_0.54_avg_32.6529_std_6.07538_Tm_35.25,GCTGGTTGTCTGT
WNV-1104seqs_alignment_735_R_GC_0.54_avg_32.6529_std_6.07538_Tm_35.25,GTTTTGCTGTGCC
WNV-1104seqs_alignment_720_R_GC_0.46_avg_32.6529_std_6.07538_Tm_32.10,AGAGCCAAGCATA
WNV-1104seqs_alignment_706_R_GC_0.54_avg_32.6529_std_6.07538_Tm_35.25,CCCCATCAAGCAA
WNV-1104seqs_alignment_692_R_GC_0.31_avg_32.6529_std_6.07538_Tm_25.79,GCATGTTAATGTT
WNV-1104seqs_alignment_678_R_GC_0.54_avg_32.6529_std_6.07538_Tm_35.25,GAACTGCCCTTTC
WNV-1104seqs_alignment_665_R_GC_0.46_avg_32.6529_std_6.07538_Tm_32.10,GCCTCCATATTCA
WNV-1104seqs_alignment_652_R_GC_0.31_avg_32.6529_std_6.07538_Tm_25.79,TTATTGAGGTCAA
WNV-1104seqs_alignment_639_R_GC_0.62_avg_32.6529_std_6.07538_Tm_38.41,TCTTCCGGCTGTC
WNV-1104seqs_alignment_615_R_GC_0.54_avg_32.6529_std_6.07538_Tm_35.25,ACCACCAGTGTTC
WNV-1104seqs_alignment_604_R_GC_0.54_avg_32.6529_std_6.07538_Tm_35.25,CTGACTTTGGGTC
WNV-1104seqs_alignment_593_R_GC_0.54_avg_32.6529_std_6.07538_Tm_35.25,TGATGCCCATCCA
WNV-1104seqs_alignment_573_R_GC_0.54_avg_32.6529_std_6.07538_Tm_35.25,CTGGGATCTCAGT
WNV-1104seqs_alignment_564_R_GC_0.46_avg_32.6529_std_6.07538_Tm_32.10,TTCATACCTCCTC
WNV-1104seqs_alignment_555_R_GC_0.54_avg_32.6529_std_6.07538_Tm_35.25,AGAGCATCTGGCA
WNV-1104seqs_alignment_546_R_GC_0.23_avg_32.6529_std_6.07538_Tm_22.64,TTTATGCATACTT
WNV-1104seqs_alignment_530_R_GC_0.46_avg_32.6529_std_6.07538_Tm_32.10,TGGTTGATAGCCA
WNV-1104seqs_alignment_522_R_GC_0.54_avg_32.6529_std_6.07538_Tm_35.25,AGGTTGAGGTCCA
WNV-1104seqs_alignment_514_R_GC_0.46_avg_32.6529_std_6.07538_Tm_32.10,ATTCCCATCCACA
WNV-1104seqs_alignment_506_R_GC_0.54_avg_32.6529_std_6.07538_Tm_35.25,CCACATTGCCTGA
WNV-1104seqs_alignment_498_R_GC_0.54_avg_32.6529_std_6.07538_Tm_35.25,GATGTGGCAGAGT
WNV-1104seqs_alignment_491_R_GC_0.46_avg_32.6529_std_6.07538_Tm_32.10,ACTGATCGTAGAC
