YFV-62seqs_alignment_2706_F_GC_0.46_avg_32.9003_std_5.12947_Tm_32.10,TCTGCAAATCGAG
YFV-62seqs_alignment_2582_F_GC_0.62_avg_32.9003_std_5.12947_Tm_38.41,AGAACCGGACTCC
YFV-62seqs_alignment_2523_F_GC_0.38_avg_32.9003_std_5.12947_Tm_28.95,ATGATGAACAGGA
YFV-62seqs_alignment_2467_F_GC_0.46_avg_32.9003_std_5.12947_Tm_32.10,TTGGTGAGCATGA
YFV-62seqs_alignment_2413_F_GC_0.54_avg_32.9003_std_5.12947_Tm_35.25,TTCATTGAGGGGG
YFV-62seqs_alignment_2360_F_GC_0.54_avg_32.9003_std_5.12947_Tm_35.25,ACATCTGAGGACC
YFV-62seqs_alignment_2308_F_GC_0.54_avg_32.9003_std_5.12947_Tm_35.25,TGCTCATCGGCTT
YFV-62seqs_alignment_2257_F_GC_0.54_avg_32.9003_std_5.12947_Tm_35.25,GGAATGGACCCAT
YFV-62seqs_alignment_2206_F_GC_0.31_avg_32.9003_std_5.12947_Tm_25.79,ATGACAATGACAA
YFV-62seqs_alignment_2156_F_GC_0.54_avg_32.9003_std_5.12947_Tm_35.25,GATGGTGGTTGTG
YFV-62seqs_alignment_2106_F_GC_0.54_avg_32.9003_std_5.12947_Tm_35.25,CGCAGCAGTCAAA
YFV-62seqs_alignment_2056_F_GC_0.38_avg_32.9003_std_5.12947_Tm_28.95,AGGAAGATCATGA
YFV-62seqs_alignment_2007_F_GC_0.62_avg_32.9003_std_5.12947_Tm_38.41,AAGACCCGGCAAG
YFV-62seqs_alignment_1959_F_GC_0.46_avg_32.9003_std_5.12947_Tm_32.10,AACATGATGGGGA
YFV-62seqs_alignment_1911_F_GC_0.38_avg_32.9003_std_5.12947_Tm_28.95,TCTGAAATGAAGG
YFV-62seqs_alignment_1863_F_GC_0.62_avg_32.9003_std_5.12947_Tm_38.41,GGGAAGGTGGACA
YFV-62seqs_alignment_1815_F_GC_0.62_avg_32.9003_std_5.12947_Tm_38.41,GATAGAGGCTGGG
YFV-62seqs_alignment_1768_F_GC_0.54_avg_32.9003_std_5.12947_Tm_35.25,ACTCTGAGGAAGG
YFV-62seqs_alignment_1721_F_GC_0.62_avg_32.9003_std_5.12947_Tm_38.41,AAGCTTGCCCAGG
YFV-62seqs_alignment_1674_F_GC_0.62_avg_32.9003_std_5.12947_Tm_38.41,GGGAGAATGTGCC
YFV-62seqs_alignment_1628_F_GC_0.54_avg_32.9003_std_5.12947_Tm_35.25,TTGGCTCTGCCTT
YFV-62seqs_alignment_1582_F_GC_0.31_avg_32.9003_std_5.12947_Tm_25.79,ACAATCTTGATGA
YFV-62seqs_alignment_1536_F_GC_0.54_avg_32.9003_std_5.12947_Tm_35.25,AAGAGTGCCCATG
YFV-62seqs_alignment_1491_F_GC_0.54_avg_32.9003_std_5.12947_Tm_35.25,GCAGAGATGGTGA
YFV-62seqs_alignment_1446_F_GC_0.46_avg_32.9003_std_5.12947_Tm_32.10,GAGACTCTGATGA
YFV-62seqs_alignment_1401_F_GC_0.38_avg_32.9003_std_5.12947_Tm_28.95,AAGCAGAAGAAAC
YFV-62seqs_alignment_1357_F_GC_0.31_avg_32.9003_std_5.12947_Tm_25.79,CATTTTCCAGAAT
YFV-62seqs_alignment_1314_F_GC_0.54_avg_32.9003_std_5.12947_Tm_35.25,ATCAGGAACCCTC
YFV-62seqs_alignment_1271_F_GC_0.54_avg_32.9003_std_5.12947_Tm_35.25,TGCAGTTGGAGGA
YFV-62seqs_alignment_1229_F_GC_0.54_avg_32.9003_std_5.12947_Tm_35.25,GAGAGGTGATTGG
YFV-62seqs_alignment_1188_F_GC_0.38_avg_32.9003_std_5.12947_Tm_28.95,ATGGTCGATTCAT
YFV-62seqs_alignment_1147_F_GC_0.54_avg_32.9003_std_5.12947_Tm_35.25,GCTCTCTCCAATG
YFV-62seqs_alignment_1106_F_GC_0.38_avg_32.9003_std_5.12947_Tm_28.95,TGGTGTTTTGAAG
YFV-62seqs_alignment_1066_F_GC_0.54_avg_32.9003_std_5.12947_Tm_35.25,AATGCCAGGTGCA
YFV-62seqs_alignment_1026_F_GC_0.46_avg_32.9003_std_5.12947_Tm_32.10,TGGACAGGAGAAA
YFV-62seqs_alignment_986_F_GC_0.38_avg_32.9003_std_5.12947_Tm_28.95,ATCCATTTGCTCT
YFV-62seqs_alignment_946_F_GC_0.46_avg_32.9003_std_5.12947_Tm_32.10,ATAATGCCCACCA
YFV-62seqs_alignment_906_F_GC_0.38_avg_32.9003_std_5.12947_Tm_28.95,TGATTCCATCTTG
YFV-62seqs_alignment_867_F_GC_0.31_avg_32.9003_std_5.12947_Tm_25.79,GCAATCAATAAAG
YFV-62seqs_alignment_828_F_GC_0.54_avg_32.9003_std_5.12947_Tm_35.25,TAGGGGTCCTTCA
YFV-62seqs_alignment_789_F_GC_0.46_avg_32.9003_std_5.12947_Tm_32.10,ACCTTCAAGGACA
YFV-62seqs_alignment_753_F_GC_0.38_avg_32.9003_std_5.12947_Tm_28.95,ATGACAACAACCT
YFV-62seqs_alignment_681_F_GC_0.46_avg_32.9003_std_5.12947_Tm_32.10,GGCAATGGAATTC
YFV-62seqs_alignment_664_F_GC_0.46_avg_32.9003_std_5.12947_Tm_32.10,AGTGGTGCTTTGA
YFV-62seqs_alignment_648_F_GC_0.54_avg_32.9003_std_5.12947_Tm_35.25,GGTCTGTTCATGG
YFV-62seqs_alignment_632_F_GC_0.46_avg_32.9003_std_5.12947_Tm_32.10,GGACTGTCTATGT
YFV-62seqs_alignment_618_F_GC_0.38_avg_32.9003_std_5.12947_Tm_28.95,ACAAGTGAAGACA
YFV-62seqs_alignment_604_F_GC_0.38_avg_32.9003_std_5.12947_Tm_28.95,CAGTGAATGGAAA
YFV-62seqs_alignment_591_F_GC_0.38_avg_32.9003_std_5.12947_Tm_28.95,AACATGATGGGAA
YFV-62seqs_alignment_578_F_GC_0.69_avg_32.9003_std_5.12947_Tm_41.56,CATCCTGGGCCTC
YFV-62seqs_alignment_565_F_GC_0.54_avg_32.9003_std_5.12947_Tm_35.25,GATGACTGGCTGA
YFV-62seqs_alignment_539_F_GC_0.69_avg_32.9003_std_5.12947_Tm_41.56,CACCGCATCCGGA
YFV-62seqs_alignment_527_F_GC_0.38_avg_32.9003_std_5.12947_Tm_28.95,GAACATCATCACT
YFV-62seqs_alignment_515_F_GC_0.38_avg_32.9003_std_5.12947_Tm_28.95,ACTGTGGTTATCA
YFV-62seqs_alignment_503_F_GC_0.62_avg_32.9003_std_5.12947_Tm_38.41,ACCGCAGTGGACT
YFV-62seqs_alignment_491_F_GC_0.38_avg_32.9003_std_5.12947_Tm_28.95,TCAATCCAATAGC
YFV-62seqs_alignment_479_F_GC_0.62_avg_32.9003_std_5.12947_Tm_38.41,TCTTGCTGGCTGG
YFV-62seqs_alignment_467_F_GC_0.46_avg_32.9003_std_5.12947_Tm_32.10,GGAATCCTGATGA
YFV-62seqs_alignment_455_F_GC_0.62_avg_32.9003_std_5.12947_Tm_38.41,CTGGTGCAATGCG
YFV-62seqs_alignment_443_F_GC_0.54_avg_32.9003_std_5.12947_Tm_35.25,CCTTTCTGCTCTC
YFV-62seqs_alignment_432_F_GC_0.54_avg_32.9003_std_5.12947_Tm_35.25,ACCCTTACAGGAC
YFV-62seqs_alignment_421_F_GC_0.31_avg_32.9003_std_5.12947_Tm_25.79,AGGAAAATCATGA
YFV-62seqs_alignment_411_F_GC_0.46_avg_32.9003_std_5.12947_Tm_32.10,TACCCACACATGA
YFV-62seqs_alignment_402_F_GC_0.46_avg_32.9003_std_5.12947_Tm_32.10,ATCAGGAATCCTC
YFV-62seqs_alignment_393_F_GC_0.54_avg_32.9003_std_5.12947_Tm_35.25,TGTGGCCTGTTTG
YFV-62seqs_alignment_384_F_GC_0.38_avg_32.9003_std_5.12947_Tm_28.95,TGAAAGTGCAACA
YFV-62seqs_alignment_376_F_GC_0.46_avg_32.9003_std_5.12947_Tm_32.10,CATGGATGCAAGT
YFV-62seqs_alignment_368_F_GC_0.62_avg_32.9003_std_5.12947_Tm_38.41,GTCAGGTCCAGAC
YFV-62seqs_alignment_360_F_GC_0.54_avg_32.9003_std_5.12947_Tm_35.25,ATGGCTGAAGCTG
YFV-62seqs_alignment_352_F_GC_0.54_avg_32.9003_std_5.12947_Tm_35.25,ATGGCAGAAGCAG
YFV-62seqs_alignment_344_F_GC_0.46_avg_32.9003_std_5.12947_Tm_32.10,TGGTCACTGTCAA
YFV-62seqs_alignment_336_F_GC_0.69_avg_32.9003_std_5.12947_Tm_41.56,CCACCGCCTGGAA
YFV-62seqs_alignment_329_F_GC_0.69_avg_32.9003_std_5.12947_Tm_41.56,TCCATGGGGGCAC
YFV-62seqs_alignment_322_F_GC_0.54_avg_32.9003_std_5.12947_Tm_35.25,CAGATGGTTGCTC
YFV-62seqs_alignment_315_F_GC_0.31_avg_32.9003_std_5.12947_Tm_25.79,AATGACAACAACT
YFV-62seqs_alignment_308_F_GC_0.46_avg_32.9003_std_5.12947_Tm_32.10,CAGTATGGATGGA
YFV-62seqs_alignment_301_F_GC_0.46_avg_32.9003_std_5.12947_Tm_32.10,TTTGTCCTCATGG
YFV-62seqs_alignment_294_F_GC_0.31_avg_32.9003_std_5.12947_Tm_25.79,ATACATCCATTTG
YFV-62seqs_alignment_287_F_GC_0.54_avg_32.9003_std_5.12947_Tm_35.25,CTTGGATGCAGGT
YFV-62seqs_alignment_280_F_GC_0.62_avg_32.9003_std_5.12947_Tm_38.41,AAGTGGACACCGG
YFV-62seqs_alignment_273_F_GC_0.54_avg_32.9003_std_5.12947_Tm_35.25,CTGGTGAGCATGA
YFV-62seqs_alignment_266_F_GC_0.46_avg_32.9003_std_5.12947_Tm_32.10,ATCAGTGTGTTCC
YFV-62seqs_alignment_259_F_GC_0.69_avg_32.9003_std_5.12947_Tm_41.56,CCCAGAAACCCGC
YFV-62seqs_alignment_253_F_GC_0.54_avg_32.9003_std_5.12947_Tm_35.25,TCAGGAATCCCCT
YFV-62seqs_alignment_247_F_GC_0.46_avg_32.9003_std_5.12947_Tm_32.10,CAGCAATCAAAGC
YFV-62seqs_alignment_241_F_GC_0.46_avg_32.9003_std_5.12947_Tm_32.10,GTGGGAAAAGGAA
YFV-62seqs_alignment_235_F_GC_0.46_avg_32.9003_std_5.12947_Tm_32.10,ACTACTCAGAACC
YFV-62seqs_alignment_229_F_GC_0.54_avg_32.9003_std_5.12947_Tm_35.25,GAAAGGTGGACAC
YFV-62seqs_alignment_223_F_GC_0.38_avg_32.9003_std_5.12947_Tm_28.95,TGTCAGAGATGAA
YFV-62seqs_alignment_217_F_GC_0.54_avg_32.9003_std_5.12947_Tm_35.25,TGCTGTTCTGCAC
YFV-62seqs_alignment_211_F_GC_0.54_avg_32.9003_std_5.12947_Tm_35.25,GATGACGAGCAAG
YFV-62seqs_alignment_206_F_GC_0.46_avg_32.9003_std_5.12947_Tm_32.10,GAGGAATGGAAAG
YFV-62seqs_alignment_201_F_GC_0.46_avg_32.9003_std_5.12947_Tm_32.10,TGTTTTGAGGGTC
YFV-62seqs_alignment_196_F_GC_0.54_avg_32.9003_std_5.12947_Tm_35.25,CAATGGCTGTGGT
YFV-62seqs_alignment_191_F_GC_0.46_avg_32.9003_std_5.12947_Tm_32.10,GACGATGTTGTCT
YFV-62seqs_alignment_186_F_GC_0.38_avg_32.9003_std_5.12947_Tm_28.95,AAGTTCACAGACT
YFV-62seqs_alignment_181_F_GC_0.38_avg_32.9003_std_5.12947_Tm_28.95,GGAATATTGTGAC
YFV-62seqs_alignment_176_F_GC_0.38_avg_32.9003_std_5.12947_Tm_28.95,ACACTAGTCTGTT
YFV-62seqs_alignment_171_F_GC_0.69_avg_32.9003_std_5.12947_Tm_41.56,GCCTGCTCATGGG
YFV-62seqs_alignment_166_F_GC_0.46_avg_32.9003_std_5.12947_Tm_32.10,GAGCAAATGAGAG
YFV-62seqs_alignment_161_F_GC_0.46_avg_32.9003_std_5.12947_Tm_32.10,ACTAGGGTTGTTC
YFV-62seqs_alignment_156_F_GC_0.46_avg_32.9003_std_5.12947_Tm_32.10,TTCTTGCACTCTG
YFV-62seqs_alignment_151_F_GC_0.62_avg_32.9003_std_5.12947_Tm_38.41,GGGGGATCCTCAT
YFV-62seqs_alignment_146_F_GC_0.62_avg_32.9003_std_5.12947_Tm_38.41,CGTGGTCTGTCCA
YFV-62seqs_alignment_141_F_GC_0.46_avg_32.9003_std_5.12947_Tm_32.10,TTTGGTTCTGCCT
YFV-62seqs_alignment_136_F_GC_0.46_avg_32.9003_std_5.12947_Tm_32.10,GGGAAAGGAATTC
YFV-62seqs_alignment_131_F_GC_0.46_avg_32.9003_std_5.12947_Tm_32.10,TAGAGGGAAACAC
YFV-62seqs_alignment_126_F_GC_0.62_avg_32.9003_std_5.12947_Tm_38.41,GGTGCAATGAGGG
YFV-62seqs_alignment_121_F_GC_0.46_avg_32.9003_std_5.12947_Tm_32.10,ATGGTCTGCAGTA
YFV-62seqs_alignment_117_F_GC_0.54_avg_32.9003_std_5.12947_Tm_35.25,GGACACATCCGTT
YFV-62seqs_alignment_113_F_GC_0.54_avg_32.9003_std_5.12947_Tm_35.25,TGGGAAGAAGAGC
YFV-62seqs_alignment_110_F_GC_0.62_avg_32.9003_std_5.12947_Tm_38.41,GTGAAGTGGTGGG
YFV-62seqs_alignment_107_F_GC_0.38_avg_32.9003_std_5.12947_Tm_28.95,CTTCTTGTTCAAC
YFV-62seqs_alignment_104_F_GC_0.46_avg_32.9003_std_5.12947_Tm_32.10,AATGGCAAGAAGC
YFV-62seqs_alignment_101_F_GC_0.38_avg_32.9003_std_5.12947_Tm_28.95,GAAATGAAGGAAG
YFV-62seqs_alignment_98_F_GC_0.46_avg_32.9003_std_5.12947_Tm_32.10,AATCGGCCAAGAA
YFV-62seqs_alignment_95_F_GC_0.54_avg_32.9003_std_5.12947_Tm_35.25,CAGCTGAGGACTT
YFV-62seqs_alignment_89_F_GC_0.31_avg_32.9003_std_5.12947_Tm_25.79,ATTTCCATGAACT
YFV-62seqs_alignment_86_F_GC_0.62_avg_32.9003_std_5.12947_Tm_38.41,TTGGACTGCGCAC
YFV-62seqs_alignment_83_F_GC_0.46_avg_32.9003_std_5.12947_Tm_32.10,CGGACTGAAAACT
YFV-62seqs_alignment_80_F_GC_0.54_avg_32.9003_std_5.12947_Tm_35.25,CATTCTGAGGAGG
YFV-62seqs_alignment_77_F_GC_0.46_avg_32.9003_std_5.12947_Tm_32.10,TCTTCCTGGAATC
YFV-62seqs_alignment_74_F_GC_0.46_avg_32.9003_std_5.12947_Tm_32.10,GAGACTCAGATGA
YFV-62seqs_alignment_71_F_GC_0.46_avg_32.9003_std_5.12947_Tm_32.10,CCCTTTCCAGAAA
YFV-62seqs_alignment_68_F_GC_0.31_avg_32.9003_std_5.12947_Tm_25.79,GACATGGAAAATT
YFV-62seqs_alignment_65_F_GC_0.46_avg_32.9003_std_5.12947_Tm_32.10,TCCTACATCATGC
YFV-62seqs_alignment_60_F_GC_0.46_avg_32.9003_std_5.12947_Tm_32.10,TTGCAACGATGCT
YFV-62seqs_alignment_2730_R_GC_0.62_avg_34.4357_std_5.60971_Tm_38.41,GAGGGTCTCCTCT
YFV-62seqs_alignment_2615_R_GC_0.46_avg_34.4357_std_5.60971_Tm_32.10,CAAAGGTCTGCTT
YFV-62seqs_alignment_2554_R_GC_0.38_avg_34.4357_std_5.60971_Tm_28.95,TTTTATCCCGGTT
YFV-62seqs_alignment_2497_R_GC_0.54_avg_34.4357_std_5.60971_Tm_35.25,GCTGCCATTCAGA
YFV-62seqs_alignment_2443_R_GC_0.31_avg_34.4357_std_5.60971_Tm_25.79,TGTATTCAAAGAC
YFV-62seqs_alignment_2389_R_GC_0.54_avg_34.4357_std_5.60971_Tm_35.25,CTGGTGGATCCTT
YFV-62seqs_alignment_2336_R_GC_0.54_avg_34.4357_std_5.60971_Tm_35.25,CCACCACACTCTT
YFV-62seqs_alignment_2283_R_GC_0.46_avg_34.4357_std_5.60971_Tm_32.10,ACATCTGGCATGT
YFV-62seqs_alignment_2231_R_GC_0.38_avg_34.4357_std_5.60971_Tm_28.95,CTTTGCACATTCA
YFV-62seqs_alignment_2180_R_GC_0.69_avg_34.4357_std_5.60971_Tm_41.56,CAATGCGCCCCCT
YFV-62seqs_alignment_2129_R_GC_0.46_avg_34.4357_std_5.60971_Tm_32.10,ACAATGCCTTCAG
YFV-62seqs_alignment_2078_R_GC_0.54_avg_34.4357_std_5.60971_Tm_35.25,GTGACATGCCACA
YFV-62seqs_alignment_2029_R_GC_0.46_avg_34.4357_std_5.60971_Tm_32.10,CTCTTGCCAAAGT
YFV-62seqs_alignment_1980_R_GC_0.46_avg_34.4357_std_5.60971_Tm_32.10,TCATCACAACCTG
YFV-62seqs_alignment_1931_R_GC_0.46_avg_34.4357_std_5.60971_Tm_32.10,TACACACAAGTCC
YFV-62seqs_alignment_1883_R_GC_0.38_avg_34.4357_std_5.60971_Tm_28.95,GCATCAAACTTGA
YFV-62seqs_alignment_1835_R_GC_0.54_avg_34.4357_std_5.60971_Tm_35.25,GTCAACAGAGCCA
YFV-62seqs_alignment_1787_R_GC_0.54_avg_34.4357_std_5.60971_Tm_35.25,AGAATCCACCACC
YFV-62seqs_alignment_1739_R_GC_0.54_avg_34.4357_std_5.60971_Tm_35.25,GTTCACTCAGCAC
YFV-62seqs_alignment_1692_R_GC_0.69_avg_34.4357_std_5.60971_Tm_41.56,CAGCCTTGGCCAC
YFV-62seqs_alignment_1647_R_GC_0.69_avg_34.4357_std_5.60971_Tm_41.56,CCCATGACGGCCA
YFV-62seqs_alignment_1602_R_GC_0.46_avg_34.4357_std_5.60971_Tm_32.10,GGCATCACTGTTA
YFV-62seqs_alignment_1557_R_GC_0.46_avg_34.4357_std_5.60971_Tm_32.10,TTCAAGGAGCCTT
YFV-62seqs_alignment_1513_R_GC_0.46_avg_34.4357_std_5.60971_Tm_32.10,GGTCATTCCAATC
YFV-62seqs_alignment_1470_R_GC_0.62_avg_34.4357_std_5.60971_Tm_38.41,GTTTGACGCCTCC
YFV-62seqs_alignment_1427_R_GC_0.54_avg_34.4357_std_5.60971_Tm_35.25,AAGGTCACTCCAC
YFV-62seqs_alignment_1384_R_GC_0.69_avg_34.4357_std_5.60971_Tm_41.56,CCTGCCAGCACTC
YFV-62seqs_alignment_1342_R_GC_0.46_avg_34.4357_std_5.60971_Tm_32.10,GCCATATACATGG
YFV-62seqs_alignment_1300_R_GC_0.62_avg_34.4357_std_5.60971_Tm_38.41,GCCTGCTGAGTCA
YFV-62seqs_alignment_1259_R_GC_0.54_avg_34.4357_std_5.60971_Tm_35.25,TCCACCTCCACAA
YFV-62seqs_alignment_1218_R_GC_0.62_avg_34.4357_std_5.60971_Tm_38.41,ATCCGGCCAACTC
YFV-62seqs_alignment_1177_R_GC_0.62_avg_34.4357_std_5.60971_Tm_38.41,AGCCTCATGTCCC
YFV-62seqs_alignment_1136_R_GC_0.46_avg_34.4357_std_5.60971_Tm_32.10,GTGATGGTGTTCA
YFV-62seqs_alignment_1096_R_GC_0.46_avg_34.4357_std_5.60971_Tm_32.10,AGTGAGCTGAGTA
YFV-62seqs_alignment_1056_R_GC_0.38_avg_34.4357_std_5.60971_Tm_28.95,TCAGCTACTATCA
YFV-62seqs_alignment_1016_R_GC_0.31_avg_34.4357_std_5.60971_Tm_25.79,TCTGGTAAACATT
YFV-62seqs_alignment_976_R_GC_0.54_avg_34.4357_std_5.60971_Tm_35.25,GCCAAGATCTGTG
YFV-62seqs_alignment_936_R_GC_0.31_avg_34.4357_std_5.60971_Tm_25.79,ATTTTATCCTCTC
YFV-62seqs_alignment_897_R_GC_0.54_avg_34.4357_std_5.60971_Tm_35.25,GTTTTCCTTGGCC
YFV-62seqs_alignment_858_R_GC_0.69_avg_34.4357_std_5.60971_Tm_41.56,TGCGCTGCCCAAC
YFV-62seqs_alignment_820_R_GC_0.62_avg_34.4357_std_5.60971_Tm_38.41,CACGCATTGTCCC
YFV-62seqs_alignment_783_R_GC_0.62_avg_34.4357_std_5.60971_Tm_38.41,AAGAGCGACAGCC
YFV-62seqs_alignment_747_R_GC_0.38_avg_34.4357_std_5.60971_Tm_28.95,GGATATGATTGTG
YFV-62seqs_alignment_711_R_GC_0.54_avg_34.4357_std_5.60971_Tm_35.25,ATGTGAGATGCCC
YFV-62seqs_alignment_695_R_GC_0.46_avg_34.4357_std_5.60971_Tm_32.10,ACCCTCTCTTCAA
YFV-62seqs_alignment_679_R_GC_0.54_avg_34.4357_std_5.60971_Tm_35.25,CTGCTATGCTAGC
YFV-62seqs_alignment_663_R_GC_0.46_avg_34.4357_std_5.60971_Tm_32.10,GAGATGTCTACCT
YFV-62seqs_alignment_649_R_GC_0.54_avg_34.4357_std_5.60971_Tm_35.25,GCCAATGACAGCA
YFV-62seqs_alignment_635_R_GC_0.46_avg_34.4357_std_5.60971_Tm_32.10,AATCACACTTGCC
YFV-62seqs_alignment_622_R_GC_0.54_avg_34.4357_std_5.60971_Tm_35.25,CTCGGGTAGTCAA
YFV-62seqs_alignment_609_R_GC_0.69_avg_34.4357_std_5.60971_Tm_41.56,AGGCTGGGCCAAC
YFV-62seqs_alignment_596_R_GC_0.69_avg_34.4357_std_5.60971_Tm_41.56,CCACGAGACCAGC
YFV-62seqs_alignment_583_R_GC_0.54_avg_34.4357_std_5.60971_Tm_35.25,GGTCTGATCTCCA
YFV-62seqs_alignment_571_R_GC_0.31_avg_34.4357_std_5.60971_Tm_25.79,AACATGAGATATC
YFV-62seqs_alignment_559_R_GC_0.46_avg_34.4357_std_5.60971_Tm_32.10,ACAGCTCAAACTG
YFV-62seqs_alignment_547_R_GC_0.54_avg_34.4357_std_5.60971_Tm_35.25,ACAAGTGTGCGCA
YFV-62seqs_alignment_535_R_GC_0.46_avg_34.4357_std_5.60971_Tm_32.10,TTGTCTGGACCTT
YFV-62seqs_alignment_523_R_GC_0.31_avg_34.4357_std_5.60971_Tm_25.79,TCCTTCATTTTCT
YFV-62seqs_alignment_512_R_GC_0.62_avg_34.4357_std_5.60971_Tm_38.41,GCCACTTGCCATG
YFV-62seqs_alignment_501_R_GC_0.62_avg_34.4357_std_5.60971_Tm_38.41,GACGTGCCACATC
YFV-62seqs_alignment_490_R_GC_0.46_avg_34.4357_std_5.60971_Tm_32.10,GCTGTGAGATCAT
YFV-62seqs_alignment_479_R_GC_0.69_avg_34.4357_std_5.60971_Tm_41.56,TCTGGCCAGCTCC
YFV-62seqs_alignment_468_R_GC_0.54_avg_34.4357_std_5.60971_Tm_35.25,CACATCCTTGGTC
YFV-62seqs_alignment_458_R_GC_0.46_avg_34.4357_std_5.60971_Tm_32.10,ATCAGCAGCATTC
YFV-62seqs_alignment_448_R_GC_0.46_avg_34.4357_std_5.60971_Tm_32.10,TCTTCAAGGATCC
YFV-62seqs_alignment_438_R_GC_0.62_avg_34.4357_std_5.60971_Tm_38.41,TGAAGCATGGCGC
YFV-62seqs_alignment_429_R_GC_0.46_avg_34.4357_std_5.60971_Tm_32.10,CTCCTCCGTTATT
YFV-62seqs_alignment_420_R_GC_0.69_avg_34.4357_std_5.60971_Tm_41.56,GTCACCACCTGCC
YFV-62seqs_alignment_411_R_GC_0.54_avg_34.4357_std_5.60971_Tm_35.25,CAATGCGTCCTCT
YFV-62seqs_alignment_403_R_GC_0.38_avg_34.4357_std_5.60971_Tm_28.95,CCATCATTTTCCT
YFV-62seqs_alignment_395_R_GC_0.54_avg_34.4357_std_5.60971_Tm_35.25,CATCACAGTCCAC
YFV-62seqs_alignment_387_R_GC_0.31_avg_34.4357_std_5.60971_Tm_25.79,TTCTCTATCACAT
YFV-62seqs_alignment_379_R_GC_0.46_avg_34.4357_std_5.60971_Tm_32.10,GGTTTCAGATCCA
YFV-62seqs_alignment_371_R_GC_0.62_avg_34.4357_std_5.60971_Tm_38.41,GCCACAATCACGG
YFV-62seqs_alignment_363_R_GC_0.77_avg_34.4357_std_5.60971_Tm_44.72,CTGGTCCCAGGGC
YFV-62seqs_alignment_356_R_GC_0.46_avg_34.4357_std_5.60971_Tm_32.10,CATCACTGCAAGA
YFV-62seqs_alignment_349_R_GC_0.62_avg_34.4357_std_5.60971_Tm_38.41,AGTGCCATCAGGG
YFV-62seqs_alignment_342_R_GC_0.54_avg_34.4357_std_5.60971_Tm_35.25,TCTACCACCACGT
YFV-62seqs_alignment_335_R_GC_0.38_avg_34.4357_std_5.60971_Tm_28.95,GCCATTCTGAAAT
YFV-62seqs_alignment_329_R_GC_0.38_avg_34.4357_std_5.60971_Tm_28.95,CTAAGGAAAAAGG
YFV-62seqs_alignment_323_R_GC_0.77_avg_34.4357_std_5.60971_Tm_44.72,GGCATCGCCCCTG
YFV-62seqs_alignment_317_R_GC_0.62_avg_34.4357_std_5.60971_Tm_38.41,GCAGGAGGGTCTT
YFV-62seqs_alignment_311_R_GC_0.46_avg_34.4357_std_5.60971_Tm_32.10,CATGTACATGGCA
YFV-62seqs_alignment_305_R_GC_0.54_avg_34.4357_std_5.60971_Tm_35.25,GTTTCTCATGGCC
YFV-62seqs_alignment_299_R_GC_0.46_avg_34.4357_std_5.60971_Tm_32.10,TGAATTCAGCCTC
YFV-62seqs_alignment_293_R_GC_0.38_avg_34.4357_std_5.60971_Tm_28.95,TGATGTCTGTTCT
YFV-62seqs_alignment_287_R_GC_0.54_avg_34.4357_std_5.60971_Tm_35.25,GTGTCATCCGCAT
YFV-62seqs_alignment_281_R_GC_0.62_avg_34.4357_std_5.60971_Tm_38.41,GGGAGCTCACTCA
YFV-62seqs_alignment_275_R_GC_0.38_avg_34.4357_std_5.60971_Tm_28.95,CCACCACATTTTT
YFV-62seqs_alignment_269_R_GC_0.54_avg_34.4357_std_5.60971_Tm_35.25,CTTCCATAGGCCA
YFV-62seqs_alignment_263_R_GC_0.38_avg_34.4357_std_5.60971_Tm_28.95,TGGTGATGGTATT
YFV-62seqs_alignment_258_R_GC_0.46_avg_34.4357_std_5.60971_Tm_32.10,TATGCAATGGGCA
YFV-62seqs_alignment_253_R_GC_0.54_avg_34.4357_std_5.60971_Tm_35.25,TTCTGGCACACTC
YFV-62seqs_alignment_248_R_GC_0.69_avg_34.4357_std_5.60971_Tm_41.56,CCCACCAAGCCAG
YFV-62seqs_alignment_243_R_GC_0.69_avg_34.4357_std_5.60971_Tm_41.56,CCACCAATGCCGC
YFV-62seqs_alignment_238_R_GC_0.31_avg_34.4357_std_5.60971_Tm_25.79,ACTTTTAGATTGG
YFV-62seqs_alignment_233_R_GC_0.46_avg_34.4357_std_5.60971_Tm_32.10,ACTCCTCCTGATA
YFV-62seqs_alignment_228_R_GC_0.38_avg_34.4357_std_5.60971_Tm_28.95,TCCTTATCCAATG
YFV-62seqs_alignment_223_R_GC_0.62_avg_34.4357_std_5.60971_Tm_38.41,AGGTTCCACTGGG
YFV-62seqs_alignment_218_R_GC_0.46_avg_34.4357_std_5.60971_Tm_32.10,GCTAAAATCCCAG
YFV-62seqs_alignment_213_R_GC_0.54_avg_34.4357_std_5.60971_Tm_35.25,AACTCCGTGAGGA
YFV-62seqs_alignment_208_R_GC_0.46_avg_34.4357_std_5.60971_Tm_32.10,CCCTCTTGTGAAA
YFV-62seqs_alignment_203_R_GC_0.54_avg_34.4357_std_5.60971_Tm_35.25,GTACACACAGGTC
YFV-62seqs_alignment_198_R_GC_0.54_avg_34.4357_std_5.60971_Tm_35.25,GCACCTTGTAACC
YFV-62seqs_alignment_193_R_GC_0.38_avg_34.4357_std_5.60971_Tm_28.95,ACAATAGGAGATC
YFV-62seqs_alignment_188_R_GC_0.38_avg_34.4357_std_5.60971_Tm_28.95,GTCTAATCTCCAT
YFV-62seqs_alignment_184_R_GC_0.62_avg_34.4357_std_5.60971_Tm_38.41,GCCATCAAGGGCA
YFV-62seqs_alignment_180_R_GC_0.77_avg_34.4357_std_5.60971_Tm_44.72,GCTGCCCAGCCTC
YFV-62seqs_alignment_176_R_GC_0.46_avg_34.4357_std_5.60971_Tm_32.10,ACCATCCATTGCA
YFV-62seqs_alignment_172_R_GC_0.54_avg_34.4357_std_5.60971_Tm_35.25,GTCTCCTCCATTG
YFV-62seqs_alignment_168_R_GC_0.62_avg_34.4357_std_5.60971_Tm_38.41,CGCATTATCCCCC
YFV-62seqs_alignment_164_R_GC_0.38_avg_34.4357_std_5.60971_Tm_28.95,AACATGAGGTATC
YFV-62seqs_alignment_160_R_GC_0.31_avg_34.4357_std_5.60971_Tm_25.79,GTAGATGTTCTTT
YFV-62seqs_alignment_156_R_GC_0.54_avg_34.4357_std_5.60971_Tm_35.25,TGACAGGGCATCA
YFV-62seqs_alignment_152_R_GC_0.62_avg_34.4357_std_5.60971_Tm_38.41,TCCGACCAAAGCC
YFV-62seqs_alignment_148_R_GC_0.31_avg_34.4357_std_5.60971_Tm_25.79,CAGGAATATGATT
YFV-62seqs_alignment_144_R_GC_0.54_avg_34.4357_std_5.60971_Tm_35.25,TGGGAAGTCTCAG
YFV-62seqs_alignment_140_R_GC_0.69_avg_34.4357_std_5.60971_Tm_41.56,CCCAGGGCCAACA
YFV-62seqs_alignment_136_R_GC_0.62_avg_34.4357_std_5.60971_Tm_38.41,GGAGTCCGGTTCT
YFV-62seqs_alignment_132_R_GC_0.54_avg_34.4357_std_5.60971_Tm_35.25,CAATGGGTGAACC
YFV-62seqs_alignment_129_R_GC_0.62_avg_34.4357_std_5.60971_Tm_38.41,CCAGCAGAGCTGA
YFV-62seqs_alignment_126_R_GC_0.62_avg_34.4357_std_5.60971_Tm_38.41,CCGTGAGAACCAC
YFV-62seqs_alignment_123_R_GC_0.54_avg_34.4357_std_5.60971_Tm_35.25,AAACAGGCAGGTC
YFV-62seqs_alignment_120_R_GC_0.46_avg_34.4357_std_5.60971_Tm_32.10,ATCACCATGCTCA
YFV-62seqs_alignment_114_R_GC_0.54_avg_34.4357_std_5.60971_Tm_35.25,AATCCTCCCCCTT
YFV-62seqs_alignment_111_R_GC_0.54_avg_34.4357_std_5.60971_Tm_35.25,ATGTGGCCCTGTT
YFV-62seqs_alignment_108_R_GC_0.62_avg_34.4357_std_5.60971_Tm_38.41,GGGGGATCACTGT
YFV-62seqs_alignment_105_R_GC_0.54_avg_34.4357_std_5.60971_Tm_35.25,ATGCCTTCGGCTA
YFV-62seqs_alignment_99_R_GC_0.31_avg_34.4357_std_5.60971_Tm_25.79,GTCTAATTTCCAT
YFV-62seqs_alignment_96_R_GC_0.46_avg_34.4357_std_5.60971_Tm_32.10,TCATGGGCTTTTC
YFV-62seqs_alignment_93_R_GC_0.46_avg_34.4357_std_5.60971_Tm_32.10,ACCAGATGGCTTT
YFV-62seqs_alignment_90_R_GC_0.54_avg_34.4357_std_5.60971_Tm_35.25,ACCTGCCAGGATA
YFV-62seqs_alignment_87_R_GC_0.31_avg_34.4357_std_5.60971_Tm_25.79,TACAGCTCAAATT
YFV-62seqs_alignment_85_R_GC_0.46_avg_34.4357_std_5.60971_Tm_32.10,GTCAGTTATCCCA
